Episode,Kick_Speed,NN_start_speed,CRS_speed,location_of_patch,friction,Rewards,Stop_Distance
0,33.39,33.39,0.0,42.96,0.58,-114.78,46.47
1,26.42,26.42,0.0,18.45,0.66,-234.47,66.75
2,13.17,13.17,0.0,71.85,0.22,-442.15,89.57
3,32.93,32.93,0.0,57.52,0.49,-134.01,48.44
4,30.07,30.07,0.0,51.39,0.45,-150.67,54.95
5,10.24,10.24,0.0,86.92,0.46,-412.28,92.91
6,43.86,43.86,0.0,43.31,0.55,-23.79,23.44
7,41.7,41.7,0.0,99.41,0.55,-24.32,18.68
8,36.36,35.64,0.0,28.04,0.49,-86.72,43.34
9,39.56,39.56,0.0,21.57,0.66,-74.92,41.92
10,10.79,10.79,0.0,50.11,0.3,-401.79,92.34
11,15.74,15.74,0.0,74.22,0.74,-379.05,86.04
12,15.13,15.13,0.0,59.7,0.36,-394.38,86.92
13,29.77,29.77,0.0,84.65,0.6,-175.12,57.11
14,43.83,43.83,0.0,52.87,0.62,-10.65,20.18
15,5.93,5.93,0.0,25.95,0.32,-490.31,97.02
16,44.85,44.85,0.0,52.08,0.59,-23.15,18.39
17,28.41,28.41,0.0,26.9,0.83,-165.26,61.3
18,23.18,23.18,0.0,96.06,0.4,-247.27,72.68
19,44.62,44.62,0.0,39.9,0.56,-23.79,23.43
20,43.71,43.71,0.0,54.39,0.52,-11.23,20.35
21,11.6,11.6,0.0,56.86,0.59,-375.91,90.9
22,18.12,18.12,0.0,39.47,0.32,-315.75,82.26
23,7.08,7.08,0.0,94.33,0.48,-474.16,96.19
24,39.26,39.26,0.0,35.13,0.38,-71.87,36.47
25,12.04,12.04,0.0,95.78,0.44,-366.55,90.37
26,20.33,19.8,0.0,76.0,0.47,-317.82,77.38
27,8.26,8.26,0.0,50.99,0.42,-446.49,94.75
28,5.73,5.73,0.0,75.09,0.5,-491.95,97.11
29,9.95,9.95,0.0,66.21,0.69,-417.58,93.2
30,42.93,42.93,0.0,57.69,0.64,-14.14,21.13
31,29.73,29.73,0.0,34.84,0.45,-142.19,54.17
32,14.61,14.61,0.0,82.84,0.38,-407.5,87.66
33,40.32,40.32,0.0,69.18,0.46,-14.48,21.22
34,20.02,20.02,0.0,32.48,0.51,-327.2,77.97
35,12.67,12.67,0.0,69.57,0.51,-363.43,90.2
36,14.52,14.52,0.0,15.91,0.26,-409.61,87.78
37,17.03,17.03,0.0,44.8,0.35,-345.19,84.05
38,34.17,34.17,0.0,55.53,0.65,-85.32,43.17
39,22.03,22.03,0.0,88.85,0.57,-281.98,75.05
40,42.71,42.71,0.0,4.13,0.69,-11.43,15.06
41,42.97,42.97,0.0,20.94,0.53,-50.52,33.41
42,16.54,16.54,0.0,58.85,0.58,-358.12,84.82
43,5.77,5.77,0.0,73.82,0.6,-491.6,97.09
44,38.32,38.32,0.0,97.14,0.53,-41.14,31.92
45,28.25,28.25,0.0,86.44,0.58,-161.79,61.01
46,16.56,16.56,0.0,17.66,0.35,-357.77,84.79
47,27.2,27.2,0.0,22.89,0.52,-196.83,63.88
48,19.48,19.48,0.0,59.58,0.56,-343.46,78.99
49,26.77,26.77,0.0,86.94,0.46,-206.47,64.63
50,19.98,19.98,0.0,79.63,0.58,-343.28,78.98
51,37.66,37.66,0.0,48.8,0.58,-63.33,35.3
52,22.91,22.33,0.0,86.59,0.45,-240.21,72.19
53,7.94,7.94,0.0,56.14,0.51,-451.55,95.02
54,9.17,9.17,0.0,69.04,0.5,-431.48,93.95
55,36.93,36.93,0.0,64.03,0.49,-53.62,33.88
56,25.08,24.47,0.0,60.68,0.32,-243.06,67.38
57,16.65,16.65,0.0,63.43,0.45,-355.27,84.65
58,12.72,12.72,0.0,39.88,0.77,-362.21,90.13
59,29.72,29.72,0.0,6.43,0.34,-220.08,65.67
60,22.75,22.75,0.0,5.15,0.28,-304.5,76.53
61,34.48,34.48,0.0,71.92,0.54,-91.74,43.92
62,41.67,41.67,0.0,41.73,0.66,-57.31,29.58
63,8.48,8.48,0.0,95.51,0.64,-443.02,94.57
64,5.12,5.12,0.0,52.9,0.32,-489.22,96.97
65,31.43,31.43,0.0,73.96,0.41,-126.34,52.66
66,20.64,20.64,0.0,4.5,0.45,-350.58,79.43
67,28.96,28.96,0.0,97.19,0.31,-200.28,59.22
68,38.38,38.38,0.0,82.17,0.41,-30.18,30.03
69,5.41,5.41,0.0,69.9,0.26,-485.93,96.8
70,37.13,37.13,0.0,90.83,0.75,-66.57,35.75
71,19.16,19.16,0.0,90.49,0.43,-287.07,80.45
72,16.02,16.02,0.0,88.86,0.34,-371.74,85.61
73,30.13,30.13,0.0,27.96,0.56,-162.16,55.98
74,25.35,24.74,0.0,92.76,0.44,-234.64,66.76
75,24.89,24.89,0.0,97.87,0.52,-265.37,68.98
76,20.28,20.28,0.0,52.68,0.29,-334.35,78.42
77,18.74,18.74,0.0,6.6,0.46,-295.83,81.01
78,33.88,33.88,0.0,63.18,0.62,-93.76,44.16
79,37.72,37.72,0.0,15.58,0.56,-126.22,47.66
80,28.37,28.37,0.0,71.81,0.73,-158.29,60.71
81,36.16,36.16,0.0,9.4,0.4,-123.55,52.39
82,29.92,29.92,0.0,82.98,0.3,-170.77,56.73
83,38.93,38.93,0.0,83.73,0.65,-59.51,29.92
84,24.58,24.58,0.0,33.8,0.45,-275.32,69.68
85,40.82,40.82,0.0,81.46,0.76,-24.34,23.56
86,26.58,26.58,0.0,85.7,0.51,-212.4,65.09
87,17.06,16.58,0.0,40.35,0.49,-318.02,82.4
88,30.61,30.61,0.0,5.66,0.31,-197.14,63.9
89,11.57,11.57,0.0,77.98,0.33,-376.56,90.94
90,13.51,13.51,0.0,54.51,0.45,-433.99,89.13
91,25.57,25.57,0.0,23.76,0.3,-212.14,65.07
92,42.32,42.32,0.0,47.09,0.7,-39.4,26.56
93,34.35,34.35,0.0,82.21,0.5,-95.22,44.32
94,26.01,26.01,0.0,64.4,0.47,-229.92,66.41
95,8.35,8.14,0.0,48.31,0.57,-430.04,93.87
96,37.97,37.97,0.0,65.18,0.29,-50.01,28.4
97,33.98,33.98,0.0,30.51,0.32,-136.82,48.72
98,21.7,21.7,0.0,11.85,0.5,-291.21,75.66
99,31.01,31.01,0.0,14.31,0.59,-208.85,59.91
100,14.4,14.4,0.0,86.02,0.78,-412.75,87.95
101,40.94,40.94,0.0,32.48,0.58,-54.39,34.0
102,12.71,12.71,0.0,63.07,0.42,-362.55,90.15
103,23.22,23.22,0.0,56.32,0.69,-246.23,72.61
104,25.98,25.98,0.0,3.88,0.43,-258.95,73.49
105,9.15,9.15,0.0,14.16,0.53,-431.77,93.97
106,28.05,28.05,0.0,86.88,0.72,-167.82,61.52
107,30.27,30.27,0.0,56.8,0.51,-160.12,55.8
108,17.06,17.06,0.0,14.24,0.52,-281.04,80.07
109,32.28,31.59,0.0,54.29,0.47,-137.99,48.84
110,22.49,22.49,0.0,3.67,0.62,-337.08,78.59
111,16.6,16.6,0.0,4.44,0.53,-347.62,84.19
112,5.67,5.67,0.0,55.9,0.83,-493.33,97.18
113,34.0,34.0,0.0,74.77,0.24,-104.37,45.34
114,7.65,7.65,0.0,49.73,0.45,-462.91,95.61
115,13.37,13.37,0.0,13.19,0.75,-437.39,89.31
116,12.61,12.61,0.0,14.06,0.33,-364.74,90.27
117,22.3,22.3,0.0,6.57,0.77,-320.4,77.55
118,33.81,33.81,0.0,26.98,0.55,-108.14,50.85
119,40.3,40.3,0.0,93.5,0.43,-33.05,25.36
120,8.6,8.35,0.0,44.71,0.58,-433.3,94.05
121,43.0,43.0,0.0,56.58,0.46,-12.22,20.62
122,5.7,5.7,0.0,98.57,0.38,-486.47,96.83
123,43.56,42.79,0.0,18.96,0.4,-42.9,32.21
124,5.95,5.95,0.0,97.82,0.54,-490.14,97.01
125,32.35,32.35,0.0,1.31,0.47,-154.4,55.29
126,27.55,27.55,0.0,58.12,0.36,-182.58,62.74
127,39.26,39.26,0.0,74.69,0.55,-52.69,28.85
128,18.49,18.49,0.0,58.83,0.53,-305.8,81.64
129,32.28,32.28,0.0,26.01,0.31,-136.24,53.61
130,26.08,25.45,0.0,11.5,0.33,-255.26,68.26
131,35.99,35.27,0.0,84.67,0.3,-81.49,37.73
132,6.56,6.56,0.0,53.7,0.66,-480.99,96.55
133,31.87,31.87,0.0,30.74,0.74,-129.16,52.93
134,17.94,17.46,0.0,93.18,0.55,-307.1,81.72
135,9.19,9.19,0.0,94.78,0.45,-431.09,93.93
136,34.4,34.4,0.0,51.2,0.25,-61.47,40.2
137,40.79,40.79,0.0,37.17,0.46,-45.46,32.62
138,9.28,9.28,0.0,6.37,0.33,-425.89,88.68
139,10.37,10.37,0.0,48.09,0.27,-409.89,92.78
140,21.08,21.08,0.0,21.84,0.56,-251.79,73.0
141,12.82,12.82,0.0,11.72,0.52,-437.65,89.33
142,43.65,43.65,-0.0,87.2,0.69,-4.39,12.37
143,12.01,12.01,-0.0,16.14,0.68,-377.27,90.98
144,32.32,32.32,-0.0,68.32,0.33,-101.64,50.17
145,13.52,13.52,-0.0,41.04,0.5,-433.74,89.11
146,14.7,14.7,-0.0,41.93,0.56,-405.19,87.53
147,16.21,15.75,-0.0,85.58,0.5,-341.15,83.8
148,22.05,22.05,-0.0,69.34,0.55,-265.96,73.97
149,33.95,33.95,-0.0,31.93,0.64,-132.69,48.31
150,22.36,22.36,-0.0,87.91,0.49,-272.04,74.38
151,20.98,20.98,-0.0,60.77,0.42,-313.57,77.11
152,44.04,44.04,-0.0,25.8,0.46,-54.62,29.16
153,20.81,20.81,-0.0,88.06,0.52,-303.56,76.47
154,38.46,38.46,-0.0,66.72,0.38,-42.78,27.16
155,12.19,12.19,-0.0,45.46,0.38,-363.28,90.19
156,41.62,41.62,-0.0,12.49,0.34,-89.07,38.68
157,34.71,34.71,-0.0,27.4,0.67,-140.7,49.1
158,26.05,26.05,-0.0,62.48,0.55,-228.87,66.33
159,16.3,16.3,-0.0,97.6,0.48,-364.48,85.19
160,29.67,29.67,-0.0,23.97,0.74,-151.53,60.13
161,43.33,43.33,-0.0,35.99,0.57,-40.07,26.68
162,32.58,32.58,-0.0,37.02,0.43,-143.96,49.42
163,29.94,29.94,-0.0,54.29,0.45,-170.0,56.67
164,42.26,42.26,-0.0,64.45,0.55,-10.8,20.23
165,11.55,11.24,-0.0,2.22,0.51,-360.31,90.02
166,10.69,10.69,-0.0,64.12,0.37,-403.78,92.45
167,8.82,8.82,-0.0,36.2,0.38,-429.43,93.84
168,29.43,29.43,-0.0,7.59,0.49,-223.24,65.91
169,5.54,5.54,-0.0,55.58,0.69,-494.37,97.23
170,10.4,10.4,-0.0,43.54,0.49,-409.21,92.75
171,35.72,35.72,-0.0,65.73,0.19,-61.22,40.16
172,6.5,6.5,-0.0,5.59,0.51,-477.57,96.37
173,24.1,24.1,-0.0,88.57,0.42,-219.88,70.73
174,27.95,27.31,-0.0,53.34,0.74,-155.41,60.47
175,31.73,31.73,-0.0,55.79,0.05,-117.88,51.83
176,27.34,27.34,-0.0,67.83,0.39,-189.12,63.26
177,33.34,33.34,-0.0,69.76,0.49,-122.36,47.26
178,14.95,14.95,-0.0,14.97,0.42,-392.84,86.83
179,44.65,43.87,10.7,78.72,0.32,0,6.82
180,22.69,22.69,10.7,58.88,0.6,-262.04,73.7
181,20.55,20.55,10.7,67.09,0.43,-326.31,77.92
182,36.55,36.55,10.7,92.93,0.69,-80.53,37.61
183,11.28,11.28,10.7,80.46,0.59,-392.17,91.81
184,32.27,32.27,10.7,85.64,0.67,-102.95,50.31
185,35.88,35.88,10.7,28.65,0.74,-115.41,46.53
186,24.15,24.15,10.7,94.97,0.42,-218.44,70.62
187,35.46,35.46,10.7,60.22,0.93,-64.15,40.55
188,10.58,10.58,10.7,76.24,0.5,-405.83,92.56
189,37.52,37.52,10.7,62.54,0.19,-58.77,29.81
190,38.99,38.99,10.7,25.27,0.41,-62.7,40.36
191,10.03,10.03,10.7,74.29,0.66,-416.11,93.12
192,18.14,18.14,10.7,78.69,0.54,-315.34,82.23
193,18.32,18.32,10.7,44.48,0.44,-296.63,81.06
194,12.26,12.26,10.7,83.76,0.99,-372.07,90.69
195,9.74,9.74,10.7,55.18,0.64,-421.35,93.41
196,21.61,21.61,10.7,41.22,0.62,-294.46,75.87
197,29.65,29.65,10.7,87.74,0.38,-178.85,57.43
198,26.22,26.22,10.7,53.01,0.53,-223.55,65.94
199,27.17,27.17,10.7,8.46,0.58,-253.92,68.17
200,23.41,23.41,10.7,99.63,0.18,-225.18,71.11
201,10.28,10.28,10.7,46.03,0.56,-411.65,92.88
202,11.5,11.5,10.7,63.45,0.64,-387.75,91.56
203,21.14,21.14,10.7,2.39,0.58,-298.15,81.16
204,44.41,44.41,0.0,76.9,0.55,-0.63,10.4
205,33.6,33.6,0.0,61.33,0.72,-115.19,46.51
206,6.03,6.03,0.0,84.56,0.35,-488.04,96.91
207,7.19,7.19,0.0,59.26,0.56,-472.84,96.13
208,33.32,33.32,0.0,44.65,0.65,-109.22,45.87
209,39.94,39.19,0.0,22.77,0.4,-76.65,37.1
210,22.93,22.93,0.0,65.26,0.87,-239.72,72.15
211,5.55,5.55,0.0,76.76,0.44,-487.89,96.9
212,36.45,36.45,0.0,79.82,0.39,-82.78,37.9
213,20.13,20.13,0.0,9.37,0.72,-342.99,78.96
214,29.86,29.86,0.0,93.7,0.61,-157.02,55.52
215,16.3,16.3,0.0,37.28,0.29,-364.53,85.19
216,13.39,13.39,0.0,68.31,0.63,-436.88,89.29
217,15.28,15.28,0.0,25.44,0.57,-390.79,86.71
218,29.32,29.32,0.0,17.04,0.58,-173.49,61.99
219,40.53,40.53,0.0,22.19,0.42,-89.76,38.77
220,21.25,21.25,0.0,92.18,0.64,-290.2,75.59
221,7.72,7.72,0.0,31.29,0.62,-462.16,95.57
222,30.66,30.66,0.0,46.26,0.56,-132.97,53.3
223,38.75,38.75,0.0,43.68,0.34,-57.97,34.53
224,26.2,26.2,0.0,78.25,0.37,-208.26,64.77
225,42.65,42.65,0.0,40.51,0.45,-41.86,27.0
226,38.09,38.09,0.0,19.52,0.46,-94.16,44.2
227,15.66,15.66,0.0,16.6,0.84,-381.0,86.15
228,44.7,43.92,0.0,8.66,0.48,-19.27,17.39
229,24.21,24.21,0.0,87.62,0.41,-216.59,70.49
230,10.73,10.73,0.0,97.1,0.75,-403.03,92.41
231,37.99,37.99,0.0,98.61,0.45,-47.8,32.99
232,19.61,19.1,0.0,51.2,0.3,-339.42,78.74
233,44.76,44.76,0.0,37.53,0.66,-23.09,23.28
234,27.03,27.03,0.0,53.76,0.88,-198.62,64.02
235,39.51,39.51,0.0,58.46,0.33,-37.14,26.14
236,25.53,25.53,0.0,38.47,0.46,-245.14,67.53
237,17.32,17.32,0.0,83.69,0.59,-337.38,83.58
238,29.19,29.19,0.0,87.4,0.63,-193.12,58.63
239,42.6,42.6,0.0,46.3,0.41,-32.62,25.27
240,27.19,27.19,0.0,38.25,0.5,-152.58,60.22
241,5.18,5.18,0.0,55.39,0.31,-488.54,96.93
242,18.74,18.74,0.0,51.31,0.42,-285.0,80.32
243,39.67,39.67,0.0,97.27,0.05,-34.94,25.72
244,7.17,7.17,0.0,2.5,0.8,-436.62,94.23
245,42.79,42.79,0.0,84.86,0.3,-9.24,14.31
246,30.12,30.12,0.0,79.79,0.78,-164.7,56.2
247,32.22,32.22,0.0,92.7,0.52,-104.53,50.47
248,28.22,28.22,0.0,44.39,0.65,-162.84,61.1
249,34.72,34.72,0.0,16.37,0.33,-120.77,52.12
250,33.3,33.3,0.0,49.62,0.72,-97.25,44.55
251,30.87,30.87,0.0,38.94,0.33,-113.44,51.38
252,6.77,6.77,0.0,56.34,0.59,-478.91,96.44
253,7.19,7.19,0.0,25.95,0.42,-472.95,96.13
254,19.13,19.13,0.0,86.32,0.37,-287.95,80.51
255,10.21,10.21,0.0,95.45,0.52,-412.81,92.94
256,24.9,24.9,0.0,63.59,0.3,-265.12,68.96
257,16.23,16.23,0.0,93.07,0.46,-366.36,85.3
258,14.59,14.59,0.0,63.47,0.38,-408.06,87.69
259,25.42,25.42,0.0,4.06,0.52,-262.41,73.73
260,16.85,16.85,0.0,70.31,0.53,-350.07,84.34
261,44.73,43.95,0.0,29.49,0.45,-29.53,24.65
262,40.78,40.78,0.0,35.91,0.38,-46.7,32.82
263,35.54,35.54,0.0,73.41,0.56,-65.47,40.72
264,43.32,43.32,0.0,85.11,0.42,-0.74,10.47
265,35.1,35.1,0.0,55.06,0.55,-88.72,38.64
266,9.22,9.22,0.0,86.75,0.73,-430.62,93.9
267,22.63,22.63,0.0,1.47,0.84,-294.42,75.87
268,24.57,24.57,0.0,70.92,0.51,-275.45,69.69
269,31.04,31.04,0.0,68.54,0.52,-122.84,52.32
270,14.14,14.14,0.0,24.51,0.57,-419.0,88.3
271,26.69,26.69,0.0,91.48,0.48,-208.86,64.82
272,42.06,42.06,0.0,99.7,0.54,-26.61,19.23
273,9.5,9.23,0.0,64.8,0.5,-417.27,93.19
274,28.99,28.99,0.0,23.61,0.63,-157.3,60.63
275,5.44,5.35,0.0,68.04,0.49,-484.95,96.75
276,14.93,14.93,0.0,92.29,0.64,-399.61,87.21
277,28.19,28.19,0.0,4.21,0.19,-265.68,69.0
278,24.6,24.0,0.0,97.9,0.19,-258.3,68.48
279,7.72,7.48,0.0,30.04,0.33,-440.24,94.42
280,43.64,43.64,0.0,66.52,0.96,-19.32,17.4
281,44.08,44.08,0.0,17.58,0.51,-31.99,30.36
282,19.11,19.11,0.0,58.64,0.51,-354.35,79.66
283,27.85,27.21,0.0,92.41,0.67,-158.42,60.73
284,9.2,9.2,0.0,46.26,0.62,-430.93,93.92
285,40.17,40.17,0.0,22.67,0.3,-89.79,38.77
286,41.15,41.15,0.0,92.52,0.39,-12.15,20.6
287,23.5,23.5,0.0,74.86,0.69,-237.72,72.01
288,41.47,41.47,0.0,62.75,0.31,-17.41,21.95
289,5.41,5.41,0.0,46.1,0.54,-486.05,96.81
290,30.66,30.66,0.0,44.51,0.69,-122.55,52.29
291,37.62,37.62,0.0,72.77,0.36,-55.74,34.2
292,15.67,15.67,0.0,87.28,0.59,-380.7,86.13
293,42.31,42.31,0.0,73.62,0.33,-14.76,16.11
294,21.83,21.83,0.0,12.31,0.45,-276.1,74.66
295,32.64,32.64,0.0,1.76,0.55,-147.25,54.63
296,21.48,21.48,0.0,88.69,0.63,-283.27,75.13
297,30.23,30.23,0.0,1.92,0.56,-155.2,60.45
298,20.12,20.12,0.0,12.24,0.59,-320.57,77.56
299,34.1,33.4,0.0,73.1,0.44,-88.07,43.5
300,14.68,14.68,0.0,21.0,0.43,-405.77,87.56
301,6.51,6.51,0.0,73.11,0.31,-474.63,96.22
302,37.46,37.46,0.0,10.7,0.35,-142.82,49.31
303,12.35,12.35,0.0,18.72,0.57,-370.26,90.58
304,14.72,14.32,0.0,8.79,0.34,-320.4,82.54
305,7.79,7.79,0.0,42.76,0.63,-460.14,95.47
306,28.38,28.38,0.0,23.75,0.24,-209.19,59.93
307,32.73,32.73,0.0,24.38,0.51,-135.82,53.57
308,39.08,39.08,0.0,99.76,0.34,-45.9,27.71
309,44.12,44.12,0.0,16.53,0.54,-48.6,33.12
310,40.78,40.78,0.0,12.81,0.6,-72.94,41.67
311,18.71,18.71,0.0,89.21,0.53,-299.53,81.24
312,40.06,40.06,0.0,9.67,0.51,-102.63,45.15
313,36.46,36.46,0.0,5.83,0.64,-141.67,54.12
314,42.58,42.58,0.0,26.43,0.18,-31.25,30.23
315,12.6,12.6,0.0,33.68,0.44,-364.78,90.27
316,25.51,25.51,0.0,42.24,0.38,-245.63,67.57
317,41.69,41.69,0.0,76.49,0.18,-13.82,15.82
318,27.37,27.37,0.0,1.76,0.36,-252.74,73.06
319,24.28,23.68,0.0,5.45,0.57,-274.92,74.58
320,40.35,40.35,0.0,41.88,0.73,-47.76,32.99
321,27.59,27.59,0.0,85.53,0.36,-181.46,62.64
322,17.49,17.49,0.0,6.7,0.37,-301.71,81.38
323,17.61,17.61,0.0,4.66,0.73,-337.23,83.57
324,16.36,16.36,0.0,96.81,0.38,-362.91,85.1
325,15.6,15.6,0.0,97.55,0.38,-382.45,86.23
326,40.76,40.76,0.0,69.2,0.39,-14.52,21.23
327,18.04,18.04,0.0,88.79,0.47,-318.05,82.4
328,12.11,12.11,0.0,7.69,0.74,-402.01,87.35
329,19.48,19.48,0.0,23.95,0.59,-358.33,79.9
330,23.37,23.37,0.0,34.0,0.4,-241.71,72.29
331,30.49,30.49,0.0,87.88,0.22,-153.51,55.21
332,22.73,22.73,0.0,87.91,0.34,-260.84,73.62
333,20.9,20.9,0.0,99.22,0.67,-316.04,77.27
334,10.52,10.52,0.0,49.77,0.35,-406.97,92.62
335,41.19,41.19,0.0,31.0,0.53,-50.76,33.45
336,32.83,32.83,0.0,36.47,0.24,-131.81,48.22
337,21.17,21.17,0.0,34.03,0.47,-307.86,76.74
338,43.07,42.3,0.0,62.99,0.61,-16.0,16.47
339,37.33,37.33,0.0,92.3,0.32,-62.28,35.15
340,5.0,5.0,0.0,33.01,0.49,-490.53,97.03
341,35.02,35.02,0.0,86.28,0.46,-78.0,42.29
342,5.79,5.79,0.0,45.78,0.33,-491.43,97.08
343,28.35,28.35,0.0,39.99,0.53,-194.93,58.78
344,35.05,35.05,0.0,78.59,0.45,-64.78,40.63
345,14.47,14.47,0.0,71.23,0.52,-410.91,87.85
346,15.46,15.46,0.0,16.87,0.66,-386.21,86.45
347,8.51,8.51,0.0,83.3,0.3,-442.61,94.54
348,37.8,37.8,0.0,39.4,0.51,-86.43,38.36
349,10.65,10.65,0.0,73.93,0.61,-404.6,92.5
350,25.68,25.68,0.0,86.71,0.73,-240.48,67.19
351,36.82,36.82,0.0,27.65,0.75,-105.75,45.5
352,19.07,19.07,0.0,29.19,0.31,-355.57,79.73
353,26.82,26.82,0.0,94.16,0.57,-204.8,64.5
354,19.12,19.12,0.0,62.3,0.34,-288.46,80.54
355,31.46,31.46,0.0,13.65,0.38,-206.94,59.75
356,28.27,28.27,0.0,40.55,0.21,-183.51,57.82
357,17.98,17.5,0.0,44.3,0.58,-305.91,81.65
358,28.4,28.4,0.0,36.03,0.44,-175.35,57.13
359,27.06,27.06,0.0,2.65,0.6,-251.2,72.95
360,5.59,5.49,0.0,62.06,0.86,-483.43,96.67
361,6.61,6.39,0.0,87.95,0.11,-473.53,96.16
362,19.06,19.06,0.0,92.05,0.57,-290.12,80.65
363,37.83,37.83,0.0,59.18,0.54,-36.67,31.17
364,44.34,44.34,-0.01,70.19,0.44,-5.08,12.67
365,12.74,12.74,-0.01,65.61,0.62,-361.87,90.11
366,44.39,44.39,-0.01,21.28,0.84,-19.39,17.42
367,44.71,44.71,-0.01,56.75,0.33,-11.59,15.11
368,26.28,25.66,-0.01,46.52,0.3,-190.43,63.37
369,16.92,16.92,-0.01,92.03,0.44,-334.75,83.42
370,7.28,7.28,-0.01,74.56,0.72,-470.09,95.98
371,33.92,33.92,-0.01,91.82,0.5,-106.45,45.57
372,11.5,11.5,-0.01,8.82,0.64,-443.95,89.67
373,11.11,11.11,-0.01,81.07,0.44,-395.55,92.0
374,42.9,42.9,-0.01,47.9,0.3,-24.66,23.63
375,28.56,28.56,-0.01,41.31,0.35,-194.84,58.77
376,44.33,44.33,-0.0,71.79,0.46,-4.79,12.55
377,9.33,9.33,-0.0,61.14,0.68,-428.55,93.79
378,21.56,21.01,-0.0,92.73,0.38,-280.74,74.97
379,35.52,34.8,-0.0,64.91,0.41,-80.56,37.61
380,40.2,40.2,-0.0,99.05,0.67,-34.62,25.66
381,33.97,33.97,-0.0,21.87,0.54,-116.29,51.67
382,6.26,6.26,-0.0,12.82,0.37,-483.95,96.7
383,39.73,38.98,-0.0,46.08,0.51,-56.93,29.52
384,43.12,43.12,-0.0,35.33,0.67,-53.68,29.01
385,24.81,24.81,-0.0,92.34,0.49,-267.96,69.16
386,20.18,20.18,-0.0,45.69,0.52,-337.4,78.61
387,14.84,14.84,-0.0,64.01,0.47,-401.69,87.33
388,17.53,17.53,-0.0,74.62,0.64,-331.74,83.24
389,39.58,39.58,-0.0,99.77,0.39,-46.2,27.76
390,13.93,13.93,-0.0,63.99,0.59,-424.19,88.59
391,33.61,33.61,-0.0,34.5,0.7,-140.13,49.05
392,11.33,11.33,-0.0,2.23,0.61,-367.51,90.43
393,39.23,38.49,-0.0,3.17,0.48,-42.83,27.17
394,16.35,16.35,-0.0,35.01,0.6,-363.24,85.12
395,16.21,16.21,-0.0,1.92,0.59,-380.72,86.13
396,6.57,6.57,-0.0,96.2,0.21,-480.84,96.54
397,6.28,6.28,-0.0,43.15,0.53,-483.78,96.69
398,30.97,30.97,-0.0,28.82,0.6,-160.08,55.79
399,9.98,9.98,-0.0,81.06,0.63,-417.08,93.18
400,33.11,33.11,-0.0,14.5,0.65,-163.23,56.07
401,8.58,8.58,-0.0,36.7,0.63,-441.46,94.48
402,37.21,37.21,-0.0,81.27,0.41,-64.92,35.52
403,28.61,28.61,-0.0,88.83,0.55,-195.1,58.79
404,17.19,17.19,-0.0,79.6,0.65,-340.99,83.8
405,25.2,25.2,-0.0,66.73,0.39,-239.6,67.13
406,22.63,22.63,-0.0,84.95,0.43,-263.77,73.82
407,44.82,44.82,-0.0,46.06,0.4,-28.41,19.64
408,21.69,21.69,-0.0,11.49,0.64,-293.27,75.79
409,29.05,29.05,-0.0,95.11,0.6,-197.36,58.98
410,28.79,28.79,-0.0,62.37,0.65,-189.5,58.33
411,18.05,18.05,-0.0,97.5,0.46,-317.82,82.38
412,20.74,20.74,-0.0,67.52,0.47,-320.88,77.58
413,35.47,35.47,-0.0,47.34,0.72,-68.38,41.09
414,32.92,32.92,-0.0,8.39,0.41,-194.67,58.76
415,16.77,16.77,-0.0,3.72,0.6,-356.07,84.69
416,6.31,6.31,-0.0,63.22,0.66,-478.41,96.41
417,17.05,17.05,-0.0,60.65,0.43,-344.7,84.02
418,42.35,42.35,-0.0,60.24,0.36,-14.02,21.1
419,24.21,24.21,-0.0,21.74,0.41,-244.52,67.49
420,32.93,32.93,-0.0,83.44,0.5,-133.97,48.44
421,9.11,9.11,-0.0,93.78,0.45,-432.55,94.01
422,38.17,38.17,-0.0,81.28,0.53,-44.21,32.42
423,41.21,41.21,-0.0,96.76,0.34,-18.48,22.21
424,17.1,17.1,-0.0,85.33,0.43,-343.24,83.93
425,6.91,6.91,-0.0,64.57,0.54,-470.22,95.99
426,13.45,13.45,-0.0,57.09,0.23,-435.48,89.21
427,34.03,34.03,-0.0,45.86,0.41,-87.02,43.37
428,43.34,43.34,-0.01,72.05,0.4,-8.1,13.89
429,43.52,43.52,-0.0,79.65,0.52,-2.71,11.56
430,29.41,29.41,-0.0,48.66,0.64,-170.64,56.72
431,11.97,11.97,-0.0,2.36,0.43,-441.08,89.52
432,33.02,33.02,-0.0,65.54,0.62,-131.37,48.18
433,41.52,41.52,-0.0,89.69,0.58,-14.13,21.12
434,8.45,8.45,-0.0,95.45,0.63,-435.79,94.18
435,37.62,37.62,-0.0,40.29,0.36,-83.37,37.97
436,23.99,23.99,-0.0,24.7,0.52,-250.35,67.91
437,23.69,23.69,-0.0,99.44,0.45,-232.1,71.61
438,41.23,41.23,-0.0,30.68,0.71,-62.62,35.19
439,20.07,20.07,-0.0,2.04,0.47,-318.52,82.43
440,21.87,21.87,-0.0,66.53,0.7,-286.65,75.36
441,20.2,20.2,-0.0,88.66,0.53,-336.93,78.58
442,43.23,43.23,-0.0,50.09,0.65,-23.62,23.4
443,10.87,10.87,-0.0,33.3,0.56,-400.24,92.26
444,5.83,5.83,-0.0,5.75,0.3,-485.33,96.77
445,9.45,9.45,-0.0,36.92,0.62,-418.24,93.24
446,5.7,5.7,-0.0,95.72,0.47,-486.5,96.83
447,43.1,43.1,-0.0,39.12,0.34,-35.38,25.81
448,29.87,29.2,-0.0,5.14,0.66,-192.96,58.61
449,12.42,12.42,-0.0,6.12,0.34,-386.91,86.49
450,32.61,31.91,-0.0,82.11,0.71,-128.55,47.89
451,23.59,23.59,-0.0,17.27,0.5,-223.4,70.98
452,31.47,30.78,-0.0,54.25,0.5,-146.91,49.7
453,34.25,34.25,-0.0,35.35,0.49,-117.13,46.72
454,13.33,12.97,-0.0,7.85,0.48,-362.15,85.05
455,42.21,41.45,-0.0,49.92,0.74,-27.68,24.27
456,29.95,29.95,-0.0,83.35,0.3,-169.82,56.65
457,6.53,6.53,-0.0,57.94,0.45,-481.35,96.56
458,24.73,24.73,-0.0,47.74,0.36,-254.32,68.2
459,20.16,20.16,-0.0,38.41,0.35,-323.01,77.71
460,44.57,44.57,0.0,98.88,0.44,-0.25,10.16
461,21.6,21.6,0.0,98.55,0.24,-294.8,75.9
462,6.2,6.2,0.0,39.04,0.55,-484.61,96.73
463,43.03,43.03,0.0,61.63,0.65,-26.47,19.19
464,27.26,27.26,0.0,31.55,0.46,-154.76,60.41
465,23.88,23.88,0.0,75.76,0.48,-226.29,71.19
466,17.06,17.06,0.0,33.43,0.66,-344.44,84.0
467,41.73,40.96,0.0,60.59,0.43,-12.95,20.81
468,39.09,39.09,0.0,40.62,0.22,-60.51,34.89
469,39.4,39.4,0.0,48.39,0.7,-45.6,32.65
470,20.4,20.4,0.0,69.33,0.5,-315.9,77.26
471,18.57,18.57,0.0,12.94,0.52,-338.74,78.7
472,27.67,27.03,0.0,34.9,0.3,-175.03,57.1
473,30.01,30.01,0.0,53.52,0.51,-152.64,55.13
474,18.84,18.84,0.0,74.16,0.61,-296.15,81.03
475,31.91,31.91,0.0,63.19,0.55,-112.87,51.33
476,39.23,38.48,0.0,81.92,0.63,-43.02,27.21
477,14.26,14.26,0.0,66.41,0.85,-404.0,87.46
478,37.59,37.59,0.0,65.11,0.42,-58.17,29.72
479,11.55,11.23,0.0,34.19,0.39,-367.24,90.41
480,13.73,13.73,0.0,91.18,0.49,-428.77,88.84
481,16.03,16.03,0.0,75.08,0.85,-371.57,85.6
482,39.87,39.87,0.0,59.87,0.47,-40.65,26.78
483,37.67,37.67,0.0,77.05,0.61,-54.65,34.04
484,35.66,35.66,0.0,86.41,0.48,-62.72,40.36
485,43.62,43.62,-0.0,75.74,0.44,-4.88,12.58
486,18.93,18.93,-0.0,54.95,0.4,-293.66,80.87
487,42.56,42.56,-0.0,68.25,0.56,-21.7,18.03
488,30.92,30.92,-0.0,73.63,0.68,-126.11,52.64
489,29.94,29.94,-0.0,77.17,0.56,-154.53,55.3
490,35.31,35.31,-0.0,85.89,0.5,-71.07,41.43
491,37.35,37.35,-0.0,15.0,0.66,-137.38,48.78
492,33.68,33.68,-0.0,51.58,0.31,-74.46,41.86
493,13.93,13.93,-0.0,84.58,0.64,-424.2,88.59
494,37.82,37.82,-0.0,76.79,0.7,-40.8,31.87
495,31.68,31.68,-0.0,40.12,0.54,-100.56,50.06
496,9.81,9.81,-0.0,15.31,0.17,-420.09,93.34
497,37.98,37.98,-0.0,43.22,0.49,-74.63,36.84
498,26.81,26.18,-0.0,14.82,0.68,-233.61,66.69
499,23.36,23.36,-0.0,50.26,0.1,-242.04,72.31
500,5.89,5.89,-0.0,15.71,0.46,-490.59,97.04
501,8.61,8.61,-0.0,54.77,0.5,-441.02,94.46
502,15.11,15.11,-0.0,22.55,0.62,-394.98,86.95
503,17.42,17.42,-0.0,21.46,0.49,-321.34,82.6
504,33.12,33.12,-0.0,23.15,0.47,-132.0,53.21
505,26.02,26.02,-0.0,99.47,0.41,-229.64,66.39
506,35.6,35.6,-0.0,59.99,0.67,-92.5,39.1
507,12.44,12.44,-0.0,32.84,0.53,-368.4,90.48
508,26.4,26.4,-0.0,87.36,0.43,-201.99,64.28
509,16.85,16.85,-0.0,49.06,0.34,-350.06,84.34
510,9.38,9.38,-0.0,35.65,0.58,-427.72,93.75
511,12.13,12.13,-0.0,91.57,0.49,-364.75,90.27
512,31.89,31.89,-0.0,8.43,0.84,-148.87,54.78
513,23.42,23.42,-0.0,64.8,0.46,-240.01,72.17
514,35.57,35.57,-0.0,90.28,0.58,-64.66,40.61
515,5.48,5.48,-0.0,64.76,0.37,-494.81,97.25
516,12.52,12.52,-0.0,20.51,0.71,-366.52,90.37
517,30.9,30.9,-0.0,38.54,0.22,-100.1,50.01
518,31.02,31.02,-0.0,92.91,0.59,-138.18,53.79
519,20.89,20.89,-0.0,18.94,0.46,-262.38,73.73
520,43.31,43.31,-0.01,76.36,0.59,-7.27,13.57
521,17.39,17.39,-0.01,97.18,0.5,-335.6,83.47
522,31.16,31.16,-0.01,66.48,0.39,-134.17,53.41
523,39.58,39.58,-0.01,15.32,0.42,-82.19,42.8
524,34.32,34.32,-0.01,30.86,0.69,-140.8,49.11
525,19.76,19.76,-0.01,35.52,0.47,-349.85,79.38
526,8.23,8.23,-0.01,42.34,0.3,-446.96,94.77
527,39.01,39.01,-0.01,1.55,0.53,-57.83,29.66
528,17.71,17.71,-0.01,15.61,0.47,-340.7,78.82
529,14.08,14.08,-0.01,72.9,0.72,-408.44,87.71
530,25.17,25.17,-0.01,26.42,0.67,-226.93,66.19
531,35.11,34.39,-0.01,22.87,0.15,-126.61,47.7
532,6.62,6.62,-0.01,26.38,0.57,-480.46,96.52
533,16.13,15.68,-0.01,40.24,0.56,-343.22,83.93
534,21.81,21.81,-0.01,23.43,0.4,-222.45,70.91
535,32.38,32.38,-0.01,55.12,0.43,-100.21,50.02
536,15.21,15.21,-0.01,49.44,0.66,-392.57,86.81
537,19.08,19.08,-0.01,66.53,0.41,-289.42,80.6
538,17.91,17.91,-0.01,80.45,0.47,-321.49,82.61
539,28.37,27.71,-0.01,59.66,0.83,-202.84,59.42
540,17.86,17.38,-0.01,12.16,0.53,-351.05,79.45
541,34.37,33.66,-0.01,76.13,0.31,-81.49,42.72
542,19.31,19.31,-0.01,40.61,0.65,-283.1,80.2
543,5.74,5.48,-0.01,15.46,0.36,-475.37,96.26
544,43.76,43.76,-0.01,71.08,0.56,-9.92,14.55
545,24.92,24.92,-0.01,97.0,0.59,-264.31,68.91
546,23.78,23.78,-0.01,91.28,0.59,-229.35,71.41
547,19.46,19.46,-0.01,91.13,0.68,-358.67,79.92
548,36.34,36.34,-0.01,60.4,0.62,-51.62,33.58
549,39.92,39.92,-0.01,51.69,0.45,-58.61,29.79
550,38.87,38.87,-0.01,98.68,0.38,-30.67,30.12
551,30.48,30.48,-0.01,52.43,0.74,-138.68,53.84
552,17.38,17.38,-0.01,12.51,0.58,-287.01,80.45
553,28.43,28.43,-0.01,67.93,0.65,-156.36,60.55
554,35.02,35.02,-0.01,91.37,0.22,-77.99,42.29
555,44.64,44.64,-0.01,35.91,0.38,-22.1,23.06
556,13.53,13.53,-0.01,43.09,0.39,-433.51,89.1
557,27.77,27.77,-0.01,17.83,0.33,-194.69,63.71
558,15.16,15.16,-0.01,35.66,0.62,-393.63,86.87
559,11.63,11.32,-0.01,85.28,0.76,-375.25,90.86
560,7.28,7.28,-0.01,90.55,0.35,-470.76,96.02
561,41.06,41.06,-0.01,73.33,0.62,-29.71,19.94
562,34.76,34.76,-0.01,57.98,0.17,-75.36,36.94
563,20.19,20.19,-0.01,70.89,0.5,-337.29,78.61
564,12.33,12.33,-0.01,2.82,0.59,-436.5,89.27
565,16.49,16.49,-0.01,82.15,0.62,-359.5,84.9
566,8.34,8.34,-0.01,85.83,0.56,-437.65,94.28
567,8.19,8.19,-0.01,91.61,0.89,-447.66,94.81
568,13.28,13.28,-0.01,62.84,0.62,-439.63,89.44
569,11.1,11.1,-0.01,9.49,0.9,-389.98,91.69
570,22.67,22.67,-0.01,24.55,0.51,-277.48,69.83
571,42.75,42.75,-0.01,9.95,0.68,-88.84,38.66
572,13.53,13.53,-0.01,93.94,0.51,-433.63,89.11
573,43.95,43.95,-0.0,93.05,0.61,-4.55,12.44
574,7.38,7.38,-0.0,26.81,0.21,-462.18,95.57
575,12.58,12.58,-0.0,39.33,0.42,-365.23,90.3
576,22.99,22.99,-0.0,32.9,0.48,-252.9,73.07
577,40.55,40.55,-0.0,35.46,0.53,-53.98,33.94
578,12.03,11.7,-0.0,32.29,0.39,-366.84,90.39
579,17.77,17.77,-0.0,33.4,0.49,-325.29,82.84
580,8.0,8.0,-0.0,10.47,0.81,-456.61,95.28
581,8.19,8.19,-0.0,86.03,0.64,-447.71,94.81
582,24.85,24.24,-0.0,29.28,0.44,-196.24,63.83
583,30.22,30.22,-0.0,36.45,0.54,-140.7,54.03
584,28.58,28.58,-0.0,21.14,0.54,-177.53,62.32
585,5.53,5.53,-0.0,81.86,0.55,-488.13,96.91
586,22.45,21.88,-0.0,92.87,0.5,-254.12,73.16
587,9.56,9.56,-0.0,27.86,0.31,-424.64,93.58
588,37.26,37.26,-0.0,50.41,0.65,-70.58,36.3
589,31.9,31.22,-0.0,30.9,0.51,-120.43,52.08
590,30.52,29.85,-0.0,1.52,0.43,-137.39,53.72
591,25.15,25.15,-0.0,99.64,0.58,-257.13,68.4
592,25.25,25.25,-0.0,60.75,0.21,-237.8,67.0
593,20.31,20.31,-0.0,34.55,0.34,-333.72,78.38
594,24.27,24.27,-0.0,70.88,0.39,-214.7,70.35
595,23.83,23.83,-0.0,70.91,0.42,-227.98,71.31
596,8.99,8.99,-0.0,73.57,0.73,-434.5,94.11
597,44.61,44.61,-0.0,42.25,0.39,-14.21,21.15
598,29.57,29.57,-0.0,34.43,0.21,-150.27,54.91
599,21.87,21.87,-0.0,16.88,0.46,-260.08,73.57
600,27.49,27.49,-0.0,95.2,0.57,-184.66,62.9
601,15.58,15.58,-0.0,74.86,0.53,-383.04,86.27
602,33.79,33.79,-0.0,58.85,0.35,-109.95,45.95
603,22.07,22.07,-0.0,19.95,0.7,-247.03,72.66
604,8.59,8.59,-0.0,52.24,0.33,-441.24,94.47
605,20.88,20.88,-0.0,68.82,0.4,-316.43,77.29
606,39.19,39.19,-0.0,71.37,0.38,-30.19,24.79
607,30.71,30.04,-0.0,74.44,0.46,-132.11,53.22
608,9.75,9.75,-0.0,56.87,0.88,-421.15,93.4
609,19.24,19.24,-0.0,55.63,0.55,-284.9,80.31
610,42.56,42.56,-0.0,9.71,0.61,-90.78,38.89
611,22.32,22.32,-0.0,49.61,0.59,-273.06,74.45
612,14.83,14.83,-0.0,45.39,0.91,-402.05,87.35
613,29.46,29.46,-0.0,13.36,0.6,-193.29,63.6
614,27.54,27.54,-0.0,40.03,0.43,-182.84,62.76
615,41.28,41.28,-0.0,34.39,0.37,-40.76,31.86
616,17.58,17.58,-0.0,23.49,0.87,-330.37,83.15
617,26.16,26.16,-0.0,34.43,0.42,-186.89,63.08
618,24.7,24.7,-0.0,78.46,0.5,-271.25,69.39
619,35.75,35.75,-0.0,38.01,0.54,-88.3,43.52
620,15.16,15.16,-0.0,2.13,0.55,-405.49,87.55
621,7.65,7.65,-0.0,90.93,0.56,-456.44,95.27
622,5.74,5.74,-0.0,31.02,0.38,-491.85,97.1
623,23.79,23.79,-0.0,98.12,0.35,-229.18,71.4
624,17.24,17.24,-0.0,22.05,0.39,-326.28,82.9
625,9.51,9.51,-0.0,68.76,0.38,-425.55,93.63
626,43.93,43.93,-0.0,21.91,0.33,-31.25,30.23
627,6.99,6.99,-0.0,19.41,0.49,-475.04,96.24
628,8.74,8.74,-0.0,65.95,0.76,-438.69,94.34
629,15.01,15.01,-0.0,71.54,0.54,-397.53,87.1
630,37.06,36.33,-0.0,92.23,0.63,-56.76,34.35
631,38.97,38.23,-0.0,73.87,0.58,-25.83,23.88
632,30.48,30.48,-0.0,83.52,0.55,-153.96,55.25
633,7.88,7.88,-0.0,52.51,0.59,-459.21,95.42
634,26.25,26.25,-0.0,88.26,0.5,-222.55,65.86
635,21.95,21.95,-0.0,79.53,0.77,-269.12,74.18
636,43.36,43.36,-0.0,25.88,0.54,-37.32,31.29
637,15.35,15.35,-0.0,46.59,0.35,-376.25,85.88
638,39.84,39.84,-0.0,55.56,0.36,-43.9,27.36
639,28.88,28.23,-0.0,59.44,0.34,-171.25,56.78
640,43.34,43.34,-0.0,71.74,0.76,-12.18,15.31
641,22.43,21.86,-0.0,97.61,0.55,-254.58,73.19
642,39.81,39.81,-0.0,53.48,0.76,-30.57,30.1
643,40.76,40.76,-0.0,11.35,0.46,-66.99,40.92
644,42.3,42.3,-0.0,66.04,0.36,-23.61,18.51
645,28.85,28.85,-0.0,69.29,0.53,-203.61,59.49
646,39.01,39.01,-0.0,90.46,0.36,-57.79,29.66
647,40.31,40.31,-0.0,23.55,0.59,-83.74,38.02
648,14.1,14.1,-0.0,74.3,0.67,-419.97,88.36
649,12.29,11.95,-0.0,43.63,0.23,-440.55,89.49
650,22.22,22.22,-0.0,88.37,0.31,-276.19,74.66
651,18.01,18.01,-0.0,51.3,0.56,-318.89,82.45
652,11.74,11.74,-0.0,87.46,0.56,-383.02,91.3
653,18.53,18.53,-0.0,31.92,0.43,-304.58,81.56
654,31.02,31.02,-0.0,1.86,0.91,-137.66,53.74
655,29.12,29.12,-0.0,56.89,0.54,-195.19,58.8
656,18.79,18.79,-0.0,6.45,0.5,-297.26,81.1
657,7.0,7.0,-0.0,85.96,0.52,-474.95,96.24
658,19.03,19.03,-0.0,5.8,0.36,-286.78,80.44
659,25.4,25.4,-0.0,78.78,0.55,-249.15,67.82
660,19.79,19.79,-0.0,14.85,0.75,-320.21,77.53
661,24.52,24.52,-0.0,22.32,0.64,-255.82,68.3
662,24.78,24.78,-0.0,73.98,0.72,-268.96,69.23
663,26.29,26.29,-0.0,43.59,0.29,-221.34,65.77
664,38.12,38.12,-0.0,20.53,0.66,-105.14,45.43
665,13.77,13.77,-0.0,22.67,0.32,-428.02,88.8
666,8.4,8.4,-0.0,46.97,0.46,-444.25,94.63
667,12.2,12.2,-0.0,28.63,0.37,-373.35,90.76
668,14.7,14.7,-0.0,32.34,0.58,-405.36,87.54
669,25.67,25.67,-0.0,97.36,0.66,-240.63,67.2
670,40.98,40.98,-0.0,59.51,0.52,-22.87,23.23
671,17.44,17.44,-0.0,65.43,0.47,-334.23,83.39
672,6.79,6.79,-0.0,99.03,0.98,-478.68,96.43
673,8.94,8.94,-0.0,44.86,0.68,-435.36,94.16
674,10.55,10.55,-0.0,56.16,0.65,-406.36,92.59
675,18.81,18.81,-0.0,79.7,0.43,-296.91,81.08
676,33.01,33.01,-0.0,24.66,0.38,-124.53,52.48
677,27.06,26.43,-0.0,19.28,0.42,-201.48,64.24
678,23.35,23.35,-0.0,93.87,0.53,-242.15,72.32
679,6.54,6.54,-0.0,95.86,0.52,-481.21,96.56
680,33.24,33.24,-0.0,97.33,0.42,-125.19,47.55
681,29.91,29.91,-0.0,83.11,0.5,-171.02,56.76
682,34.91,34.91,-0.0,92.19,0.38,-80.85,42.64
683,7.75,7.75,-0.0,25.24,0.44,-460.55,95.49
684,20.72,20.72,-0.0,54.22,0.56,-321.43,77.61
685,13.56,13.56,-0.0,76.71,0.38,-432.95,89.07
686,12.17,11.85,-0.0,20.34,0.5,-363.71,90.21
687,27.77,27.77,-0.0,75.41,0.61,-175.92,62.19
688,43.19,43.19,-0.0,18.78,0.4,-48.15,33.05
689,37.38,37.38,-0.0,57.81,0.73,-52.69,33.74
690,26.51,26.51,-0.0,82.09,0.52,-214.61,65.26
691,32.88,32.88,-0.0,86.32,0.46,-135.58,48.6
692,30.43,30.43,-0.0,5.77,0.45,-207.38,64.7
693,19.02,19.02,-0.0,99.04,0.47,-357.18,79.83
694,29.56,29.56,-0.0,18.88,0.47,-165.45,61.32
695,42.58,42.58,-0.0,2.01,0.33,-19.21,17.37
696,28.81,28.81,-0.0,27.46,0.35,-186.45,58.07
697,25.26,25.26,-0.0,15.69,0.46,-261.13,68.68
698,40.77,40.77,-0.0,81.7,0.51,-17.39,21.95
699,8.25,8.25,-0.0,33.62,0.41,-446.75,94.76
700,14.67,14.67,-0.0,10.42,0.51,-337.7,83.6
701,32.68,31.98,-0.0,99.87,0.65,-126.6,47.7
702,24.75,24.75,-0.0,59.22,0.52,-269.92,69.3
703,35.91,35.91,-0.0,87.33,0.39,-96.6,39.6
704,20.24,20.24,-0.0,87.39,0.65,-320.67,77.56
705,19.16,19.16,-0.0,35.69,0.36,-287.07,80.45
706,21.94,21.38,-0.0,96.39,0.51,-254.54,73.19
707,25.46,25.46,-0.0,64.12,0.52,-247.2,67.68
708,43.34,42.56,-0.01,66.17,0.44,-11.14,14.96
709,20.11,20.11,-0.01,42.46,0.41,-324.44,77.8
710,26.94,26.3,-0.01,19.36,0.55,-201.49,64.24
711,5.66,5.45,-0.01,32.23,0.4,-486.88,96.85
712,6.27,6.27,-0.01,88.8,0.74,-483.91,96.7
713,12.0,12.0,-0.01,56.67,0.52,-377.56,90.99
714,35.35,35.35,-0.01,48.6,0.52,-63.56,40.47
715,32.34,32.34,-0.01,84.62,0.66,-101.16,50.12
716,14.91,14.91,-0.01,61.24,0.41,-400.08,87.24
717,24.86,24.86,-0.01,76.26,0.51,-266.3,69.05
718,42.08,42.08,-0.01,64.33,0.54,-10.29,20.08
719,11.5,11.5,-0.01,92.4,0.73,-387.77,91.57
720,30.24,30.24,-0.01,74.52,0.46,-145.79,54.5
721,23.88,23.88,-0.01,66.95,0.18,-226.4,71.2
722,27.64,27.64,-0.01,78.34,0.46,-180.1,62.53
723,38.8,38.8,-0.01,25.37,0.36,-71.04,41.43
724,41.2,41.2,-0.01,32.57,0.6,-50.37,33.39
725,44.27,44.27,-0.01,35.31,0.49,-28.15,24.37
726,36.14,36.14,-0.01,93.47,0.47,-90.5,38.86
727,34.44,34.44,-0.01,41.65,0.4,-91.87,43.94
728,19.89,19.89,-0.01,99.53,0.54,-346.02,79.15
729,24.49,23.89,-0.01,97.47,0.6,-261.73,68.72
730,44.19,44.19,-0.01,43.81,0.69,-21.66,22.96
731,22.25,22.25,-0.01,48.45,0.42,-275.35,74.61
732,19.21,19.21,-0.01,92.31,0.4,-351.56,79.49
733,37.41,36.67,-0.01,24.71,0.46,-91.5,43.9
734,25.68,25.07,-0.01,77.85,0.6,-224.27,65.99
735,27.81,27.81,-0.01,18.17,0.49,-201.01,64.21
736,8.49,8.49,-0.01,48.88,0.56,-442.91,94.56
737,22.88,22.88,-0.01,50.49,0.64,-256.43,73.32
738,9.84,9.84,-0.01,80.24,0.51,-419.63,93.31
739,31.41,31.41,-0.01,8.77,0.39,-164.04,61.2
740,6.07,6.07,-0.01,94.25,0.62,-487.69,96.89
741,18.88,18.38,-0.01,17.11,0.53,-304.93,76.55
742,44.44,44.44,-0.01,38.55,0.51,-27.83,24.3
743,17.06,16.58,-0.01,53.33,0.24,-317.99,82.4
744,20.79,20.79,-0.01,72.36,0.49,-319.32,77.48
745,40.55,40.55,-0.01,91.98,0.51,-20.57,22.71
746,7.22,7.22,-0.01,38.6,0.42,-471.31,96.05
747,44.55,44.55,-0.01,27.31,0.49,-43.55,27.3
748,24.09,24.09,-0.01,72.8,0.46,-220.13,70.74
749,23.69,23.69,-0.01,27.18,0.32,-235.02,66.79
750,25.53,25.53,-0.01,68.76,0.54,-245.14,67.53
751,8.62,8.62,-0.01,37.18,0.48,-440.76,94.45
752,15.04,15.04,-0.01,13.09,0.58,-354.83,84.62
753,14.98,14.98,-0.01,25.51,0.34,-398.22,87.13
754,35.51,35.51,-0.01,58.98,0.58,-82.12,37.81
755,38.18,38.18,-0.01,51.52,0.57,-50.02,33.34
756,13.6,13.6,-0.01,29.94,0.47,-420.34,88.38
757,32.13,32.13,-0.01,35.39,0.42,-106.67,50.69
758,43.43,42.66,-0.01,71.36,0.69,-8.27,13.95
759,14.7,14.7,-0.01,21.07,0.36,-405.38,87.54
760,43.27,43.27,-0.01,53.98,0.51,-16.19,21.65
761,44.68,44.68,-0.01,25.31,0.34,-42.69,27.15
762,7.52,7.52,-0.01,18.35,0.55,-465.61,95.75
763,12.51,12.51,-0.01,55.57,0.72,-366.79,90.39
764,17.51,17.04,-0.01,13.96,0.55,-339.42,78.74
765,14.09,14.09,-0.01,20.56,0.59,-420.29,88.37
766,10.87,10.87,-0.01,41.03,0.61,-400.14,92.25
767,7.36,7.36,-0.01,24.04,0.7,-468.62,95.91
768,38.78,38.78,-0.01,35.23,0.39,-81.82,37.77
769,38.49,38.49,-0.01,37.3,0.55,-85.6,38.25
770,43.34,43.34,-0.01,64.57,0.54,-18.86,17.28
771,24.05,24.05,-0.01,45.09,0.41,-221.25,70.83
772,27.49,27.49,-0.01,12.29,0.57,-229.54,66.38
773,6.15,5.9,-0.01,68.59,0.6,-468.59,95.91
774,44.61,44.61,11.87,82.81,0.39,0,6.13
775,31.36,31.36,11.87,97.87,0.47,-128.21,52.84
776,15.93,15.93,11.87,68.19,0.19,-361.3,85.0
777,34.46,33.75,11.87,39.11,0.52,-96.36,44.45
778,13.43,13.43,11.87,71.93,0.55,-435.93,89.23
779,7.48,7.48,11.87,27.23,0.26,-466.07,95.78
780,31.2,31.2,11.87,7.35,0.32,-172.55,61.91
781,38.82,38.82,11.87,57.36,0.7,-32.67,30.48
782,29.1,29.1,11.87,51.89,0.61,-180.12,57.54
783,30.78,30.78,11.87,72.61,0.37,-144.93,54.42
784,32.83,32.83,11.87,9.47,0.36,-176.61,57.24
785,28.76,28.76,11.87,77.46,0.61,-206.6,59.73
786,43.44,43.44,0.0,91.93,0.46,-9.27,14.32
787,14.59,14.59,0.0,21.45,0.58,-408.07,87.69
788,43.17,43.17,0.0,32.21,0.47,-55.58,29.31
789,27.97,27.97,0.0,79.53,0.46,-169.97,61.7
790,33.07,32.38,0.0,6.08,0.51,-200.58,59.24
791,22.47,22.47,0.0,83.19,0.26,-268.59,74.15
792,12.97,12.97,0.0,55.4,0.66,-446.82,89.83
793,38.53,38.53,0.0,35.33,0.58,-84.3,38.09
794,37.94,37.94,0.0,56.34,0.75,-48.88,33.16
795,32.81,32.81,0.0,12.11,0.41,-166.57,56.37
796,33.07,33.07,0.0,73.79,0.43,-130.01,48.04
797,18.79,18.79,0.0,19.89,0.62,-325.72,77.88
798,38.59,38.59,0.0,90.01,0.39,-35.89,31.04
799,9.64,9.64,0.0,17.06,0.52,-423.19,93.51
800,33.46,33.46,0.0,18.35,0.46,-145.96,54.52
801,28.87,28.87,0.0,36.3,0.83,-169.37,56.61
802,31.55,31.55,0.0,61.4,0.14,-123.07,52.34
803,10.94,10.94,0.0,27.91,0.58,-398.81,92.18
804,14.64,14.25,0.0,80.31,0.61,-394.5,86.92
805,31.93,31.93,0.0,55.87,0.39,-148.16,49.82
806,18.56,18.06,0.0,14.64,0.75,-333.22,78.35
807,18.49,18.49,0.0,97.16,0.66,-305.67,81.63
808,8.5,8.5,0.0,76.67,0.46,-435.0,94.14
809,36.25,36.25,0.0,17.45,0.59,-101.06,50.11
810,40.81,40.81,0.0,9.39,0.57,-83.85,43.0
811,15.61,15.61,0.0,51.36,0.26,-382.24,86.22
812,43.85,43.85,0.0,4.13,0.49,-21.76,22.98
813,18.81,18.81,0.0,16.32,0.36,-305.83,76.61
814,35.91,35.91,0.0,60.33,0.39,-58.55,34.61
815,14.71,14.71,0.0,21.2,0.36,-404.89,87.51
816,30.09,30.09,0.0,33.09,0.82,-155.5,55.38
817,11.51,11.51,0.0,10.85,0.39,-387.54,91.55
818,27.31,27.31,0.0,18.02,0.62,-206.97,64.67
819,6.35,6.35,0.0,66.35,0.55,-483.15,96.66
820,9.66,9.66,0.0,79.67,0.43,-422.91,93.49
821,28.36,28.36,0.0,28.42,0.55,-151.46,60.13
822,20.6,20.6,0.0,14.19,0.35,-283.35,75.14
823,38.35,38.35,0.0,53.59,0.43,-33.24,30.58
824,44.85,44.85,0.0,56.83,0.4,-12.56,15.43
825,8.36,8.36,0.0,83.91,0.47,-444.92,94.67
826,32.15,32.15,0.0,84.62,0.34,-106.48,50.67
827,37.82,37.82,0.0,60.64,0.51,-36.13,31.08
828,41.85,41.85,0.0,25.34,0.53,-58.64,34.62
829,22.43,22.43,0.0,96.75,0.57,-269.75,74.23
830,22.82,22.82,0.0,43.42,0.23,-258.06,73.43
831,21.75,21.75,0.0,80.91,0.37,-290.45,75.61
832,37.57,37.57,0.0,48.72,0.64,-66.77,35.78
833,25.06,25.06,0.0,13.97,0.36,-266.76,69.08
834,9.55,9.55,0.0,61.0,0.61,-424.8,93.59
835,35.76,35.76,0.0,44.47,0.3,-63.94,40.52
836,12.06,12.06,0.0,42.48,0.45,-366.13,90.35
837,42.14,42.14,0.0,86.05,0.49,-25.54,18.97
838,15.82,15.82,0.0,80.42,0.57,-364.01,85.16
839,21.9,21.9,0.0,67.97,0.62,-285.97,75.31
840,43.99,43.99,5.95,81.31,0.38,0,9.27
841,38.37,38.37,5.95,24.54,0.55,-68.76,41.14
842,26.74,26.74,5.95,23.33,0.69,-196.32,63.84
843,22.82,22.82,5.95,93.72,0.43,-258.04,73.43
844,13.62,13.62,5.95,92.92,0.43,-419.78,88.34
845,27.89,27.89,5.95,16.89,0.51,-213.24,65.15
846,18.18,18.18,5.95,3.32,0.36,-332.56,83.29
847,11.02,11.02,5.95,2.92,0.62,-364.01,90.23
848,31.82,31.82,5.95,29.88,0.57,-137.32,53.71
849,10.1,10.1,5.95,52.65,0.47,-405.88,92.57
850,26.8,26.8,5.95,92.09,0.47,-205.41,64.55
851,34.87,34.87,5.95,3.28,0.5,-123.12,47.34
852,15.02,14.62,5.95,41.89,0.4,-384.73,86.36
853,32.89,32.89,5.95,10.72,0.16,-159.99,55.79
854,7.53,7.53,5.95,92.56,0.47,-465.49,95.75
855,31.37,31.37,5.95,92.89,0.42,-127.99,52.82
856,32.89,32.89,5.95,27.08,0.59,-119.25,51.97
857,36.86,36.13,5.95,68.09,0.7,-61.03,34.97
858,32.01,32.01,5.95,3.93,0.72,-158.84,55.68
859,10.52,10.52,5.95,90.62,0.45,-407.03,92.63
860,11.62,11.62,5.95,44.86,0.21,-385.32,91.43
861,31.87,31.87,5.95,81.29,0.54,-114.08,51.45
862,6.66,6.66,5.95,78.85,0.44,-480.03,96.5
863,39.67,39.67,5.95,89.28,0.81,-44.44,27.46
864,27.17,27.17,5.95,95.97,0.24,-194.13,63.66
865,28.59,28.59,5.95,84.21,0.61,-151.89,60.16
866,9.44,9.44,5.95,6.39,0.43,-447.38,89.86
867,12.4,12.4,5.95,25.28,0.35,-369.04,90.51
868,27.36,27.36,5.95,9.1,0.55,-266.47,69.06
869,18.76,18.76,5.95,83.98,0.7,-284.42,80.28
870,34.84,34.84,5.95,56.26,0.67,-61.8,40.24
871,7.31,7.31,5.95,54.57,0.54,-469.11,95.93
872,36.4,36.4,5.95,98.93,0.37,-84.06,38.06
873,5.37,5.37,5.95,45.39,0.56,-486.39,96.82
874,19.78,19.78,5.95,57.94,0.53,-349.53,79.36
875,26.49,26.49,5.95,46.96,0.44,-215.08,65.29
876,17.07,17.07,5.95,67.51,0.76,-344.06,83.98
877,8.01,8.01,5.95,54.41,0.3,-449.64,94.92
878,33.7,33.7,5.95,48.09,0.78,-97.17,44.54
879,27.85,27.85,5.95,43.18,0.44,-173.76,62.01
880,11.77,11.77,5.95,56.56,0.58,-382.19,91.25
881,37.49,37.49,5.95,42.77,0.56,-86.74,38.39
882,20.48,20.48,5.95,65.15,0.42,-328.62,78.06
883,18.67,18.67,5.95,93.28,0.48,-300.93,81.33
884,41.01,41.01,5.95,59.16,0.8,-34.48,25.63
885,32.91,32.91,5.95,80.88,0.52,-134.76,48.52
886,8.21,8.21,5.95,12.36,0.44,-447.31,94.79
887,34.63,34.63,5.95,96.51,0.38,-87.98,43.49
888,6.3,6.3,5.95,15.32,0.51,-483.56,96.68
889,41.61,41.61,5.95,58.05,0.68,-26.2,23.96
890,17.98,17.98,5.95,97.02,0.4,-319.67,82.5
891,37.76,37.76,5.95,34.9,0.47,-62.13,40.28
892,11.77,11.77,5.95,56.39,0.69,-382.23,91.26
893,30.72,30.72,5.95,41.07,0.61,-110.86,51.12
894,11.03,11.03,5.95,51.16,0.66,-387.5,91.55
895,33.13,33.13,5.95,65.43,0.61,-128.27,47.87
896,14.93,14.93,5.95,39.16,0.25,-399.63,87.21
897,10.46,10.46,5.95,21.45,0.3,-408.06,92.68
898,35.97,35.97,5.95,83.26,0.64,-94.97,39.4
899,17.17,17.17,5.95,2.62,0.43,-358.06,84.81
900,9.47,9.47,5.95,70.06,0.8,-426.26,93.67
901,12.3,12.3,5.95,6.55,0.39,-388.58,86.59
902,38.16,38.16,5.95,53.4,0.26,-40.76,31.86
903,24.68,24.68,5.95,81.61,0.54,-272.12,69.45
904,12.36,12.36,5.95,84.85,0.34,-370.0,90.57
905,5.31,5.31,5.95,46.27,0.67,-487.12,96.86
906,7.93,7.93,5.95,68.23,0.25,-451.77,95.03
907,6.86,6.86,5.95,60.68,0.47,-476.4,96.31
908,39.59,39.59,5.95,87.8,0.4,-46.05,27.74
909,34.17,34.17,5.95,5.62,0.37,-183.64,57.83
910,8.11,8.11,5.95,45.7,0.57,-449.01,94.88
911,9.7,9.7,5.95,54.65,0.59,-422.23,93.45
912,19.9,19.9,5.95,87.99,0.36,-345.82,79.13
913,28.44,27.79,5.95,55.62,0.39,-200.51,59.23
914,25.8,25.8,5.95,66.66,0.5,-236.7,66.92
915,13.52,13.52,5.95,83.85,0.35,-433.77,89.12
916,11.87,11.87,5.95,45.83,0.53,-380.28,91.15
917,15.43,15.43,5.95,11.05,0.43,-322.11,82.65
918,25.29,25.29,5.95,51.5,0.56,-252.52,68.07
919,41.48,41.48,5.95,78.68,0.42,-17.92,17.02
920,37.0,37.0,5.95,81.83,0.58,-69.75,36.18
921,30.59,30.59,5.95,3.4,0.5,-232.48,66.6
922,30.17,30.17,5.95,5.91,0.26,-205.42,64.55
923,20.81,20.81,5.95,72.62,0.78,-318.45,77.42
924,40.14,40.14,5.95,32.85,0.47,-71.46,36.42
925,26.6,26.6,5.95,59.5,0.7,-211.81,65.04
926,21.81,21.81,5.95,19.16,0.4,-239.68,72.15
927,22.0,22.0,5.95,38.88,0.7,-282.76,75.1
928,15.09,14.67,5.95,94.28,0.38,-370.7,85.55
929,30.58,30.58,5.95,72.24,0.36,-150.81,54.96
930,8.14,8.14,5.95,31.15,0.65,-448.54,94.86
931,37.33,37.33,5.95,96.57,0.69,-62.27,35.14
932,9.05,9.05,5.95,92.25,0.53,-433.52,94.06
933,21.69,21.69,5.95,83.21,0.3,-292.34,75.73
934,26.13,26.13,5.95,67.62,0.34,-226.23,66.14
935,6.4,6.4,5.95,96.75,0.15,-482.63,96.63
936,43.7,43.7,5.95,63.24,0.48,-17.82,16.99
937,9.54,9.54,5.95,9.18,0.4,-424.91,93.6
938,37.08,37.08,5.95,5.07,0.52,-70.14,41.32
939,38.9,38.9,5.95,10.23,0.58,-117.17,46.72
940,18.26,18.26,5.95,79.76,0.51,-311.99,82.02
941,19.98,19.98,5.95,49.13,0.43,-328.52,78.06
942,6.21,6.21,5.95,56.55,0.47,-479.5,96.47
943,8.67,8.67,5.95,92.55,0.34,-439.87,94.4
944,17.81,17.81,5.95,46.49,0.37,-324.18,82.78
945,31.54,31.54,5.95,40.95,0.35,-146.33,49.65
946,19.6,19.6,5.95,68.26,0.76,-339.77,78.76
947,22.12,22.12,5.95,98.47,0.77,-279.29,74.87
948,13.43,13.43,5.95,46.7,0.69,-435.9,89.23
949,42.73,42.73,5.95,15.07,0.28,-61.42,35.02
950,30.99,30.31,5.95,23.0,0.48,-168.65,56.55
951,36.64,36.64,5.95,68.98,0.52,-78.23,37.31
952,6.51,6.51,5.95,25.6,0.65,-481.48,96.57
953,42.93,42.93,-0.01,74.42,0.56,-11.03,14.92
954,15.93,15.93,-0.01,1.78,0.84,-393.81,86.88
955,20.4,20.4,-0.01,45.84,0.37,-331.03,78.22
956,20.06,20.06,-0.01,92.75,0.28,-341.02,78.84
957,27.94,27.94,-0.01,80.77,0.37,-171.06,61.79
958,30.97,30.97,-0.01,32.63,0.32,-134.05,53.4
959,24.32,24.32,-0.01,18.18,0.9,-223.63,71.0
960,22.2,22.2,-0.01,24.89,0.6,-233.71,71.72
961,29.93,29.93,-0.01,89.37,0.33,-155.0,55.34
962,13.09,13.09,-0.01,39.38,0.61,-443.84,89.67
963,8.69,8.69,-0.01,39.18,0.32,-439.64,94.39
964,20.36,20.36,-0.01,18.05,0.42,-274.41,74.54
965,42.71,42.71,-0.01,42.76,0.25,-39.18,26.52
966,37.84,37.84,-0.01,24.48,0.53,-89.37,43.65
967,36.13,36.13,-0.01,32.98,0.24,-84.38,43.06
968,42.72,42.72,-0.01,19.91,0.71,-63.11,35.26
969,41.81,41.05,-0.01,48.74,0.54,-34.62,25.66
970,38.59,38.59,-0.01,84.22,0.44,-36.01,31.06
971,14.15,14.15,-0.01,44.89,0.5,-418.84,88.29
972,15.33,15.33,-0.01,65.63,0.84,-389.49,86.64
973,13.85,13.85,-0.01,31.57,0.33,-425.92,88.68
974,35.49,34.77,-0.01,13.41,0.79,-117.41,51.78
975,9.33,9.33,-0.01,48.52,0.56,-428.58,93.8
976,30.56,30.56,-0.01,59.99,0.5,-151.57,55.03
977,29.07,29.07,-0.01,75.39,0.82,-196.75,58.93
978,13.05,13.05,-0.01,39.33,0.41,-445.0,89.73
979,15.57,15.57,-0.01,61.33,0.36,-383.3,86.28
980,31.88,31.88,-0.01,72.3,0.5,-113.84,51.42
981,28.44,28.44,-0.01,28.98,0.36,-199.14,59.12
982,5.22,5.22,-0.01,49.8,0.55,-488.21,96.92
983,10.88,10.57,-0.01,26.57,0.74,-372.06,90.69
984,19.2,19.2,-0.01,71.57,0.69,-286.15,80.4
985,32.63,32.63,-0.01,76.22,0.41,-142.66,49.29
986,23.6,23.6,-0.01,34.08,0.37,-234.89,71.81
987,16.61,16.61,-0.01,42.8,0.45,-343.08,83.92
988,42.11,42.11,-0.01,2.27,0.28,-25.78,19.03
989,27.17,27.17,-0.01,30.6,0.38,-157.09,60.61
990,43.06,43.06,-0.01,89.76,0.47,-13.37,15.68
991,17.69,17.69,-0.01,30.18,0.23,-313.89,82.14
992,31.41,31.41,-0.01,6.68,0.65,-191.07,63.42
993,27.13,27.13,-0.01,93.96,0.86,-195.3,63.76
994,39.18,39.18,-0.01,15.84,0.71,-97.88,44.62
995,32.36,31.67,-0.01,48.69,0.37,-93.54,44.13
996,15.74,15.74,-0.01,27.81,0.44,-378.94,86.03
997,43.66,43.66,-0.0,3.39,0.64,-7.12,13.51
998,24.87,24.26,-0.0,7.86,0.45,-235.44,71.85
999,20.45,20.45,-0.0,15.57,0.25,-281.06,74.99
