Episode,Kick_Speed,friction,Rewards,Stop_Distance
0,27.49,0.9,-281.07,80.07
1,36.35,0.9,-190.46,63.37
2,30.98,0.9,-302.92,76.42
3,44.88,0.9,-142.58,54.2
4,39.54,0.9,-161.63,61.0
5,35.97,0.9,-255.0,68.24
6,56.53,0.9,-11.99,20.56
7,56.46,0.9,-15.58,21.5
8,43.16,0.9,-130.74,53.09
9,20.54,0.9,-362.02,90.12
10,28.38,0.9,-280.92,80.06
11,20.77,0.9,-424.67,88.62
12,37.6,0.9,-191.11,63.42
13,32.07,0.9,-294.58,75.88
14,41.18,0.9,-154.35,55.28
15,23.1,0.9,-340.99,83.8
16,42.4,0.9,-170.65,56.72
17,39.97,0.9,-206.91,59.75
18,44.87,0.9,-138.99,48.94
19,33.86,0.9,-232.64,71.65
20,45.54,0.9,-119.68,46.98
21,42.31,0.9,-206.09,59.69
22,49.54,0.9,-90.27,38.83
23,33.94,0.9,-230.25,66.44
24,20.33,0.9,-446.91,89.83
25,27.16,0.9,-282.63,80.17
26,55.24,0.9,-25.9,23.89
27,35.18,0.9,-236.35,71.91
28,26.8,0.9,-350.63,79.43
29,30.12,0.9,-329.38,78.11
30,52.83,0.9,-26.29,23.98
31,17.47,0.9,-392.74,91.84
32,28.91,0.9,-349.91,79.39
33,41.52,0.9,-155.7,55.4
34,31.43,0.9,-290.1,75.59
35,43.59,0.9,-158.57,55.66
36,42.4,0.9,-207.3,59.78
37,48.61,0.9,-96.25,39.55
38,20.88,0.9,-387.74,86.54
39,14.03,0.9,-450.58,94.96
40,47.74,0.9,-129.55,48.0
41,28.46,0.9,-283.02,80.19
42,40.44,0.9,-169.18,61.63
43,51.89,0.9,-47.11,32.88
44,48.64,0.9,-82.35,37.84
45,37.29,0.9,-259.99,68.6
46,36.82,0.9,-186.53,63.06
47,40.17,0.9,-150.82,54.96
48,32.13,0.9,-230.29,71.48
49,41.72,0.9,-152.62,60.23
50,49.66,0.9,-86.72,38.39
51,34.96,0.9,-236.83,71.95
52,53.75,0.9,-44.63,27.49
53,26.78,0.9,-334.79,83.42
54,32.12,0.9,-290.4,75.61
55,53.25,0.9,-52.81,28.86
56,27.12,0.9,-298.91,81.21
57,46.03,0.9,-101.66,50.17
58,24.65,0.9,-338.73,83.66
59,39.75,0.9,-158.38,60.72
60,49.57,0.9,-72.33,36.53
61,42.2,0.9,-153.46,60.3
62,53.78,0.9,-55.12,29.24
63,36.39,0.9,-226.07,66.13
64,40.17,0.9,-175.33,62.14
65,55.4,0.9,-31.74,25.1
66,39.04,0.9,-165.05,61.29
67,39.15,0.9,-201.18,64.22
68,52.76,0.9,-46.84,32.84
69,46.23,0.9,-127.93,47.83
70,37.19,0.9,-175.73,62.18
71,50.95,0.9,-79.9,37.53
72,31.34,0.9,-289.15,75.52
73,29.73,0.9,-349.19,79.34
74,60.7,0.9,0,9.46
75,32.58,0.9,-233.3,71.69
76,53.95,0.9,-38.24,26.34
77,36.89,0.9,-226.87,66.19
78,10.34,0.9,-501.95,97.61
79,42.25,0.9,-155.46,55.38
80,27.45,0.9,-287.44,80.48
81,29.81,0.9,-329.64,78.13
82,51.79,0.9,-60.86,34.94
83,29.7,0.9,-323.28,77.73
84,37.04,0.9,-205.1,64.52
85,47.87,0.9,-97.62,44.59
86,29.66,0.9,-352.74,79.56
87,51.8,0.9,-45.2,27.59
88,52.88,0.9,-55.66,29.32
89,39.68,0.9,-182.02,57.7
90,46.1,0.9,-108.76,45.82
91,20.67,0.9,-360.02,90.0
92,52.88,0.9,-37.34,26.18
93,52.16,0.9,-48.52,33.1
94,48.95,0.9,-73.41,36.68
95,48.84,0.9,-43.02,32.23
96,49.39,0.9,-70.67,36.31
97,20.84,0.9,-433.88,89.12
98,56.45,0.9,-9.27,14.31
99,32.79,0.9,-236.64,71.93
100,43.28,0.9,-146.18,49.63
101,38.39,0.9,-186.94,63.09
102,56.61,0.9,-14.73,16.1
103,46.87,0.9,-93.99,39.28
104,33.14,0.9,-265.19,73.92
105,42.93,0.9,-153.71,55.22
106,23.35,0.9,-363.77,85.15
107,36.25,0.9,-212.76,65.12
108,39.42,0.9,-173.13,61.96
109,30.66,0.9,-252.04,73.01
110,23.96,0.9,-341.04,83.8
111,67.39,0.9,-1042.58,-10.0
112,34.65,0.9,-226.25,71.19
113,27.68,0.9,-357.76,79.86
114,33.68,0.9,-258.46,73.46
115,40.64,0.9,-183.24,57.8
116,51.91,0.9,-46.63,32.81
117,53.74,0.9,-10.51,20.14
118,43.7,0.9,-131.38,53.15
119,35.87,0.9,-208.06,64.75
120,31.16,0.9,-302.47,76.4
121,31.06,0.9,-298.36,76.13
122,51.7,0.9,-59.58,29.94
123,40.25,0.9,-192.96,58.61
124,49.46,0.9,-70.35,36.27
125,33.85,0.9,-268.11,74.12
126,55.91,0.9,-11.43,20.4
127,37.93,0.9,-213.66,65.19
128,40.77,0.9,-184.25,57.89
129,25.14,0.9,-353.09,84.52
130,42.25,0.9,-150.13,54.9
131,46.78,0.9,-99.93,44.85
132,29.53,0.9,-318.75,77.44
133,42.71,0.9,-108.41,50.87
134,56.04,0.9,-21.2,22.85
135,22.03,0.9,-409.85,87.79
136,47.85,0.9,-91.78,43.93
137,42.91,0.9,-133.91,53.39
138,28.76,0.9,-291.65,75.69
139,54.76,0.9,-51.61,28.67
140,25.47,0.9,-335.41,83.46
141,28.56,0.9,-355.97,84.69
142,28.1,0.9,-302.9,81.46
143,18.19,0.9,-384.75,91.4
144,34.29,0.9,-270.52,69.34
145,46.72,0.9,-80.05,42.54
146,27.07,0.9,-310.28,81.92
147,37.0,0.9,-153.54,60.31
148,49.53,0.9,-36.67,31.17
149,30.57,0.9,-270.24,74.26
150,54.48,0.9,-54.9,29.2
151,12.21,0.9,-486.06,96.81
152,36.0,0.9,-211.98,65.06
153,33.26,0.9,-268.95,69.23
154,49.46,0.9,-83.24,37.95
155,44.9,0.9,-117.01,51.74
156,47.63,0.9,-73.11,41.69
157,42.06,0.9,-158.77,55.68
158,33.25,0.9,-216.33,70.47
159,48.39,0.9,-85.36,43.18
160,34.97,0.9,-256.0,68.32
161,57.29,0.9,-7.25,13.56
162,44.03,0.9,-102.15,50.23
163,30.77,0.9,-249.6,72.84
164,15.68,0.9,-449.62,94.91
165,48.25,0.9,-76.81,42.15
166,37.35,0.9,-208.23,59.86
167,28.63,0.9,-346.35,79.17
168,17.15,0.9,-425.86,93.65
169,26.98,0.9,-329.07,83.07
170,37.47,0.9,-215.4,65.32
171,45.49,0.9,-134.49,48.49
172,40.56,0.9,-145.73,54.49
173,42.36,0.9,-171.33,56.78
174,32.14,0.9,-258.71,73.47
175,48.05,0.9,-83.83,38.03
176,42.06,0.9,-159.39,55.73
177,45.72,0.9,-85.02,43.14
178,32.68,0.9,-235.54,71.85
179,33.16,0.9,-233.99,71.74
180,43.52,0.9,-131.49,53.16
181,42.35,0.9,-139.97,53.96
182,29.94,0.9,-273.83,74.5
183,44.61,0.9,-136.27,48.67
184,34.89,0.9,-232.08,66.57
185,15.0,0.9,-451.2,95.0
186,26.12,0.9,-289.84,80.63
187,25.85,0.9,-300.09,81.28
188,43.15,0.9,-123.08,52.34
189,48.3,0.9,-80.79,42.63
190,28.7,0.9,-327.84,78.02
191,39.18,0.9,-155.21,55.36
192,35.38,0.9,-212.71,70.2
193,44.21,0.9,-108.98,50.93
194,23.5,0.9,-402.74,87.39
195,45.57,0.9,-148.43,49.85
196,20.71,0.9,-361.04,90.06
197,31.66,0.9,-241.58,72.28
198,26.95,0.9,-350.0,79.39
199,40.55,0.9,-157.51,55.57
200,43.36,0.9,-124.67,52.5
201,37.6,0.9,-220.6,65.71
202,51.6,0.9,-42.73,32.18
203,32.95,0.9,-261.34,73.65
204,43.79,0.9,-145.42,49.56
205,51.1,0.9,-34.47,30.79
206,43.89,0.9,-112.83,51.32
207,42.02,0.9,-138.08,53.78
208,48.06,0.9,-96.47,39.58
209,36.1,0.9,-246.59,67.64
210,57.04,0.9,-23.16,18.39
211,22.61,0.9,-408.53,87.72
212,26.37,0.9,-294.97,80.96
213,57.14,0.9,-25.39,18.94
214,28.96,0.9,-344.26,79.04
215,43.2,0.9,-111.39,51.18
216,41.1,0.9,-171.67,61.84
217,36.05,0.9,-222.75,65.88
218,28.55,0.9,-323.76,77.76
219,54.01,0.9,-14.57,21.24
220,29.78,0.9,-358.41,79.9
221,44.2,0.9,-141.02,49.13
222,36.84,0.9,-196.76,63.87
223,51.59,0.9,-29.22,24.59
224,42.71,0.9,-131.96,53.2
225,32.62,0.9,-294.57,75.88
226,32.19,0.9,-234.47,71.78
227,68.82,0.9,-1054.33,-10.09
228,26.91,0.9,-355.23,79.71
229,38.1,0.9,-186.73,58.1
230,36.51,0.9,-160.72,60.92
231,52.57,0.9,-41.96,32.06
232,34.23,0.9,-249.39,67.84
233,39.67,0.9,-192.77,58.6
234,45.62,0.9,-124.58,47.49
235,25.42,0.9,-345.05,84.04
236,42.73,0.9,-138.0,53.77
237,22.9,0.9,-362.93,85.1
238,52.85,0.9,-31.13,24.98
239,29.37,0.9,-323.1,77.72
240,38.7,0.9,-151.02,60.09
241,44.72,0.9,-93.94,44.18
242,38.64,0.9,-157.83,60.68
243,28.29,0.9,-333.98,78.4
244,27.89,0.9,-359.98,80.0
245,48.98,0.9,-56.74,34.35
246,29.75,0.9,-317.84,77.38
247,37.0,0.9,-199.1,64.06
248,29.42,0.9,-299.44,76.2
249,39.03,0.9,-161.82,61.01
250,25.92,0.9,-366.11,85.29
251,27.12,0.9,-288.66,80.56
252,41.55,0.9,-150.77,54.96
253,58.64,0.9,0,6.43
254,34.56,0.9,-244.74,67.5
255,25.47,0.9,-310.97,81.96
256,18.92,0.9,-379.74,91.12
257,35.17,0.9,-201.02,64.21
258,46.27,0.9,-109.26,45.88
259,27.37,0.9,-290.99,80.7
260,19.88,0.9,-447.87,89.89
261,41.98,0.9,-143.46,54.28
262,45.41,0.9,-107.12,45.65
263,45.53,0.9,-101.87,50.2
264,41.56,0.9,-117.68,51.81
265,81.44,0.9,-1095.6,-10.62
266,35.87,0.9,-212.55,65.1
267,53.21,0.9,-9.51,14.4
268,33.67,0.9,-223.47,70.99
269,55.94,0.9,-20.96,17.84
270,33.02,0.9,-247.67,72.71
271,54.27,0.9,-46.22,27.76
272,18.95,0.9,-435.69,89.22
273,54.74,0.9,-22.51,18.23
274,27.56,0.9,-297.2,81.1
275,53.19,0.9,-41.74,26.98
276,50.78,0.9,-37.08,31.25
277,29.47,0.9,-287.27,75.4
278,48.11,0.9,-46.16,32.73
279,59.58,0.9,-134.13,2.37
280,51.0,0.9,-35.36,30.95
281,35.6,0.9,-229.76,66.4
282,34.77,0.9,-262.16,68.75
283,43.51,0.9,-109.25,45.88
284,35.63,0.9,-211.36,65.01
285,39.7,0.9,-171.66,56.81
286,38.67,0.9,-183.76,57.85
287,41.15,0.9,-155.44,55.38
288,18.2,0.9,-394.36,91.93
289,39.23,0.9,-159.14,55.71
290,48.77,0.9,-83.79,38.02
291,35.79,0.9,-234.47,66.75
292,42.35,0.9,-119.26,51.97
293,42.42,0.9,-126.55,52.68
294,46.36,0.9,-96.38,39.57
295,37.78,0.9,-152.73,60.24
296,21.39,0.9,-433.09,89.08
297,43.53,0.9,-132.57,48.3
298,57.29,0.9,-24.36,18.69
299,54.06,0.9,-25.67,19.0
300,41.18,0.9,-105.07,50.53
301,50.43,0.9,-48.35,33.08
302,47.29,0.9,-92.23,39.07
303,37.4,0.9,-175.74,62.18
304,29.28,0.9,-320.27,77.54
305,29.83,0.9,-285.09,75.26
306,29.32,0.9,-303.15,76.44
307,28.89,0.9,-335.11,78.47
308,36.25,0.9,-183.06,62.77
309,41.0,0.9,-115.93,51.63
310,25.88,0.9,-289.24,80.59
311,38.94,0.9,-157.6,60.66
312,45.24,0.9,-68.84,41.15
313,34.85,0.9,-182.03,62.69
314,33.3,0.9,-265.2,68.97
315,38.4,0.9,-195.69,58.84
316,13.88,0.9,-486.0,96.8
317,45.48,0.9,-93.79,44.16
318,54.53,0.9,-10.16,20.04
319,54.1,0.9,-41.26,26.89
320,43.99,0.9,-133.03,48.34
321,41.19,0.9,-141.05,54.06
322,41.67,0.9,-135.95,53.58
323,68.46,0.9,-1055.98,-10.32
324,38.24,0.9,-205.59,59.65
325,46.88,0.9,-93.56,39.23
326,38.9,0.9,-153.12,60.27
327,40.49,0.9,-142.55,54.2
328,30.86,0.9,-285.31,75.27
329,38.72,0.9,-209.76,59.98
330,39.12,0.9,-131.51,53.16
331,41.49,0.9,-172.62,56.89
332,37.02,0.9,-198.08,63.97
333,28.95,0.9,-278.63,74.82
334,31.37,0.9,-250.86,72.93
335,39.53,0.9,-160.89,60.94
336,52.57,0.9,-20.02,22.58
337,43.03,0.9,-110.29,51.07
338,34.59,0.9,-218.82,65.58
339,45.95,0.9,-89.29,38.71
340,45.61,0.9,-130.97,48.14
341,27.54,0.9,-312.64,77.05
342,47.75,0.9,-64.18,35.42
343,13.76,0.9,-456.79,95.29
344,21.95,0.9,-412.47,87.94
345,52.36,0.9,-23.45,23.36
346,40.67,0.9,-165.02,56.23
347,51.84,0.9,-55.67,29.32
348,23.37,0.9,-361.49,85.01
349,37.18,0.9,-189.98,63.33
350,24.05,0.9,-362.11,85.05
351,47.68,0.9,-63.26,40.43
352,41.73,0.9,-137.4,53.72
353,37.13,0.9,-191.29,58.48
354,43.86,0.9,-110.38,51.07
355,22.38,0.9,-412.09,87.92
356,38.84,0.9,-192.08,58.54
357,33.22,0.9,-216.73,65.42
358,46.48,0.9,-115.1,46.5
359,44.77,0.9,-87.5,43.43
360,44.49,0.9,-111.89,46.16
361,53.75,0.9,-10.92,14.89
362,36.84,0.9,-191.96,63.49
363,37.23,0.9,-206.48,64.63
364,33.13,0.9,-275.19,69.67
365,46.54,0.9,-63.27,40.43
366,29.3,0.9,-275.37,74.61
367,48.05,0.9,-73.46,41.73
368,39.0,0.9,-154.49,60.39
369,38.05,0.9,-151.71,60.15
370,44.9,0.9,-105.91,45.51
371,47.55,0.9,-69.82,36.19
372,39.29,0.9,-164.08,56.15
373,39.49,0.9,-137.8,53.76
374,39.31,0.9,-197.1,58.95
375,16.97,0.9,-400.01,92.24
376,38.55,0.9,-169.29,61.64
377,32.18,0.9,-224.41,71.05
378,26.08,0.9,-352.35,84.47
379,24.12,0.9,-336.47,83.52
380,30.18,0.9,-301.97,76.36
381,36.12,0.9,-200.32,59.22
382,43.25,0.9,-119.83,47.0
383,51.61,0.9,-56.32,29.43
384,26.5,0.9,-295.56,80.99
385,28.84,0.9,-319.2,77.47
386,23.96,0.9,-336.13,83.5
387,21.64,0.9,-407.68,87.67
388,42.22,0.9,-141.57,49.19
389,31.93,0.9,-243.71,72.43
390,27.86,0.9,-286.47,80.42
391,49.81,0.9,-40.34,31.79
392,28.42,0.9,-283.72,75.16
393,47.67,0.9,-94.08,44.19
394,38.09,0.9,-176.61,57.24
395,36.45,0.9,-193.52,63.61
396,46.44,0.9,-82.81,37.9
397,44.09,0.9,-102.7,45.16
398,17.56,0.9,-380.01,91.13
399,43.42,0.9,-144.66,49.49
400,39.59,0.9,-208.26,59.86
401,50.38,0.9,-57.89,34.52
402,21.62,0.9,-434.32,89.15
403,43.04,0.9,-102.76,50.29
404,32.59,0.9,-263.2,68.83
405,19.79,0.9,-436.24,89.25
406,21.81,0.9,-400.8,87.28
407,31.28,0.9,-253.99,73.15
408,21.99,0.9,-416.36,88.15
409,49.03,0.9,-39.06,31.58
410,42.41,0.9,-122.72,52.31
411,28.29,0.9,-283.84,80.25
412,38.04,0.9,-203.73,59.5
413,19.86,0.9,-421.36,88.43
414,32.11,0.9,-219.38,70.69
415,48.12,0.9,-32.86,30.51
416,29.73,0.9,-286.85,75.37
417,33.7,0.9,-208.97,64.82
418,44.03,0.9,-78.48,42.35
419,39.1,0.9,-160.46,55.83
420,44.47,0.9,-86.59,43.32
421,49.81,0.9,-49.21,28.27
422,48.13,0.9,-70.09,36.23
423,49.32,0.9,-52.81,28.86
424,9.17,0.9,-488.37,96.92
425,45.62,0.9,-91.55,43.9
426,19.94,0.9,-438.63,89.38
427,31.92,0.9,-249.96,72.87
428,40.49,0.9,-145.22,54.45
429,71.23,0.9,-1070.38,-10.53
430,32.8,0.9,-254.39,68.2
431,63.0,0.9,-1045.18,-10.15
432,22.61,0.9,-354.82,84.62
433,30.7,0.9,-288.85,75.5
434,41.78,0.9,-122.52,52.29
435,16.92,0.9,-368.83,90.5
436,52.05,0.9,-24.48,23.59
437,65.65,0.9,-1050.72,-10.24
438,40.25,0.9,-145.63,54.49
439,46.04,0.9,-93.78,44.16
440,30.83,0.9,-241.35,72.27
441,30.23,0.9,-269.09,74.18
442,35.15,0.9,-237.17,66.95
443,35.9,0.9,-241.59,67.27
444,42.19,0.9,-140.26,49.06
445,38.43,0.9,-159.06,60.78
446,26.05,0.9,-296.37,81.05
447,32.31,0.9,-211.91,70.14
448,27.6,0.9,-326.47,77.93
449,42.26,0.9,-119.12,46.92
450,18.24,0.9,-376.03,90.91
451,44.08,0.9,-123.42,47.37
452,41.54,0.9,-117.99,46.81
453,27.84,0.9,-350.83,79.44
454,26.94,0.9,-337.41,78.61
455,43.81,0.9,-108.87,45.84
456,49.4,0.9,-52.07,33.65
457,39.06,0.9,-146.33,54.55
458,30.97,0.9,-216.28,70.46
459,25.56,0.9,-312.11,82.03
460,32.74,0.9,-223.37,70.98
461,61.96,0.9,-1040.06,-8.99
462,16.97,0.9,-390.01,91.69
463,33.67,0.9,-217.66,65.49
464,53.76,0.9,-14.24,15.95
465,49.96,0.9,-35.17,30.92
466,28.45,0.9,-332.52,78.31
467,19.42,0.9,-415.69,88.12
468,39.96,0.9,-167.02,56.41
469,50.42,0.9,-34.28,30.76
470,38.56,0.9,-167.7,56.47
471,15.85,0.9,-413.06,92.96
472,40.14,0.9,-134.03,53.4
473,47.16,0.9,-80.5,42.6
474,34.98,0.9,-245.09,67.53
475,50.06,0.9,-56.4,29.44
476,35.99,0.9,-176.67,62.25
477,48.29,0.9,-46.42,32.78
478,44.36,0.9,-114.4,46.43
479,23.3,0.9,-331.69,83.23
480,49.47,0.9,-43.57,32.32
481,19.99,0.9,-424.04,88.58
482,32.97,0.9,-213.0,70.22
483,38.88,0.9,-157.89,55.6
484,27.32,0.9,-317.92,77.39
485,47.7,0.9,-41.75,32.02
486,56.36,0.9,-5.06,12.66
487,37.85,0.9,-205.91,59.67
488,31.92,0.9,-240.08,72.18
489,28.27,0.9,-333.47,78.37
490,37.99,0.9,-166.61,56.37
491,20.16,0.9,-403.24,87.42
492,35.18,0.9,-199.71,64.1
493,29.12,0.9,-281.98,75.05
494,30.35,0.9,-253.05,73.08
495,39.08,0.9,-148.8,54.78
496,21.35,0.9,-399.15,87.19
497,32.59,0.9,-275.87,69.71
498,20.02,0.9,-399.21,87.19
499,36.35,0.9,-184.85,62.92
500,52.5,0.9,-26.98,24.12
501,24.77,0.9,-338.42,83.64
502,31.28,0.9,-218.1,70.6
503,44.83,0.9,-81.39,42.71
504,15.36,0.9,-368.53,90.49
505,29.89,0.9,-252.5,73.04
506,27.0,0.9,-358.27,79.9
507,56.05,0.9,-8.12,13.89
508,24.8,0.9,-280.83,80.05
509,38.7,0.9,-203.11,59.45
510,34.83,0.9,-222.48,65.86
511,48.56,0.9,-44.0,32.39
512,37.66,0.9,-152.92,60.25
513,46.29,0.9,-65.54,35.61
514,27.56,0.9,-351.05,79.45
515,38.98,0.9,-152.07,55.07
516,40.86,0.9,-125.98,52.63
517,31.72,0.9,-223.62,71.0
518,52.31,0.9,-16.91,16.74
519,26.56,0.9,-334.82,78.45
520,19.75,0.9,-376.33,85.88
521,35.05,0.9,-184.99,62.93
522,18.45,0.9,-436.69,89.28
523,46.68,0.9,-66.97,40.91
524,30.56,0.9,-269.96,74.24
525,37.7,0.9,-171.08,61.79
526,29.61,0.9,-257.82,73.41
527,45.98,0.9,-86.69,38.39
528,72.95,0.9,-1081.74,-10.2
529,30.75,0.9,-245.9,72.59
530,67.43,0.9,-1072.27,-10.05
531,39.86,0.9,-200.82,59.26
532,42.73,0.9,-113.89,46.37
533,47.49,0.9,-67.72,35.91
534,31.35,0.9,-214.08,70.3
535,27.93,0.9,-332.58,78.31
536,10.05,0.9,-501.39,97.59
537,51.51,0.9,-12.84,20.79
538,22.95,0.9,-338.78,83.66
539,14.85,0.9,-418.91,93.27
540,47.03,0.9,-59.86,34.8
541,34.85,0.9,-217.42,65.47
542,41.89,0.9,-100.21,50.02
543,52.41,0.9,-27.95,24.33
544,22.4,0.9,-359.52,84.9
545,41.11,0.9,-144.42,49.46
546,45.33,0.9,-79.29,37.45
547,33.54,0.9,-237.6,66.98
548,19.42,0.9,-439.84,89.45
549,58.42,0.9,-335.59,0.94
550,42.51,0.9,-100.9,50.09
551,27.61,0.9,-291.61,75.69
552,28.91,0.9,-260.8,73.62
553,29.23,0.9,-259.88,73.55
554,36.85,0.9,-191.44,63.45
555,32.16,0.9,-237.22,71.97
556,37.06,0.9,-199.16,59.12
557,30.71,0.9,-272.56,69.48
558,42.47,0.9,-114.89,46.48
559,49.09,0.9,-41.87,32.04
560,44.39,0.9,-112.7,46.25
561,46.21,0.9,-81.82,37.77
562,23.37,0.9,-343.56,83.95
563,47.93,0.9,-54.51,34.02
564,42.79,0.9,-135.21,48.56
565,47.9,0.9,-45.99,32.71
566,58.11,0.9,-16.1,21.63
567,33.52,0.9,-241.27,67.25
568,50.26,0.9,-95.88,44.4
569,35.97,0.9,-257.45,68.42
570,74.27,0.9,-13.68,15.78
571,67.8,0.9,-25.22,23.75
572,19.97,0.9,-446.17,89.79
573,17.08,0.9,-370.25,90.58
574,36.48,0.9,-232.7,71.65
575,26.49,0.9,-348.38,79.29
576,34.3,0.9,-250.31,72.89
577,44.73,0.9,-173.76,62.01
578,41.14,0.9,-248.01,67.74
579,41.71,0.9,-204.63,64.49
580,25.31,0.9,-309.92,81.9
581,38.91,0.9,-267.43,69.12
582,27.98,0.9,-341.86,78.89
583,34.5,0.9,-278.03,74.78
584,35.64,0.9,-269.81,69.29
585,52.49,0.9,-159.21,55.72
586,14.41,0.9,-439.81,94.39
587,41.48,0.9,-269.38,69.26
588,10.83,0.9,-471.01,96.03
589,27.64,0.9,-286.78,80.44
590,24.46,0.9,-391.76,86.77
591,34.28,0.9,-317.26,77.35
592,35.27,0.9,-333.7,78.38
593,48.42,0.9,-180.58,62.57
594,35.0,0.9,-285.35,75.27
595,39.12,0.9,-281.09,74.99
596,29.45,0.9,-309.9,81.89
597,28.78,0.9,-350.09,84.34
598,37.28,0.9,-299.76,76.22
599,39.84,0.9,-238.92,72.09
600,51.83,0.9,-178.39,57.39
601,41.9,0.9,-210.55,70.04
602,26.54,0.9,-388.44,86.58
603,24.88,0.9,-379.71,86.08
604,33.31,0.9,-294.52,80.93
605,23.26,0.9,-380.04,86.09
606,39.64,0.9,-281.92,75.04
607,67.85,0.9,-54.15,33.96
608,25.99,0.9,-378.4,86.0
609,37.43,0.9,-303.44,76.46
610,35.47,0.9,-333.19,78.35
611,22.66,0.9,-433.4,89.1
612,47.52,0.9,-216.71,65.42
613,30.85,0.9,-313.62,82.13
614,26.39,0.9,-359.38,84.89
615,53.52,0.9,-139.82,53.95
616,31.62,0.9,-317.12,82.34
617,39.36,0.9,-271.8,74.37
618,44.0,0.9,-270.35,69.33
619,42.17,0.9,-218.41,70.62
620,51.9,0.9,-203.03,59.44
621,33.47,0.9,-317.17,82.35
622,49.67,0.9,-162.32,61.06
623,36.08,0.9,-343.24,78.97
624,41.27,0.9,-271.51,74.35
625,33.09,0.9,-308.71,81.82
626,36.22,0.9,-331.7,78.26
627,42.03,0.9,-229.47,71.42
628,23.03,0.9,-373.8,90.78
629,25.58,0.9,-429.97,88.91
630,21.78,0.9,-371.31,90.64
631,29.39,0.9,-373.76,85.73
632,48.31,0.9,-201.74,64.26
633,40.87,0.9,-273.25,74.46
634,29.89,0.9,-314.5,82.18
635,34.59,0.9,-288.55,80.55
636,54.36,0.9,-144.28,54.36
637,57.99,0.9,-141.61,49.19
638,41.96,0.9,-264.74,73.89
639,40.19,0.9,-288.96,75.51
640,47.51,0.9,-213.89,65.2
641,53.48,0.9,-151.1,54.99
642,49.36,0.9,-179.79,62.51
643,47.27,0.9,-196.09,63.82
644,34.0,0.9,-297.46,81.11
645,30.1,0.9,-368.57,85.43
646,13.79,0.9,-424.99,93.6
647,19.46,0.9,-449.94,90.0
648,28.64,0.9,-349.95,84.33
649,45.17,0.9,-271.55,69.41
650,36.38,0.9,-322.12,77.65
651,33.87,0.9,-354.12,79.64
652,33.15,0.9,-351.45,79.48
653,39.55,0.9,-256.49,73.32
654,34.48,0.9,-355.51,79.73
655,49.32,0.9,-166.27,61.39
656,25.89,0.9,-396.13,87.02
657,53.76,0.9,-114.92,51.53
658,31.15,0.9,-292.21,80.78
659,33.86,0.9,-291.96,80.77
660,26.99,0.9,-404.9,87.51
661,45.55,0.9,-216.12,65.37
662,38.13,0.9,-313.24,77.09
663,39.86,0.9,-246.41,72.62
664,35.69,0.9,-290.99,75.65
665,39.16,0.9,-242.46,72.34
666,41.94,0.9,-276.15,69.73
667,48.41,0.9,-150.54,60.05
668,53.13,0.9,-173.54,56.97
669,32.96,0.9,-326.53,77.93
670,45.15,0.9,-255.26,68.26
671,39.73,0.9,-226.46,71.2
672,27.56,0.9,-351.96,84.45
673,47.16,0.9,-173.71,62.01
674,49.61,0.9,-200.73,59.25
675,25.97,0.9,-372.09,85.63
676,47.27,0.9,-200.32,64.15
677,40.36,0.9,-222.52,70.92
678,56.95,0.9,-148.62,49.87
679,43.99,0.9,-243.32,67.4
680,32.12,0.9,-347.91,79.26
681,34.45,0.9,-354.03,79.64
682,39.14,0.9,-242.86,72.37
683,47.42,0.9,-176.56,62.24
684,47.18,0.9,-161.54,60.99
685,34.14,0.9,-299.72,76.22
686,35.71,0.9,-332.45,78.3
687,14.68,0.9,-410.42,92.81
688,51.13,0.9,-192.51,58.58
689,30.92,0.9,-282.11,80.14
690,35.8,0.9,-323.02,77.71
691,33.64,0.9,-326.22,77.91
692,42.45,0.9,-232.69,71.65
693,36.52,0.9,-308.38,76.78
694,61.24,0.9,-74.3,41.84
695,38.07,0.9,-260.25,73.58
696,37.56,0.9,-254.84,73.21
697,51.7,0.9,-155.17,55.35
698,42.06,0.9,-245.71,67.57
699,51.23,0.9,-167.56,56.45
700,30.53,0.9,-292.59,80.81
701,47.65,0.9,-165.75,61.35
702,31.77,0.9,-357.91,79.87
703,40.56,0.9,-218.61,70.63
704,42.06,0.9,-256.48,68.35
705,42.24,0.9,-239.49,67.12
706,32.96,0.9,-286.51,80.42
707,50.4,0.9,-189.39,58.32
708,41.49,0.9,-264.54,68.92
709,34.46,0.9,-315.78,77.25
710,16.92,0.9,-449.39,89.97
711,51.83,0.9,-161.58,55.93
712,29.83,0.9,-358.44,79.91
713,31.93,0.9,-324.64,77.81
714,24.69,0.9,-314.29,82.17
715,57.02,0.9,-95.9,44.4
716,43.74,0.9,-154.18,60.36
717,25.4,0.9,-332.68,78.32
718,16.93,0.9,-375.45,90.88
719,35.47,0.9,-159.42,60.81
720,36.39,0.9,-167.45,56.44
721,58.04,0.9,-54.86,34.07
722,28.5,0.9,-327.83,78.01
723,33.5,0.9,-224.17,65.98
724,25.12,0.9,-318.05,82.4
725,56.68,0.9,-62.38,35.16
726,39.12,0.9,-133.76,53.37
727,35.63,0.9,-183.6,62.82
728,45.78,0.9,-77.48,42.23
729,37.47,0.9,-111.62,51.2
730,46.36,0.9,-89.66,38.76
731,41.7,0.9,-103.64,45.26
732,31.4,0.9,-246.93,67.66
733,30.74,0.9,-210.25,70.02
734,51.5,0.9,-52.43,33.7
735,28.21,0.9,-293.87,75.83
736,33.42,0.9,-223.64,65.94
737,21.46,0.9,-340.32,83.76
738,52.33,0.9,-32.43,30.44
739,27.37,0.9,-275.28,74.6
740,29.24,0.9,-253.21,73.09
741,39.69,0.9,-101.64,45.04
742,42.62,0.9,-76.25,42.08
743,36.45,0.9,-173.21,56.94
744,19.25,0.9,-427.78,88.79
745,31.49,0.9,-244.63,67.5
746,59.96,0.9,-9.79,14.5
747,41.91,0.9,-110.17,45.98
748,34.82,0.9,-201.94,59.35
749,35.95,0.9,-203.78,59.5
750,45.47,0.9,-77.14,37.17
751,36.56,0.9,-184.85,57.94
752,24.16,0.9,-340.25,78.79
753,39.17,0.9,-148.8,49.89
754,33.92,0.9,-240.12,67.17
755,21.47,0.9,-365.19,85.23
756,54.97,0.9,-7.31,13.59
757,30.62,0.9,-217.94,70.58
758,37.52,0.9,-186.39,58.07
759,29.8,0.9,-232.97,71.67
760,50.9,0.9,-18.9,17.29
761,30.27,0.9,-255.02,68.25
762,43.55,0.9,-63.09,40.41
763,40.49,0.9,-145.98,49.62
764,37.91,0.9,-114.03,51.44
765,34.87,0.9,-192.07,63.5
766,39.17,0.9,-109.34,50.97
767,37.44,0.9,-128.07,52.83
768,15.69,0.9,-387.8,91.57
769,30.32,0.9,-256.63,68.36
770,45.93,0.9,-58.39,34.59
771,34.47,0.9,-157.18,60.62
772,28.3,0.9,-260.37,73.59
773,16.56,0.9,-367.6,90.43
774,22.18,0.9,-326.88,82.94
775,19.62,0.9,-366.03,85.28
776,55.43,0.9,-5.96,13.05
777,20.81,0.9,-439.51,89.43
778,43.28,0.9,-68.76,41.14
779,54.43,0.9,-1024.26,-1.31
780,33.85,0.9,-193.59,63.62
781,46.55,0.9,-59.66,29.95
782,35.94,0.9,-189.85,58.36
783,62.12,0.9,-1041.41,-10.12
784,27.79,0.9,-237.12,71.97
785,43.81,0.9,-79.31,42.45
786,21.84,0.9,-371.55,85.6
787,69.49,0.9,-1055.34,-10.34
788,49.87,0.9,-15.25,21.41
789,45.9,0.9,-49.9,28.39
790,46.54,0.9,-46.63,27.84
791,33.58,0.9,-213.12,65.14
792,32.05,0.9,-233.48,71.71
793,26.6,0.9,-277.47,74.75
794,44.0,0.9,-86.98,38.42
795,49.48,0.9,-16.62,21.76
796,38.04,0.9,-129.71,52.99
797,24.25,0.9,-345.81,79.13
798,40.16,0.9,-114.0,51.44
799,27.48,0.9,-253.9,73.14
800,55.06,0.9,0,5.09
801,53.58,0.9,-1024.09,-0.74
802,23.99,0.9,-310.74,81.95
803,43.74,0.9,-60.03,40.0
804,17.66,0.9,-443.52,89.65
805,39.38,0.9,-203.75,59.5
806,44.31,0.9,-89.32,38.71
807,60.37,0.9,-1042.07,-10.2
808,34.23,0.9,-214.9,65.28
809,49.07,0.9,-12.98,15.56
810,48.79,0.9,-10.82,20.23
811,37.19,0.9,-123.22,52.36
812,44.5,0.9,-77.2,37.18
813,27.75,0.9,-240.7,72.22
814,44.37,0.9,-55.54,34.17
815,40.85,0.9,-97.43,44.57
816,42.33,0.9,-80.68,42.62
817,24.82,0.9,-293.49,80.86
818,46.13,0.9,-69.0,36.08
819,47.31,0.9,-26.49,24.02
820,32.67,0.9,-202.3,64.31
821,39.38,0.9,-102.61,45.15
822,26.04,0.9,-316.3,77.28
823,29.52,0.9,-273.03,69.52
824,35.37,0.9,-194.81,58.77
825,53.97,0.9,-91.38,2.97
826,33.88,0.9,-155.7,60.49
827,47.66,0.9,-58.95,29.84
828,27.07,0.9,-294.68,75.89
829,35.62,0.9,-191.34,58.48
830,21.39,0.9,-328.73,83.05
831,37.18,0.9,-174.43,57.05
832,55.68,0.9,-1027.93,-2.67
833,28.84,0.9,-274.64,74.56
834,34.28,0.9,-194.12,58.71
835,31.44,0.9,-229.48,66.38
836,48.8,0.9,-19.09,22.36
837,24.24,0.9,-336.05,78.53
838,23.06,0.9,-318.07,82.4
839,48.79,0.9,-14.55,21.24
840,44.94,0.9,-31.83,30.33
841,22.67,0.9,-328.25,83.02
842,39.98,0.9,-131.64,48.21
843,42.43,0.9,-83.07,37.93
844,40.21,0.9,-123.43,47.37
845,54.23,0.9,-155.79,2.13
846,64.88,0.9,-1051.04,-10.03
847,56.21,0.9,-1035.12,-7.57
848,31.36,0.9,-255.46,68.28
849,37.06,0.9,-145.91,54.51
850,35.58,0.9,-180.56,57.57
851,33.84,0.9,-151.16,60.1
852,27.3,0.9,-277.44,74.75
853,58.39,0.9,-1024.8,-1.34
854,53.0,0.9,-3.13,11.77
855,47.88,0.9,-21.93,18.09
856,36.23,0.9,-150.93,54.97
857,23.11,0.9,-329.9,83.12
858,28.92,0.9,-252.69,73.06
859,12.29,0.9,-447.05,94.78
860,26.08,0.9,-345.91,79.14
861,34.73,0.9,-157.8,60.67
862,29.79,0.9,-254.0,68.17
863,29.13,0.9,-254.0,73.15
864,29.07,0.9,-272.77,74.43
865,39.43,0.9,-122.23,52.26
866,41.02,0.9,-85.63,43.21
867,23.91,0.9,-349.06,84.28
868,21.75,0.9,-339.87,83.73
869,37.23,0.9,-132.54,53.26
870,8.7,0.9,-497.47,97.39
871,71.35,0.9,-1027.44,-2.15
872,40.67,0.9,-135.52,48.59
873,44.34,0.9,-50.35,33.39
874,53.59,0.9,0,7.89
875,34.67,0.9,-168.83,61.6
876,20.82,0.9,-361.81,85.03
877,29.44,0.9,-217.82,70.58
878,28.5,0.9,-237.0,71.96
879,43.58,0.9,-32.77,30.5
880,40.26,0.9,-62.94,40.39
881,47.95,0.9,-17.81,16.99
882,34.96,0.9,-151.65,60.14
883,42.39,0.9,-85.08,38.19
884,32.53,0.9,-221.99,65.82
885,40.67,0.9,-113.9,46.37
886,41.51,0.9,-115.3,46.52
887,21.56,0.9,-345.97,84.09
888,9.5,0.9,-497.53,97.39
889,12.71,0.9,-456.8,95.29
890,26.89,0.9,-304.83,76.55
891,25.05,0.9,-313.27,77.09
892,49.19,0.9,-20.12,17.61
893,44.47,0.9,-57.49,29.61
894,45.08,0.9,-34.56,30.81
895,38.72,0.9,-108.32,50.86
896,42.64,0.9,-87.89,38.54
897,30.27,0.9,-249.59,67.86
898,22.5,0.9,-350.27,79.41
899,46.19,0.9,-17.48,21.97
900,53.66,0.9,0,9.79
901,48.25,0.9,-11.04,20.29
902,30.66,0.9,-166.36,61.4
903,44.14,0.9,-43.56,32.32
904,53.02,0.9,-458.08,0.45
905,46.55,0.9,-48.19,28.1
906,42.6,0.9,-63.0,35.25
907,41.28,0.9,-72.38,41.6
908,36.06,0.9,-196.34,58.89
909,46.8,0.9,-53.31,28.95
910,34.84,0.9,-193.93,58.69
911,29.28,0.9,-269.21,69.25
912,26.12,0.9,-289.95,75.58
913,19.25,0.9,-436.71,89.28
914,47.98,0.9,-25.36,23.78
915,43.95,0.9,-90.4,38.85
916,39.92,0.9,-66.98,40.91
917,41.25,0.9,-99.58,44.81
918,19.78,0.9,-400.23,87.25
919,38.68,0.9,-118.34,46.84
920,38.33,0.9,-133.91,48.43
921,30.16,0.9,-272.31,69.47
922,54.42,0.9,-154.62,2.15
923,33.38,0.9,-185.23,62.95
924,41.78,0.9,-87.78,38.52
925,27.92,0.9,-257.95,73.42
926,20.98,0.9,-395.03,86.95
927,47.75,0.9,-38.63,26.42
928,36.09,0.9,-168.21,56.51
929,54.41,0.9,-1024.94,-1.67
930,43.75,0.9,-66.52,35.74
931,25.69,0.9,-296.82,76.03
932,25.49,0.9,-351.94,79.51
933,32.93,0.9,-200.41,64.16
934,48.58,0.9,-13.58,20.98
935,41.03,0.9,-129.88,48.03
936,28.37,0.9,-313.37,82.11
937,54.08,0.9,-205.89,59.67
938,51.36,0.9,-183.45,62.81
939,42.11,0.9,-259.31,73.51
940,35.73,0.9,-283.49,80.22
941,31.42,0.9,-288.38,80.54
942,42.4,0.9,-233.36,71.7
943,57.73,0.9,-142.87,54.23
944,50.64,0.9,-194.25,63.67
945,31.13,0.9,-318.64,82.44
946,39.24,0.9,-330.83,78.2
947,50.13,0.9,-209.1,64.83
948,40.17,0.9,-288.75,75.5
949,17.79,0.9,-405.06,87.52
950,40.9,0.9,-275.48,74.61
951,39.36,0.9,-296.23,75.99
952,36.28,0.9,-329.56,78.12
953,26.04,0.9,-348.67,84.26
954,29.27,0.9,-309.82,81.89
955,29.37,0.9,-364.06,85.17
956,30.34,0.9,-336.35,83.52
957,34.86,0.9,-355.66,79.74
958,43.34,0.9,-252.16,73.02
959,46.28,0.9,-249.03,67.81
960,52.96,0.9,-203.27,59.46
961,45.91,0.9,-213.2,70.24
962,57.46,0.9,-147.3,54.64
963,32.18,0.9,-290.79,80.69
964,32.99,0.9,-356.75,79.8
965,44.5,0.9,-218.18,70.6
966,35.01,0.9,-346.18,79.16
967,44.31,0.9,-211.35,70.1
968,33.57,0.9,-280.05,80.0
969,26.24,0.9,-393.85,86.89
970,50.28,0.9,-183.54,62.81
971,44.95,0.9,-259.89,68.59
972,29.01,0.9,-297.82,81.14
973,64.74,0.9,-90.49,43.78
974,21.34,0.9,-425.88,88.68
975,41.98,0.9,-227.37,71.27
976,47.94,0.9,-214.34,65.24
977,29.01,0.9,-338.1,83.62
978,53.05,0.9,-199.22,59.13
979,53.49,0.9,-184.91,57.94
980,43.34,0.9,-249.17,72.81
981,23.02,0.9,-393.45,86.86
982,39.37,0.9,-271.32,74.33
983,54.9,0.9,-199.2,59.13
984,39.76,0.9,-297.33,76.06
985,24.49,0.9,-410.58,87.83
986,42.35,0.9,-246.19,72.61
987,26.55,0.9,-377.11,85.93
988,45.66,0.9,-271.26,69.39
989,27.29,0.9,-338.76,83.66
990,56.67,0.9,-158.86,55.69
991,30.36,0.9,-371.25,85.59
992,35.92,0.9,-345.52,79.12
993,43.08,0.9,-277.54,69.83
994,46.6,0.9,-256.87,68.38
995,28.54,0.9,-366.59,85.31
996,47.56,0.9,-230.39,66.45
997,15.76,0.9,-365.09,90.29
998,36.95,0.9,-332.36,78.3
999,26.92,0.9,-406.43,87.6
1000,30.05,0.9,-351.47,84.42
1001,29.09,0.9,-326.19,82.9
1002,50.41,0.9,-238.11,67.02
1003,30.59,0.9,-315.47,82.24
1004,41.15,0.9,-265.74,73.96
1005,33.36,0.9,-347.57,79.24
1006,33.86,0.9,-305.93,81.65
1007,31.25,0.9,-314.61,82.19
1008,34.75,0.9,-316.48,77.3
1009,35.15,0.9,-353.55,79.61
1010,31.32,0.9,-335.91,83.49
1011,57.8,0.9,-138.18,53.79
1012,35.92,0.9,-331.61,78.25
1013,29.53,0.9,-343.72,83.96
1014,49.11,0.9,-216.03,65.37
1015,16.22,0.9,-362.47,90.14
1016,46.49,0.9,-228.52,71.35
1017,46.87,0.9,-272.88,69.51
1018,34.64,0.9,-315.12,82.22
1019,31.05,0.9,-342.85,78.95
1020,60.34,0.9,-137.38,48.78
1021,59.52,0.9,-146.29,49.64
1022,40.5,0.9,-249.74,72.85
1023,42.37,0.9,-222.54,70.92
1024,31.78,0.9,-322.44,82.67
1025,28.67,0.9,-363.47,85.13
1026,34.96,0.9,-346.13,79.15
1027,33.42,0.9,-357.79,79.87
1028,28.3,0.9,-335.91,83.49
1029,30.34,0.9,-313.84,82.14
1030,29.67,0.9,-331.29,83.21
1031,38.88,0.9,-286.5,75.35
1032,36.47,0.9,-296.63,76.01
1033,38.97,0.9,-317.33,77.35
1034,45.14,0.9,-256.73,68.37
1035,63.25,0.9,-124.74,47.51
1036,15.65,0.9,-374.01,90.8
1037,20.05,0.9,-418.82,88.29
1038,11.15,0.9,-456.68,95.29
1039,24.57,0.9,-374.07,85.75
1040,46.77,0.9,-259.87,68.59
1041,38.63,0.9,-302.21,76.38
1042,33.14,0.9,-306.67,81.69
1043,54.14,0.9,-181.42,57.65
1044,49.81,0.9,-208.27,64.77
1045,27.62,0.9,-318.01,82.4
1046,37.51,0.9,-313.19,77.09
1047,33.29,0.9,-302.0,81.4
1048,41.2,0.9,-236.6,71.93
1049,27.13,0.9,-389.56,86.64
1050,24.65,0.9,-373.94,85.74
1051,32.52,0.9,-289.27,80.59
1052,61.79,0.9,-117.13,46.72
1053,55.36,0.9,-173.26,56.95
1054,20.9,0.9,-369.49,85.48
1055,38.26,0.9,-309.49,76.85
1056,9.07,0.9,-460.48,95.48
1057,43.5,0.9,-229.14,71.4
1058,28.8,0.9,-353.23,84.53
1059,49.55,0.9,-210.92,64.97
1060,31.93,0.9,-292.01,80.77
1061,34.75,0.9,-340.51,78.81
1062,33.21,0.9,-303.12,81.47
1063,54.09,0.9,-202.08,59.36
1064,25.79,0.9,-376.86,85.91
1065,27.16,0.9,-391.6,86.76
1066,49.96,0.9,-208.89,64.82
1067,30.04,0.9,-304.0,81.53
1068,31.84,0.9,-317.88,82.39
1069,41.09,0.9,-267.13,74.05
1070,34.15,0.9,-288.43,80.54
1071,44.63,0.9,-246.59,67.64
1072,29.1,0.9,-315.85,82.26
1073,35.61,0.9,-273.37,74.47
1074,12.65,0.9,-435.12,94.15
1075,39.18,0.9,-262.3,68.76
1076,36.91,0.9,-278.96,69.93
1077,42.52,0.9,-219.52,65.63
1078,38.72,0.9,-185.73,62.99
1079,26.04,0.9,-256.56,73.33
1080,27.41,0.9,-285.75,75.3
1081,29.18,0.9,-223.98,71.02
1082,36.54,0.9,-274.28,69.6
1083,28.76,0.9,-303.46,76.46
1084,35.96,0.9,-273.75,74.5
1085,39.88,0.9,-251.28,72.96
1086,36.5,0.9,-316.71,77.31
1087,45.09,0.9,-258.42,68.49
1088,65.21,0.9,-81.14,42.68
1089,29.48,0.9,-294.05,80.9
1090,38.63,0.9,-282.16,75.06
1091,30.95,0.9,-280.46,80.03
1092,33.86,0.9,-284.84,80.31
1093,41.85,0.9,-236.86,71.95
1094,44.53,0.9,-229.14,71.4
1095,44.67,0.9,-215.22,70.39
1096,30.01,0.9,-354.32,79.65
1097,7.19,0.9,-513.79,98.21
1098,20.49,0.9,-372.65,85.67
1099,30.37,0.9,-295.24,80.97
1100,23.35,0.9,-330.06,83.13
1101,26.62,0.9,-325.51,82.86
1102,28.65,0.9,-303.82,81.51
1103,15.63,0.9,-369.23,90.53
1104,33.99,0.9,-323.98,77.77
1105,47.1,0.9,-197.89,63.96
1106,42.9,0.9,-244.41,67.48
1107,37.21,0.9,-257.65,73.4
1108,44.13,0.9,-255.22,68.26
1109,31.73,0.9,-359.36,79.96
1110,43.51,0.9,-212.26,70.17
1111,50.31,0.9,-191.36,63.44
1112,36.95,0.9,-305.29,76.58
1113,21.09,0.9,-415.64,88.11
1114,48.35,0.9,-222.17,65.83
1115,41.68,0.9,-250.72,72.92
1116,56.35,0.9,-161.83,55.95
1117,32.05,0.9,-310.42,81.93
1118,41.81,0.9,-245.26,72.54
1119,40.16,0.9,-265.83,73.96
1120,39.94,0.9,-282.31,75.07
1121,30.22,0.9,-320.08,82.52
1122,32.25,0.9,-359.22,79.95
1123,59.57,0.9,-126.47,52.67
1124,33.65,0.9,-354.68,79.68
1125,74.15,0.9,-48.31,28.12
1126,41.72,0.9,-248.55,72.77
1127,50.51,0.9,-204.53,64.48
1128,27.82,0.9,-345.81,84.08
1129,50.3,0.9,-187.84,63.16
1130,43.76,0.9,-270.35,69.33
1131,34.36,0.9,-343.52,78.99
1132,37.51,0.9,-314.55,77.17
1133,51.05,0.9,-155.62,60.49
1134,42.61,0.9,-211.39,70.1
1135,40.21,0.9,-214.74,70.35
1136,61.16,0.9,-125.95,47.63
1137,45.37,0.9,-242.33,67.33
1138,30.5,0.9,-299.13,81.22
1139,52.61,0.9,-160.14,60.87
1140,44.46,0.9,-256.84,68.38
1141,53.38,0.9,-171.0,56.75
1142,46.53,0.9,-229.63,66.39
1143,20.67,0.9,-438.54,89.38
1144,26.64,0.9,-375.15,85.81
1145,52.66,0.9,-152.09,60.18
1146,30.19,0.9,-335.66,83.47
1147,33.65,0.9,-286.63,80.43
1148,39.74,0.9,-322.67,77.69
1149,45.46,0.9,-262.18,68.75
1150,48.04,0.9,-229.98,66.42
1151,20.94,0.9,-357.03,84.75
1152,36.11,0.9,-285.35,80.34
1153,45.54,0.9,-254.9,68.24
1154,34.17,0.9,-316.97,77.33
1155,49.27,0.9,-223.05,65.9
1156,44.49,0.9,-242.36,67.33
1157,36.89,0.9,-277.69,74.76
1158,34.92,0.9,-325.8,77.89
1159,29.87,0.9,-291.12,80.71
1160,38.88,0.9,-286.21,75.33
1161,42.58,0.9,-237.84,72.02
1162,37.5,0.9,-292.69,75.76
1163,36.91,0.9,-285.44,75.28
1164,68.87,0.9,-74.93,36.88
1165,59.65,0.9,-101.89,50.2
1166,40.56,0.9,-230.16,71.47
1167,37.72,0.9,-275.87,74.64
1168,35.8,0.9,-282.07,75.05
1169,29.91,0.9,-325.62,77.88
1170,40.6,0.9,-237.12,71.97
1171,38.75,0.9,-256.55,73.33
1172,53.49,0.9,-168.2,56.51
1173,42.77,0.9,-268.53,69.2
1174,38.02,0.9,-238.61,72.07
1175,36.35,0.9,-273.87,74.51
1176,23.23,0.9,-397.09,87.07
1177,30.19,0.9,-332.06,83.26
1178,44.95,0.9,-215.36,70.4
1179,46.41,0.9,-254.47,68.21
1180,30.67,0.9,-347.05,79.21
1181,36.76,0.9,-330.13,78.16
1182,55.2,0.9,-180.65,57.58
1183,41.53,0.9,-252.53,73.05
1184,32.21,0.9,-346.86,79.2
1185,33.57,0.9,-325.28,82.84
1186,36.52,0.9,-294.08,75.85
1187,31.36,0.9,-303.68,81.51
1188,52.6,0.9,-208.68,59.89
1189,61.68,0.9,-136.73,48.71
1190,41.63,0.9,-241.69,72.29
1191,44.86,0.9,-227.65,71.29
1192,43.05,0.9,-227.77,71.3
1193,28.23,0.9,-304.41,81.55
1194,30.89,0.9,-347.3,84.17
1195,48.98,0.9,-212.26,65.08
1196,36.22,0.9,-330.14,78.16
1197,48.29,0.9,-228.76,66.33
1198,31.49,0.9,-289.66,80.62
1199,19.41,0.9,-444.26,89.69
1200,13.17,0.9,-443.65,94.6
1201,30.94,0.9,-289.89,80.63
1202,39.54,0.9,-244.4,72.48
1203,45.24,0.9,-255.41,68.27
1204,39.76,0.9,-280.18,74.93
1205,47.84,0.9,-201.31,64.23
1206,55.04,0.9,-187.89,58.19
1207,1,0.9,-455.52,100.28
1208,26.29,0.9,-359.4,84.89
1209,30.59,0.9,-327.67,82.99
1210,36.85,0.9,-312.69,77.05
1211,58.39,0.9,-147.07,54.62
1212,41.38,0.9,-237.03,71.96
1213,22.81,0.9,-388.91,86.6
1214,54.27,0.9,-196.08,58.87
1215,53.34,0.9,-154.82,60.42
1216,36.86,0.9,-296.87,76.03
1217,39.22,0.9,-271.79,74.37
1218,17.73,0.9,-432.92,89.07
1219,31.94,0.9,-347.48,79.24
1220,44.75,0.9,-217.83,70.58
1221,57.57,0.9,-143.1,54.25
1222,35.15,0.9,-291.11,75.65
1223,47.64,0.9,-193.74,63.63
1224,40.47,0.9,-248.28,72.75
1225,38.44,0.9,-282.71,75.1
1226,36.34,0.9,-275.17,74.59
1227,21.68,0.9,-357.78,84.8
1228,30.27,0.9,-342.15,78.91
1229,37.37,0.9,-285.72,75.3
1230,40.37,0.9,-254.17,73.16
1231,34.17,0.9,-339.85,78.77
1232,25.32,0.9,-362.7,85.09
1233,46.61,0.9,-245.45,67.56
1234,46.91,0.9,-202.75,64.34
1235,26.69,0.9,-293.63,80.87
1236,33.84,0.9,-331.17,78.22
1237,49.91,0.9,-203.22,59.45
1238,35.19,0.9,-267.57,74.08
1239,25.39,0.9,-274.16,74.53
1240,33.45,0.9,-206.7,59.73
1241,40.46,0.9,-146.12,54.53
1242,50.46,0.9,-116.0,46.6
1243,39.98,0.9,-181.75,57.68
1244,52.21,0.9,-114.38,46.42
1245,47.2,0.9,-172.11,56.85
1246,24.18,0.9,-301.07,81.34
1247,39.87,0.9,-223.55,70.99
1248,35.0,0.9,-337.08,78.59
1249,45.31,0.9,-225.16,71.11
1250,44.58,0.9,-223.94,71.02
1251,28.06,0.9,-308.13,81.78
1252,47.75,0.9,-266.52,69.06
1253,47.33,0.9,-215.22,65.3
1254,22.07,0.9,-385.45,86.41
1255,47.16,0.9,-253.19,68.11
1256,31.39,0.9,-318.87,82.45
1257,50.91,0.9,-180.31,62.55
1258,49.59,0.9,-213.74,65.19
1259,54.97,0.9,-207.03,59.76
1260,25.53,0.9,-351.98,84.45
1261,31.15,0.9,-291.22,80.72
1262,21.74,0.9,-393.58,86.87
1263,32.11,0.9,-297.98,81.15
1264,34.68,0.9,-348.7,79.31
1265,38.85,0.9,-260.14,73.57
1266,44.73,0.9,-277.97,69.86
1267,58.59,0.9,-144.03,54.34
1268,45.32,0.9,-254.24,68.19
1269,46.8,0.9,-247.27,67.69
1270,23.51,0.9,-364.79,85.21
1271,18.4,0.9,-412.81,87.96
1272,30.73,0.9,-295.58,81.0
1273,30.23,0.9,-307.87,81.77
1274,29.7,0.9,-328.51,83.04
1275,44.2,0.9,-221.8,70.87
1276,42.97,0.9,-218.96,70.66
1277,23.71,0.9,-330.69,83.17
1278,36.21,0.9,-312.15,77.02
1279,33.73,0.9,-289.08,80.58
1280,45.32,0.9,-240.75,67.21
1281,54.88,0.9,-171.41,56.79
1282,39.12,0.9,-238.95,72.1
1283,31.29,0.9,-352.69,79.55
1284,40.71,0.9,-240.99,72.24
1285,54.91,0.9,-188.33,58.23
1286,35.41,0.9,-293.13,75.79
1287,29.45,0.9,-290.3,80.66
1288,30.3,0.9,-281.59,80.1
1289,34.15,0.9,-324.06,77.78
1290,25.5,0.9,-351.15,84.4
1291,43.08,0.9,-236.99,71.96
1292,32.57,0.9,-358.74,79.92
1293,36.2,0.9,-291.15,75.66
1294,41.48,0.9,-248.9,72.79
1295,32.44,0.9,-351.2,79.46
1296,29.76,0.9,-353.46,79.6
1297,16.15,0.9,-407.61,87.66
1298,21.98,0.9,-345.83,84.09
1299,35.5,0.9,-325.47,77.87
1300,24.6,0.9,-388.14,86.56
1301,33.13,0.9,-314.07,82.15
1302,29.62,0.9,-329.03,83.07
1303,25.88,0.9,-348.71,84.26
1304,25.56,0.9,-351.27,84.41
1305,38.28,0.9,-273.29,74.47
1306,45.18,0.9,-267.52,69.13
1307,50.72,0.9,-189.28,63.28
1308,35.13,0.9,-335.62,78.5
1309,41.68,0.9,-267.1,74.05
1310,34.06,0.9,-294.48,80.93
1311,31.79,0.9,-354.55,79.67
1312,44.08,0.9,-273.52,69.55
1313,23.57,0.9,-349.66,84.31
1314,26.17,0.9,-344.64,84.01
1315,31.95,0.9,-350.6,79.43
1316,44.2,0.9,-272.37,69.47
1317,34.93,0.9,-322.55,77.68
1318,40.97,0.9,-252.96,73.08
1319,45.79,0.9,-243.73,67.43
1320,41.51,0.9,-222.99,70.95
1321,43.62,0.9,-233.52,71.71
1322,37.1,0.9,-288.67,75.49
1323,33.8,0.9,-309.28,76.83
1324,47.21,0.9,-208.46,64.78
1325,45.19,0.9,-246.98,67.67
1326,31.41,0.9,-301.09,81.34
1327,29.84,0.9,-352.68,79.55
1328,37.5,0.9,-281.59,75.02
1329,28.62,0.9,-331.41,83.22
1330,44.32,0.9,-242.73,67.36
1331,49.04,0.9,-200.32,64.15
1332,40.33,0.9,-220.62,70.78
1333,5.28,0.9,-459.26,100.47
1334,26.16,0.9,-337.63,83.59
1335,40.08,0.9,-270.63,74.29
1336,48.41,0.9,-221.78,65.8
1337,45.02,0.9,-267.34,69.12
1338,38.62,0.9,-307.33,76.71
1339,30.69,0.9,-296.14,81.03
1340,30.53,0.9,-353.2,79.59
1341,29.05,0.9,-303.42,81.49
1342,20.42,0.9,-365.25,85.23
1343,47.84,0.9,-243.1,67.38
1344,39.99,0.9,-285.19,75.26
1345,41.18,0.9,-259.58,73.53
1346,21.74,0.9,-387.8,86.54
1347,38.5,0.9,-284.4,75.21
1348,31.13,0.9,-291.6,80.74
1349,51.82,0.9,-167.13,61.46
1350,35.61,0.9,-309.07,76.82
1351,32.84,0.9,-346.66,79.19
1352,40.92,0.9,-285.94,75.31
1353,17.27,0.9,-446.61,89.82
1354,40.26,0.9,-242.46,72.34
1355,31.33,0.9,-313.48,82.12
1356,20.17,0.9,-334.89,83.43
1357,22.2,0.9,-360.2,84.94
1358,39.36,0.9,-271.16,74.32
1359,48.15,0.9,-233.25,66.66
1360,39.63,0.9,-274.87,74.57
1361,37.19,0.9,-317.37,77.35
1362,22.33,0.9,-356.05,84.69
1363,13.3,0.9,-399.89,92.24
1364,17.91,0.9,-402.71,87.39
1365,30.76,0.9,-280.11,80.01
1366,23.06,0.9,-381.97,86.21
1367,48.05,0.9,-233.97,66.71
1368,45.64,0.9,-233.48,66.68
1369,63.6,0.9,-117.59,46.76
1370,37.83,0.9,-263.98,73.84
1371,63.43,0.9,-140.28,49.06
1372,44.25,0.9,-217.75,70.57
1373,32.99,0.9,-356.52,79.79
1374,50.52,0.9,-198.96,64.04
1375,27.2,0.9,-336.69,83.54
1376,38.14,0.9,-292.65,75.75
1377,37.86,0.9,-326.01,77.9
1378,54.02,0.9,-156.28,60.54
1379,34.15,0.9,-318.36,77.42
1380,45.96,0.9,-251.98,68.03
1381,35.34,0.9,-291.87,75.7
1382,37.13,0.9,-303.07,76.43
1383,29.19,0.9,-318.34,77.41
1384,42.16,0.9,-240.2,72.18
1385,31.7,0.9,-330.78,78.2
1386,42.5,0.9,-276.99,69.79
1387,42.93,0.9,-240.38,72.2
1388,39.41,0.9,-226.48,71.2
1389,58.74,0.9,-143.56,54.29
1390,52.66,0.9,-166.02,61.37
1391,42.76,0.9,-239.43,72.13
1392,24.87,0.9,-322.16,82.65
1393,31.55,0.9,-343.22,78.97
1394,59.1,0.9,-137.44,53.72
1395,61.66,0.9,-105.02,50.52
1396,40.01,0.9,-284.41,75.21
1397,55.02,0.9,-200.87,59.26
1398,15.64,0.9,-425.42,88.66
1399,24.85,0.9,-347.77,84.2
1400,55.85,0.9,-182.6,57.75
1401,42.91,0.9,-257.02,73.36
1402,43.89,0.9,-241.31,72.26
1403,33.47,0.9,-286.33,80.41
1404,29.79,0.9,-283.24,80.21
1405,45.67,0.9,-245.04,67.53
1406,31.15,0.9,-287.46,80.48
1407,49.73,0.9,-195.81,63.8
1408,43.18,0.9,-218.21,70.6
1409,36.56,0.9,-283.5,75.15
1410,22.16,0.9,-375.39,85.83
1411,44.22,0.9,-211.39,70.1
1412,35.04,0.9,-326.54,77.93
1413,35.6,0.9,-319.73,77.5
1414,38.71,0.9,-266.5,74.01
1415,44.01,0.9,-267.62,69.14
1416,39.91,0.9,-266.95,74.04
1417,36.29,0.9,-307.32,76.71
1418,63.8,0.9,-142.77,49.3
1419,33.45,0.9,-313.91,77.13
1420,29.23,0.9,-290.07,80.65
1421,55.33,0.9,-173.81,57.0
1422,45.47,0.9,-249.72,67.86
1423,48.72,0.9,-200.07,64.13
1424,43.96,0.9,-274.73,69.64
1425,28.0,0.9,-343.04,78.96
1426,47.5,0.9,-243.7,67.43
1427,32.25,0.9,-327.78,78.01
1428,46.28,0.9,-268.33,69.19
1429,48.95,0.9,-214.19,65.23
1430,7.52,0.9,-496.31,97.33
1431,46.18,0.9,-236.89,66.93
1432,30.09,0.9,-340.63,78.81
1433,33.4,0.9,-292.67,75.76
1434,43.08,0.9,-221.16,70.82
1435,38.19,0.9,-262.09,73.71
1436,46.27,0.9,-239.75,67.14
1437,45.39,0.9,-231.26,66.51
1438,13.66,0.9,-374.8,90.84
1439,48.09,0.9,-213.82,65.2
1440,36.64,0.9,-274.28,74.53
1441,47.82,0.9,-182.89,62.76
1442,25.68,0.9,-326.46,82.92
1443,56.21,0.9,-186.45,58.07
1444,32.66,0.9,-333.18,78.35
1445,32.24,0.9,-343.18,78.97
1446,21.47,0.9,-343.82,83.97
1447,39.6,0.9,-256.14,73.3
1448,34.72,0.9,-333.68,78.38
1449,29.95,0.9,-327.94,78.02
1450,57.36,0.9,-151.73,55.04
1451,33.12,0.9,-340.82,78.82
1452,35.25,0.9,-311.84,77.0
1453,21.22,0.9,-340.63,83.77
1454,35.18,0.9,-295.15,75.92
1455,51.83,0.9,-167.32,61.48
1456,29.31,0.9,-286.29,80.4
1457,31.0,0.9,-326.59,77.94
1458,29.72,0.9,-349.87,79.38
1459,46.73,0.9,-265.58,69.0
1460,38.2,0.9,-282.75,75.1
1461,37.35,0.9,-260.53,73.6
1462,45.92,0.9,-252.93,68.1
1463,39.91,0.9,-252.16,73.02
1464,23.56,0.9,-342.93,83.91
1465,31.02,0.9,-333.74,78.38
1466,45.06,0.9,-219.81,70.72
1467,37.41,0.9,-265.72,73.95
1468,22.7,0.9,-330.06,83.13
1469,21.68,0.9,-341.2,83.81
1470,29.92,0.9,-326.76,77.95
1471,41.64,0.9,-234.41,71.77
1472,51.05,0.9,-174.92,62.11
1473,59.12,0.9,-127.67,52.79
1474,22.43,0.9,-357.39,84.77
1475,39.43,0.9,-261.5,73.67
1476,45.04,0.9,-265.17,68.97
1477,13.98,0.9,-384.39,91.38
1478,52.0,0.9,-176.48,62.24
1479,56.94,0.9,-173.62,56.98
1480,28.59,0.9,-350.62,79.43
1481,38.8,0.9,-253.72,73.13
1482,47.65,0.9,-226.94,66.19
1483,36.5,0.9,-308.97,76.81
1484,67.08,0.9,-75.11,41.94
1485,19.27,0.9,-364.48,85.19
1486,51.73,0.9,-177.72,62.34
1487,14.58,0.9,-431.48,88.99
1488,13.85,0.9,-433.72,94.07
1489,41.69,0.9,-235.7,71.87
1490,45.95,0.9,-275.35,69.68
1491,33.94,0.9,-318.37,77.42
1492,6.04,0.9,-519.07,98.47
1493,26.35,0.9,-354.79,79.68
1494,44.5,0.9,-264.53,68.92
1495,37.98,0.9,-292.05,75.72
1496,33.39,0.9,-266.08,73.98
1497,20.38,0.9,-313.74,82.13
1498,12.82,0.9,-450.38,94.95
1499,21.01,0.9,-329.67,83.11
1500,45.6,0.9,-238.16,67.02
1501,25.03,0.9,-298.28,81.17
1502,56.8,0.9,-157.12,55.53
1503,41.31,0.9,-211.78,70.13
1504,27.26,0.9,-347.47,79.24
1505,37.59,0.9,-260.43,73.59
1506,37.79,0.9,-278.64,74.83
1507,36.04,0.9,-280.15,74.93
1508,35.27,0.9,-289.69,75.56
1509,31.63,0.9,-346.12,79.15
1510,39.89,0.9,-246.33,72.62
1511,20.41,0.9,-344.59,84.01
1512,37.0,0.9,-245.98,72.59
1513,23.07,0.9,-294.4,80.92
1514,47.12,0.9,-200.19,64.14
1515,48.01,0.9,-186.51,63.05
1516,29.3,0.9,-351.81,79.5
1517,35.39,0.9,-283.66,75.16
1518,30.83,0.9,-321.36,77.61
1519,34.57,0.9,-312.66,77.05
1520,46.59,0.9,-242.78,67.36
1521,41.29,0.9,-225.6,71.14
1522,40.28,0.9,-222.88,70.94
1523,17.02,0.9,-412.43,87.93
1524,36.39,0.9,-289.87,75.57
1525,45.4,0.9,-261.32,68.69
1526,37.66,0.9,-270.23,74.26
1527,36.68,0.9,-285.99,75.31
1528,18.18,0.9,-362.77,85.09
1529,28.16,0.9,-353.98,79.63
1530,31.63,0.9,-314.5,77.17
1531,33.98,0.9,-279.48,74.88
1532,36.96,0.9,-290.49,75.61
1533,65.91,0.9,-98.84,39.86
1534,4.8,0.9,-460.55,100.54
1535,50.14,0.9,-166.03,61.37
1536,31.89,0.9,-344.55,79.06
1537,30.34,0.9,-325.28,77.85
1538,36.52,0.9,-274.52,74.55
1539,41.71,0.9,-226.91,71.24
1540,28.43,0.9,-348.6,79.3
1541,27.06,0.9,-353.23,79.59
1542,25.7,0.9,-304.56,81.56
1543,38.24,0.9,-280.7,74.96
1544,33.2,0.9,-328.02,78.03
1545,36.22,0.9,-277.87,74.77
1546,28.14,0.9,-317.45,77.36
1547,42.33,0.9,-211.7,70.13
1548,36.94,0.9,-270.62,74.29
1549,48.22,0.9,-229.51,66.38
1550,60.81,0.9,-106.84,45.62
1551,46.04,0.9,-257.65,68.43
1552,34.69,0.9,-261.05,73.63
1553,46.77,0.9,-211.98,65.06
1554,27.62,0.9,-332.31,78.3
1555,42.12,0.9,-239.33,67.11
1556,35.02,0.9,-235.55,71.85
1557,55.02,0.9,-169.33,56.61
1558,46.31,0.9,-196.82,58.93
1559,32.17,0.9,-212.99,70.22
1560,25.79,0.9,-304.36,76.52
1561,41.94,0.9,-269.64,69.28
1562,30.07,0.9,-282.05,75.05
1563,56.75,0.9,-113.28,51.37
1564,24.87,0.9,-311.56,82.0
1565,49.76,0.9,-188.92,58.28
1566,35.96,0.9,-286.97,75.38
1567,25.34,0.9,-287.43,80.48
1568,47.89,0.9,-182.7,62.75
1569,22.2,0.9,-335.47,78.49
1570,49.26,0.9,-162.0,61.03
1571,61.98,0.9,-93.32,39.2
1572,43.01,0.9,-277.03,69.79
1573,43.01,0.9,-233.15,71.68
1574,45.52,0.9,-233.65,66.69
1575,40.09,0.9,-271.7,74.36
1576,35.89,0.9,-253.29,73.1
1577,46.36,0.9,-264.69,68.93
1578,35.3,0.9,-311.2,76.96
1579,23.63,0.9,-306.96,81.71
1580,57.0,0.9,-112.31,51.27
1581,44.35,0.9,-260.97,68.67
1582,28.31,0.9,-334.53,78.43
1583,30.43,0.9,-343.57,78.99
1584,23.41,0.9,-323.63,82.74
1585,30.38,0.9,-312.41,77.04
1586,49.55,0.9,-189.08,63.26
1587,47.32,0.9,-217.15,65.45
1588,38.42,0.9,-280.55,74.95
1589,41.09,0.9,-230.17,71.47
1590,17.81,0.9,-373.45,85.71
1591,43.93,0.9,-270.0,69.31
1592,41.96,0.9,-279.13,69.94
1593,28.81,0.9,-359.3,79.96
1594,48.35,0.9,-230.68,66.47
1595,54.04,0.9,-191.92,58.53
1596,27.59,0.9,-283.84,80.25
1597,36.18,0.9,-285.32,75.27
1598,37.12,0.9,-267.29,74.06
1599,48.31,0.9,-167.16,61.46
1600,48.38,0.9,-219.37,65.62
1601,22.04,0.9,-319.53,82.49
1602,52.27,0.9,-157.04,60.61
1603,49.42,0.9,-201.15,64.22
1604,34.59,0.9,-326.04,77.9
1605,21.07,0.9,-352.44,84.48
1606,42.69,0.9,-228.04,71.32
1607,35.87,0.9,-294.97,75.91
1608,44.93,0.9,-268.88,69.23
1609,26.05,0.9,-309.5,81.87
1610,39.3,0.9,-261.37,73.66
1611,40.7,0.9,-242.74,72.36
1612,26.54,0.9,-314.06,82.15
1613,37.24,0.9,-281.75,75.03
1614,45.42,0.9,-256.59,68.36
1615,16.32,0.9,-376.43,85.89
1616,37.51,0.9,-289.28,75.53
1617,47.08,0.9,-254.91,68.24
1618,23.24,0.9,-287.21,80.46
1619,27.18,0.9,-297.24,81.1
1620,36.13,0.9,-234.99,71.81
1621,21.27,0.9,-318.75,82.44
1622,30.64,0.9,-282.95,80.19
1623,36.79,0.9,-271.82,74.37
1624,53.2,0.9,-154.61,60.4
1625,49.76,0.9,-185.98,63.01
1626,55.49,0.9,-195.51,58.82
1627,44.95,0.9,-259.18,68.54
1628,47.6,0.9,-240.59,67.2
1629,42.35,0.9,-213.82,70.28
1630,43.19,0.9,-231.62,71.57
1631,26.77,0.9,-348.39,79.29
1632,29.06,0.9,-347.18,79.22
1633,34.44,0.9,-314.31,77.16
1634,7.43,0.9,-478.88,96.44
1635,29.59,0.9,-314.38,77.16
1636,39.79,0.9,-250.11,72.88
1637,44.3,0.9,-212.38,70.18
1638,49.2,0.9,-196.16,63.82
1639,53.06,0.9,-175.71,62.17
1640,26.8,0.9,-334.32,78.42
1641,33.28,0.9,-315.34,77.22
1642,47.33,0.9,-232.16,66.58
1643,64.59,0.9,-66.29,40.82
1644,41.52,0.9,-228.51,71.35
1645,46.96,0.9,-244.67,67.5
1646,38.66,0.9,-269.37,74.2
1647,46.39,0.9,-227.36,66.22
1648,40.77,0.9,-242.41,72.34
1649,26.76,0.9,-357.53,79.85
1650,38.46,0.9,-256.57,73.33
1651,32.02,0.9,-308.65,76.79
1652,38.06,0.9,-285.01,75.25
1653,44.28,0.9,-263.89,68.88
1654,44.36,0.9,-258.74,68.51
1655,21.69,0.9,-315.29,82.23
1656,21.26,0.9,-351.71,84.44
1657,37.61,0.9,-277.73,74.76
1658,55.45,0.9,-197.69,59.0
1659,13.46,0.9,-396.33,92.04
1660,36.3,0.9,-287.22,75.4
1661,22.34,0.9,-288.57,80.55
1662,47.53,0.9,-209.65,64.88
1663,50.48,0.9,-202.83,64.35
1664,30.91,0.9,-336.76,78.57
1665,39.16,0.9,-225.6,71.14
1666,28.42,0.9,-341.62,78.87
1667,21.96,0.9,-303.27,81.48
1668,46.0,0.9,-227.5,66.23
1669,25.19,0.9,-295.24,80.97
1670,33.73,0.9,-301.5,76.33
1671,37.16,0.9,-251.63,72.98
1672,43.88,0.9,-217.49,65.48
1673,40.9,0.9,-222.02,70.88
1674,35.62,0.9,-284.7,75.23
1675,38.89,0.9,-227.26,71.26
1676,56.49,0.9,-182.76,57.76
1677,26.22,0.9,-292.59,80.81
1678,29.08,0.9,-338.47,78.68
1679,40.22,0.9,-252.05,73.01
1680,31.93,0.9,-306.0,76.62
1681,48.09,0.9,-198.93,64.04
1682,30.9,0.9,-245.48,72.56
1683,16.21,0.9,-380.96,86.15
1684,50.4,0.9,-181.79,62.67
1685,36.46,0.9,-278.98,74.85
1686,31.16,0.9,-309.63,76.86
1687,46.3,0.9,-213.91,65.2
1688,44.41,0.9,-252.27,68.05
1689,24.16,0.9,-316.8,82.32
1690,24.24,0.9,-336.42,78.55
1691,37.77,0.9,-271.49,74.35
1692,36.4,0.9,-271.95,74.38
1693,41.32,0.9,-241.61,72.28
1694,26.89,0.9,-313.0,82.09
1695,24.68,0.9,-345.82,84.08
1696,19.73,0.9,-337.27,83.57
1697,24.98,0.9,-305.2,81.6
1698,30.48,0.9,-320.22,77.53
1699,27.15,0.9,-317.35,77.35
1700,35.67,0.9,-263.72,73.82
1701,39.56,0.9,-236.1,71.89
1702,59.89,0.9,-134.13,53.41
1703,37.2,0.9,-242.71,72.36
1704,29.41,0.9,-319.67,77.5
1705,46.93,0.9,-269.65,69.28
1706,32.95,0.9,-303.74,76.48
1707,32.57,0.9,-296.77,76.02
1708,67.35,0.9,-90.01,43.72
1709,55.38,0.9,-201.09,59.28
1710,30.52,0.9,-333.53,78.37
1711,24.32,0.9,-347.61,79.24
1712,44.48,0.9,-244.79,67.51
1713,29.57,0.9,-342.73,78.94
1714,21.85,0.9,-323.04,82.71
1715,50.15,0.9,-183.33,62.8
1716,24.92,0.9,-298.4,76.13
1717,32.55,0.9,-275.2,74.59
1718,37.0,0.9,-211.99,70.15
1719,45.39,0.9,-207.55,59.8
1720,45.85,0.9,-169.2,61.63
1721,37.27,0.9,-228.7,71.36
1722,28.15,0.9,-263.75,73.82
1723,31.31,0.9,-240.93,72.24
1724,47.69,0.9,-200.58,59.24
1725,37.46,0.9,-249.69,67.86
1726,39.16,0.9,-216.89,65.43
1727,18.28,0.9,-343.57,83.95
1728,38.43,0.9,-194.38,58.73
1729,23.39,0.9,-239.98,72.17
1730,28.76,0.9,-153.04,60.26
1731,50.26,0.9,-108.06,50.84
1732,45.14,0.9,-116.14,51.66
1733,28.94,0.9,-212.5,65.1
1734,50.87,0.9,-116.43,51.68
1735,55.96,0.9,-101.29,50.14
1736,27.57,0.9,-289.8,75.57
1737,33.3,0.9,-279.06,74.85
1738,29.3,0.9,-324.16,77.78
1739,39.47,0.9,-253.56,73.12
1740,54.46,0.9,-188.15,58.21
1741,30.03,0.9,-313.86,77.13
1742,45.39,0.9,-241.35,67.26
1743,21.02,0.9,-318.4,82.42
1744,34.62,0.9,-282.34,75.07
1745,43.15,0.9,-277.33,69.82
1746,45.53,0.9,-271.45,69.41
1747,38.89,0.9,-249.6,72.84
1748,46.35,0.9,-259.2,68.54
1749,50.34,0.9,-174.75,62.09
1750,34.83,0.9,-315.28,77.22
1751,24.44,0.9,-355.74,79.74
1752,26.97,0.9,-336.93,78.58
1753,61.16,0.9,-137.2,48.76
1754,36.0,0.9,-279.56,69.97
1755,48.81,0.9,-155.88,60.51
1756,48.09,0.9,-183.74,62.83
1757,25.0,0.9,-302.85,76.42
1758,43.8,0.9,-221.35,70.83
1759,36.29,0.9,-253.37,73.11
1760,25.64,0.9,-333.1,83.32
1761,36.81,0.9,-301.55,76.34
1762,55.5,0.9,-207.47,59.8
1763,16.3,0.9,-361.19,85.0
1764,48.65,0.9,-210.05,64.91
1765,44.54,0.9,-259.38,68.56
1766,40.27,0.9,-245.39,72.55
1767,43.66,0.9,-259.54,68.57
1768,47.36,0.9,-239.3,67.11
1769,3.48,0.9,-537.65,99.39
1770,33.94,0.9,-297.63,76.08
1771,32.88,0.9,-309.79,76.87
1772,41.33,0.9,-237.17,71.97
1773,67.59,0.9,-105.11,45.43
1774,28.76,0.9,-334.98,78.46
1775,36.29,0.9,-279.44,74.88
1776,48.22,0.9,-226.06,66.12
1777,29.15,0.9,-336.06,78.53
1778,38.36,0.9,-256.98,73.35
1779,27.47,0.9,-358.46,79.91
1780,25.15,0.9,-297.43,81.11
1781,24.29,0.9,-300.7,81.32
1782,7.28,0.9,-528.5,98.94
1783,35.78,0.9,-286.23,75.33
1784,29.36,0.9,-338.27,78.67
1785,34.1,0.9,-283.23,75.13
1786,47.52,0.9,-245.26,67.54
1787,43.87,0.9,-274.4,69.61
1788,35.04,0.9,-253.99,73.15
1789,27.17,0.9,-343.98,79.02
1790,28.62,0.9,-358.64,79.92
1791,34.07,0.9,-276.83,74.7
1792,44.19,0.9,-261.45,68.7
1793,38.07,0.9,-250.96,72.94
1794,43.05,0.9,-270.21,69.32
1795,20.74,0.9,-346.88,84.15
1796,52.58,0.9,-171.72,61.84
1797,35.98,0.9,-265.89,73.97
1798,44.23,0.9,-263.39,68.84
1799,48.13,0.9,-219.86,65.66
1800,35.74,0.9,-270.08,74.25
1801,49.71,0.9,-174.85,62.1
1802,25.25,0.9,-348.8,79.32
1803,52.62,0.9,-207.79,59.82
1804,44.01,0.9,-220.24,70.75
1805,28.86,0.9,-285.82,80.37
1806,60.26,0.9,-129.71,52.99
1807,38.7,0.9,-236.37,71.91
1808,28.94,0.9,-304.53,76.53
1809,39.21,0.9,-226.78,71.23
1810,39.72,0.9,-264.65,73.88
1811,21.69,0.9,-294.39,80.92
1812,22.73,0.9,-303.02,81.46
1813,41.35,0.9,-225.59,71.14
1814,46.5,0.9,-227.07,66.2
1815,20.49,0.9,-315.99,82.27
1816,53.17,0.9,-207.87,59.83
1817,26.72,0.9,-343.68,79.0
1818,56.42,0.9,-171.77,56.82
1819,25.73,0.9,-281.21,80.08
1820,25.86,0.9,-287.01,80.45
1821,34.02,0.9,-292.99,75.78
1822,14.82,0.9,-391.46,86.75
1823,32.88,0.9,-305.29,76.58
1824,23.81,0.9,-290.15,80.65
1825,30.17,0.9,-287.63,75.42
1826,32.06,0.9,-301.32,76.32
1827,43.67,0.9,-229.93,66.41
1828,30.29,0.9,-303.26,76.45
1829,35.4,0.9,-251.91,73.0
1830,30.86,0.9,-285.48,75.28
1831,42.87,0.9,-257.3,68.41
1832,24.12,0.9,-330.75,78.2
1833,23.47,0.9,-287.27,80.47
1834,41.44,0.9,-210.27,70.02
1835,48.92,0.9,-205.06,64.52
1836,38.12,0.9,-233.7,71.72
1837,35.16,0.9,-265.64,73.95
1838,55.59,0.9,-151.9,55.06
1839,35.98,0.9,-275.47,69.69
1840,36.13,0.9,-241.7,72.29
1841,40.09,0.9,-212.81,70.21
1842,41.87,0.9,-221.44,70.84
1843,40.01,0.9,-230.15,71.47
1844,55.55,0.9,-175.8,57.17
1845,31.19,0.9,-300.51,76.27
1846,31.37,0.9,-282.02,75.05
1847,35.6,0.9,-260.87,73.62
1848,52.66,0.9,-153.38,60.29
1849,35.29,0.9,-261.66,73.68
1850,35.94,0.9,-241.59,72.28
1851,31.67,0.9,-308.9,76.81
1852,36.57,0.9,-272.89,74.44
1853,50.09,0.9,-187.22,63.11
1854,44.06,0.9,-247.07,67.67
1855,35.34,0.9,-322.04,77.65
1856,62.64,0.9,-101.33,50.14
1857,46.35,0.9,-233.83,66.7
1858,44.6,0.9,-251.27,67.98
1859,35.95,0.9,-244.69,72.5
1860,19.03,0.9,-342.28,83.87
1861,41.72,0.9,-254.79,68.23
1862,30.84,0.9,-298.37,76.13
1863,36.58,0.9,-267.61,74.08
1864,30.88,0.9,-287.02,75.38
1865,50.55,0.9,-170.66,61.76
1866,59.11,0.9,-130.8,53.09
1867,29.41,0.9,-310.08,76.89
1868,57.24,0.9,-130.14,53.03
1869,24.1,0.9,-321.55,77.62
1870,22.02,0.9,-350.68,79.43
1871,31.39,0.9,-295.21,75.92
1872,29.21,0.9,-318.11,77.4
1873,21.29,0.9,-299.86,81.27
1874,53.35,0.9,-165.31,61.31
1875,33.24,0.9,-272.8,74.43
1876,49.66,0.9,-172.01,61.87
1877,27.86,0.9,-317.79,77.38
1878,30.91,0.9,-294.84,75.9
1879,39.14,0.9,-217.08,70.52
1880,30.84,0.9,-300.72,76.28
1881,52.92,0.9,-199.35,59.14
1882,26.37,0.9,-325.13,77.84
1883,23.07,0.9,-340.06,78.78
1884,24.43,0.9,-289.06,80.58
1885,31.61,0.9,-291.17,75.66
1886,36.02,0.9,-246.16,72.6
1887,33.62,0.9,-273.29,74.47
1888,32.68,0.9,-287.98,75.45
1889,27.75,0.9,-327.76,78.01
1890,28.6,0.9,-320.26,77.54
1891,35.78,0.9,-270.52,74.28
1892,39.34,0.9,-225.52,71.14
1893,36.33,0.9,-238.71,72.08
1894,42.38,0.9,-268.41,69.19
1895,57.54,0.9,-152.89,55.15
1896,35.06,0.9,-239.24,72.12
1897,42.95,0.9,-229.13,66.35
1898,32.77,0.9,-259.77,73.55
1899,29.13,0.9,-304.46,76.52
1900,45.2,0.9,-197.64,63.94
1901,51.33,0.9,-166.98,61.45
1902,20.0,0.9,-330.12,78.16
1903,46.35,0.9,-201.85,64.27
1904,31.41,0.9,-303.03,76.43
1905,38.26,0.9,-219.68,70.71
1906,48.83,0.9,-192.73,63.55
1907,13.82,0.9,-419.61,88.33
1908,26.11,0.9,-321.96,77.64
1909,74.06,0.9,-53.01,33.79
1910,56.45,0.9,-139.77,53.94
1911,47.78,0.9,-212.52,65.1
1912,32.98,0.9,-317.05,77.33
1913,43.08,0.9,-219.32,65.62
1914,44.9,0.9,-214.57,65.25
1915,49.74,0.9,-175.52,62.16
1916,36.49,0.9,-227.57,71.28
1917,41.88,0.9,-267.5,69.13
1918,47.15,0.9,-202.16,64.3
1919,30.11,0.9,-317.66,77.37
1920,45.81,0.9,-239.1,67.09
1921,31.97,0.9,-279.22,74.86
1922,44.68,0.9,-251.65,68.0
1923,37.69,0.9,-247.48,72.7
1924,31.53,0.9,-282.2,75.06
1925,31.13,0.9,-326.84,77.95
1926,37.89,0.9,-222.4,70.91
1927,34.38,0.9,-270.16,74.26
1928,39.07,0.9,-237.64,72.0
1929,38.41,0.9,-231.84,71.59
1930,57.82,0.9,-140.47,54.01
1931,49.0,0.9,-187.44,63.13
1932,39.9,0.9,-277.29,69.81
1933,32.01,0.9,-275.07,74.59
1934,43.45,0.9,-230.36,66.45
1935,44.67,0.9,-208.54,64.79
1936,39.11,0.9,-276.32,69.75
1937,42.81,0.9,-236.76,66.92
1938,31.39,0.9,-264.99,73.9
1939,24.92,0.9,-315.89,77.26
1940,42.55,0.9,-257.21,68.4
1941,40.48,0.9,-273.33,69.54
1942,26.23,0.9,-317.75,77.38
1943,32.6,0.9,-309.84,76.87
1944,49.99,0.9,-202.13,64.29
1945,26.95,0.9,-327.6,78.0
1946,32.88,0.9,-276.6,74.69
1947,31.62,0.9,-267.74,74.09
1948,44.42,0.9,-234.55,66.76
1949,28.11,0.9,-272.86,74.44
1950,31.39,0.9,-248.54,72.77
1951,39.64,0.9,-272.27,69.46
1952,35.46,0.9,-256.52,73.32
1953,24.4,0.9,-311.44,76.97
1954,25.18,0.9,-321.54,77.62
1955,54.2,0.9,-185.5,57.99
1956,31.92,0.9,-281.8,75.04
1957,28.31,0.9,-308.57,76.79
1958,53.77,0.9,-167.23,56.43
1959,24.53,0.9,-296.31,75.99
1960,37.38,0.9,-245.56,72.56
1961,36.8,0.9,-213.73,70.28
1962,40.68,0.9,-279.98,70.0
1963,45.79,0.9,-209.88,64.89
1964,42.97,0.9,-224.87,66.04
1965,37.33,0.9,-211.52,70.11
1966,43.33,0.9,-226.7,66.17
1967,24.54,0.9,-344.18,79.03
1968,34.99,0.9,-273.05,74.45
1969,30.33,0.9,-282.22,75.06
1970,46.02,0.9,-214.45,65.25
1971,54.18,0.9,-173.91,57.01
1972,37.4,0.9,-229.57,71.43
1973,36.79,0.9,-236.61,71.93
1974,50.12,0.9,-191.29,58.48
1975,33.23,0.9,-257.85,73.41
1976,52.96,0.9,-178.23,57.38
1977,22.79,0.9,-337.56,78.62
1978,14.0,0.9,-367.88,85.39
1979,38.66,0.9,-268.29,69.19
1980,37.8,0.9,-254.17,68.18
1981,43.26,0.9,-239.97,67.16
1982,56.85,0.9,-139.94,53.96
1983,58.59,0.9,-131.62,53.17
1984,50.72,0.9,-163.37,61.15
1985,50.85,0.9,-176.81,62.26
1986,24.34,0.9,-347.41,79.23
1987,23.01,0.9,-345.01,79.08
1988,25.99,0.9,-294.88,75.9
1989,35.69,0.9,-241.16,72.25
1990,39.78,0.9,-226.99,71.24
1991,36.0,0.9,-221.76,70.86
1992,46.03,0.9,-221.34,65.77
1993,32.98,0.9,-275.2,74.59
1994,42.71,0.9,-251.03,67.96
1995,41.46,0.9,-242.92,67.37
1996,33.55,0.9,-273.23,74.46
1997,24.24,0.9,-343.15,78.97
1998,34.6,0.9,-269.32,74.2
1999,53.22,0.9,-165.26,56.25
2000,46.97,0.9,-187.38,63.12
2001,50.25,0.9,-157.34,60.63
2002,25.29,0.9,-350.04,79.39
2003,19.19,0.9,-271.0,74.31
2004,38.16,0.9,-200.59,64.17
2005,39.79,0.9,-208.79,64.81
2006,38.99,0.9,-242.1,67.31
2007,40.74,0.9,-207.6,64.72
2008,44.52,0.9,-237.86,67.0
2009,44.82,0.9,-204.84,64.5
2010,33.9,0.9,-294.4,75.87
2011,69.62,0.9,-89.34,38.72
2012,58.06,0.9,-135.35,53.52
2013,33.18,0.9,-269.9,74.24
2014,27.77,0.9,-306.61,76.66
2015,44.22,0.9,-212.57,65.1
2016,32.89,0.9,-254.71,73.2
2017,33.64,0.9,-219.1,70.67
2018,40.45,0.9,-277.9,69.86
2019,48.18,0.9,-185.76,62.99
2020,18.13,0.9,-356.86,79.81
2021,50.87,0.9,-205.75,59.66
2022,46.96,0.9,-187.31,63.12
2023,41.14,0.9,-184.26,62.87
2024,32.58,0.9,-246.26,67.61
2025,18.5,0.9,-307.82,76.74
2026,51.49,0.9,-141.14,54.07
2027,19.99,0.9,-254.49,73.18
2028,29.18,0.9,-173.9,62.02
2029,35.85,0.9,-206.08,59.68
2030,39.74,0.9,-161.59,55.93
2031,29.47,0.9,-193.81,58.68
2032,20.62,0.9,-225.9,71.16
2033,49.34,0.9,-126.56,47.69
2034,27.67,0.9,-185.84,58.02
2035,43.3,0.9,-121.54,47.18
2036,54.16,0.9,-76.7,37.11
2037,49.25,0.9,-72.93,36.61
2038,38.5,0.9,-41.06,31.91
2039,34.6,0.9,-30.94,24.94
2040,39.82,0.9,-13.35,15.68
2041,19.74,0.9,-266.39,74.0
2042,56.91,0.9,-1023.0,-6.55
2043,43.65,0.9,-1032.2,-10.04
2044,28.89,0.9,-86.4,43.3
2045,42.84,0.9,-1033.85,-10.2
2046,31.66,0.9,-48.01,28.07
2047,32.72,0.9,-52.53,28.82
2048,33.25,0.9,-17.86,17.0
2049,56.19,0.9,-1035.23,-10.1
2050,39.6,0.9,-1027.65,-10.11
2051,35.05,0.9,-9.53,14.41
2052,61.32,0.9,-1039.15,-10.25
2053,35.0,0.9,-17.74,16.97
2054,43.54,0.9,-1038.29,-10.3
2055,24.98,0.9,-177.64,57.33
2056,40.44,0.9,-1032.35,-10.09
2057,48.64,0.9,-1032.52,-10.07
2058,37.93,0.9,-1018.48,-1.66
2059,35.67,0.9,0,9.21
2060,27.48,0.9,-112.03,46.18
2061,37.02,0.9,-30.12,4.69
2062,22.98,0.9,-178.4,62.39
2063,29.53,0.9,-72.05,36.5
2064,33.65,0.9,-13.77,21.03
2065,50.23,0.9,-1024.85,-8.59
2066,47.71,0.9,-16.71,16.68
2067,37.89,0.9,-27.4,19.41
2068,27.12,0.9,-127.33,47.77
2069,39.74,0.9,-6.04,13.08
2070,21.36,0.9,-222.18,65.83
2071,41.42,0.9,-29.07,19.79
2072,38.46,0.9,-12.53,15.42
2073,37.8,0.9,-6.15,13.13
2074,27.17,0.9,-114.08,46.39
2075,15.93,0.9,-342.17,83.87
2076,26.94,0.9,-62.71,40.36
2077,24.28,0.9,-166.04,56.32
2078,30.3,0.9,-60.33,34.87
2079,23.09,0.9,-175.64,62.17
2080,38.03,0.9,-7.97,13.84
2081,61.1,0.9,-7.89,13.81
2082,40.25,0.9,-10.21,14.65
2083,36.84,0.9,-7.97,13.84
2084,31.64,0.9,-50.51,28.49
2085,36.09,0.9,-0.75,10.48
2086,40.03,0.9,-24.65,18.76
2087,28.17,0.9,-73.05,41.68
2088,26.71,0.9,-118.26,46.83
2089,28.56,0.9,-80.61,37.62
2090,27.03,0.9,-107.83,45.72
2091,12.41,0.9,-432.74,89.06
2092,44.87,0.9,-4.1,12.23
2093,33.08,0.9,-20.78,22.76
2094,44.6,0.9,-4.48,12.41
2095,52.72,0.9,-2.91,11.66
2096,36.09,0.9,-1.34,10.83
2097,42.56,0.9,-0.95,10.6
2098,22.39,0.9,-195.11,63.74
2099,37.03,0.9,-9.32,14.34
2100,40.4,0.9,-0.04,10.02
2101,52.82,0.9,0,6.64
2102,51.57,0.9,0,8.75
2103,36.03,0.9,-2.72,11.57
2104,45.47,0.9,0,8.89
2105,39.42,0.9,0,7.5
2106,30.53,0.9,-54.03,33.94
2107,19.98,0.9,-249.35,67.84
2108,35.51,0.9,0,7.62
2109,37.97,0.9,0,6.79
2110,30.77,0.9,-40.03,31.74
2111,46.45,0.9,0,7.01
2112,41.3,0.9,0,8.32
2113,44.62,0.9,0,6.64
2114,39.24,0.9,0,7.09
2115,51.78,0.9,0,5.85
2116,43.94,0.9,0,6.48
2117,48.83,0.9,0,7.24
2118,24.74,0.9,-136.54,53.64
2119,49.08,0.9,-30.46,4.68
2120,31.31,0.9,-29.35,19.85
2121,47.51,0.9,0,6.87
2122,57.43,0.9,-206.68,1.69
2123,43.26,0.9,-1015.23,-0.91
2124,35.71,0.9,0,5.01
2125,42.26,0.9,-150.35,2.19
2126,29.12,0.9,-52.35,28.79
2127,37.88,0.9,-67.16,3.45
2128,66.57,0.9,-405.17,0.65
2129,48.0,0.9,-1016.9,-1.92
2130,32.39,0.9,-8.23,13.94
2131,25.66,0.9,-127.98,47.84
2132,43.74,0.9,0,7.73
2133,41.18,0.9,-63.23,3.54
2134,45.15,0.9,-1014.69,-0.29
2135,51.21,0.9,-1018.06,-2.31
2136,52.05,0.9,0,5.08
2137,32.6,0.9,-13.96,15.86
2138,51.62,0.9,-29.6,4.72
2139,44.53,0.9,-239.11,1.47
2140,35.53,0.9,-48.41,3.96
2141,38.44,0.9,-296.09,1.13
2142,58.22,0.9,-32.49,4.58
2143,22.64,0.9,-151.3,60.11
2144,49.92,0.9,-166.22,2.03
2145,53.95,0.9,-126.54,2.46
2146,43.58,0.9,0,8.23
2147,18.57,0.9,-246.72,72.64
2148,41.02,0.9,0,6.65
2149,64.71,0.9,0,5.61
2150,47.19,0.9,0,6.15
2151,40.04,0.9,-1.18,10.73
2152,15.17,0.9,-322.32,82.66
2153,48.6,0.9,-0.64,10.41
2154,28.36,0.9,-61.15,34.99
2155,33.94,0.9,-1.14,10.71
2156,44.63,0.9,0,8.89
2157,35.58,0.9,-8.16,13.91
2158,42.69,0.9,-5.76,12.96
2159,26.81,0.9,-96.74,39.61
2160,35.41,0.9,-5.69,12.93
2161,34.96,0.9,-7.92,13.82
2162,17.78,0.9,-287.6,75.42
2163,50.01,0.9,-8.5,14.04
2164,25.82,0.9,-100.12,44.87
2165,33.24,0.9,-11.7,15.15
2166,55.02,0.9,-9.74,14.48
2167,35.16,0.9,-13.84,15.83
2168,17.86,0.9,-278.76,74.83
2169,41.96,0.9,-22.64,18.26
2170,30.47,0.9,-26.35,23.99
2171,44.13,0.9,0,8.6
2172,26.02,0.9,-133.99,48.44
2173,62.14,0.9,-19.79,17.53
2174,38.46,0.9,-21.28,17.92
2175,62.74,0.9,-3.44,11.92
2176,45.37,0.9,-22.94,23.25
2177,53.11,0.9,-12.4,15.38
2178,30.42,0.9,-35.9,25.9
2179,32.99,0.9,-21.5,17.97
2180,40.05,0.9,-10.02,20.01
2181,49.37,0.9,-19.93,17.57
2182,31.75,0.9,-23.74,18.54
2183,46.91,0.9,-39.32,26.54
2184,19.02,0.9,-271.03,69.38
2185,45.32,0.9,-16.62,21.76
2186,29.65,0.9,-38.82,26.45
2187,25.1,0.9,-144.31,49.45
2188,9.28,0.9,-414.49,93.03
2189,25.53,0.9,-88.09,43.5
2190,34.6,0.9,-27.57,24.25
2191,34.77,0.9,-26.92,24.11
2192,32.33,0.9,-12.73,20.76
2193,37.69,0.9,-14.04,21.1
2194,31.69,0.9,-14.13,21.13
2195,44.04,0.9,-22.92,23.24
2196,23.74,0.9,-137.26,53.71
2197,32.77,0.9,-17.02,21.86
2198,44.5,0.9,-27.5,19.43
2199,18.75,0.9,-211.95,70.14
2200,36.09,0.9,-29.03,24.55
2201,36.34,0.9,-32.48,25.24
2202,15.51,0.9,-345.44,79.11
2203,26.13,0.9,-62.98,40.39
2204,34.63,0.9,-20.24,22.63
2205,51.5,0.9,-17.14,21.89
2206,35.22,0.9,-27.89,19.52
2207,29.55,0.9,-47.85,28.04
2208,42.37,0.9,-58.71,29.8
2209,28.05,0.9,-73.0,36.62
2210,40.58,0.9,-24.66,23.63
2211,38.75,0.9,-21.28,22.87
2212,34.95,0.9,-36.66,26.05
2213,10.38,0.9,-395.31,91.98
2214,37.76,0.9,-26.76,24.08
2215,35.73,0.9,-37.26,31.28
2216,29.06,0.9,-33.72,25.49
2217,31.24,0.9,-27.84,24.3
2218,48.47,0.9,-43.45,27.28
2219,48.33,0.9,-28.27,24.39
2220,51.91,0.9,-36.98,26.11
2221,50.14,0.9,-31.15,24.98
2222,44.52,0.9,-32.86,25.32
2223,40.25,0.9,-29.71,24.69
2224,18.84,0.9,-214.5,65.25
2225,45.68,0.9,-34.41,25.62
2226,39.15,0.9,-48.7,28.19
2227,43.23,0.9,-37.14,26.14
2228,25.22,0.9,-117.19,46.72
2229,43.94,0.9,-58.0,29.69
2230,64.33,0.9,-26.5,24.02
2231,48.83,0.9,-42.14,27.05
2232,37.65,0.9,-32.06,30.37
2233,42.9,0.9,-43.26,27.25
2234,35.44,0.9,-35.8,31.03
2235,32.89,0.9,-40.68,26.79
2236,48.01,0.9,-32.71,30.49
2237,24.43,0.9,-134.6,48.5
2238,30.01,0.9,-28.21,24.38
2239,39.84,0.9,-45.0,27.55
2240,34.35,0.9,-55.24,29.26
2241,51.26,0.9,-42.03,27.03
2242,28.52,0.9,-49.07,28.25
2243,21.37,0.9,-191.97,58.53
2244,47.88,0.9,-13.94,21.08
2245,19.6,0.9,-186.86,63.08
2246,38.12,0.9,-33.66,25.48
2247,49.6,0.9,-42.62,27.14
2248,61.25,0.9,-34.78,25.69
2249,36.48,0.9,-35.43,25.82
2250,45.6,0.9,-29.05,24.55
2251,24.13,0.9,-132.16,48.26
2252,44.83,0.9,-51.95,28.72
2253,49.2,0.9,-43.22,27.24
2254,18.42,0.9,-257.63,68.43
2255,47.6,0.9,-16.94,21.84
2256,56.92,0.9,-20.76,22.75
2257,25.95,0.9,-63.13,35.27
2258,42.63,0.9,-24.76,23.65
2259,27.45,0.9,-50.81,33.46
2260,4.05,0.9,-522.44,98.64
2261,43.74,0.9,-31.18,24.99
2262,38.67,0.9,-49.68,28.35
2263,22.58,0.9,-148.93,54.79
2264,41.93,0.9,-37.39,26.19
2265,41.8,0.9,-27.1,24.15
2266,23.65,0.9,-140.39,49.07
2267,40.63,0.9,-24.61,23.62
2268,36.8,0.9,-12.64,20.73
2269,54.75,0.9,-2.3,11.35
2270,29.36,0.9,-26.66,24.06
2271,31.73,0.9,-15.45,16.31
2272,48.85,0.9,-21.62,18.01
2273,42.14,0.9,-25.09,23.72
2274,46.23,0.9,-18.19,22.14
2275,45.07,0.9,-24.47,23.58
2276,48.86,0.9,-38.75,26.44
2277,34.22,0.9,-11.7,20.48
2278,38.64,0.9,-21.51,17.98
2279,54.7,0.9,-16.27,21.67
2280,50.25,0.9,-47.4,27.97
2281,51.2,0.9,-23.63,23.4
2282,19.4,0.9,-259.33,68.55
2283,29.65,0.9,-33.39,25.42
2284,42.35,0.9,-21.62,22.95
2285,32.0,0.9,-25.34,23.77
2286,44.21,0.9,-15.37,21.44
2287,33.33,0.9,-10.76,20.22
2288,21.77,0.9,-155.42,55.38
2289,59.96,0.9,-16.21,21.66
2290,38.24,0.9,-28.02,19.55
2291,37.1,0.9,-11.79,20.5
2292,44.62,0.9,-12.35,20.65
2293,26.07,0.9,-57.95,34.52
2294,19.0,0.9,-211.99,65.06
2295,32.37,0.9,-39.75,26.62
2296,34.57,0.9,-34.86,25.71
2297,51.54,0.9,-25.59,23.83
2298,36.07,0.9,-28.87,19.75
2299,36.02,0.9,-16.08,16.5
2300,26.12,0.9,-67.42,35.87
2301,40.04,0.9,-13.64,21.0
2302,22.58,0.9,-117.94,51.83
2303,66.29,0.9,-10.97,14.91
2304,37.9,0.9,-23.72,18.53
2305,38.76,0.9,-25.4,23.79
2306,62.98,0.9,-24.78,18.79
2307,34.76,0.9,-10.99,20.28
2308,45.35,0.9,-30.7,24.89
2309,62.66,0.9,-7.57,13.69
2310,47.67,0.9,-24.73,18.78
2311,37.67,0.9,-19.37,22.42
2312,19.19,0.9,-200.71,64.18
2313,52.66,0.9,-14.02,21.1
2314,30.49,0.9,-14.15,21.13
2315,37.55,0.9,-29.16,19.81
2316,27.74,0.9,-38.66,26.42
2317,31.99,0.9,-18.86,22.31
2318,20.23,0.9,-162.13,61.04
2319,40.33,0.9,-17.36,21.94
2320,43.98,0.9,-25.17,18.89
2321,32.74,0.9,-27.92,24.32
2322,51.57,0.9,-10.49,20.14
2323,24.26,0.9,-68.63,41.13
2324,33.45,0.9,-4.22,12.29
2325,21.86,0.9,-122.23,52.26
2326,18.44,0.9,-200.83,64.19
2327,43.44,0.9,-12.66,15.46
2328,58.18,0.9,-18.88,17.28
2329,53.23,0.9,-26.71,19.25
2330,48.71,0.9,-28.03,19.56
2331,35.0,0.9,-21.0,22.8
2332,30.88,0.9,-10.63,20.18
2333,42.05,0.9,-15.41,21.45
2334,17.45,0.9,-272.85,69.5
2335,36.74,0.9,-18.03,22.11
2336,35.14,0.9,-24.84,18.81
2337,41.21,0.9,-27.68,19.48
2338,39.79,0.9,-29.95,19.99
2339,38.4,0.9,-14.36,15.99
2340,22.52,0.9,-117.47,46.75
2341,41.0,0.9,-14.36,21.19
2342,49.19,0.9,-24.01,18.6
2343,40.32,0.9,-25.02,18.85
2344,47.97,0.9,-4.0,12.19
2345,33.92,0.9,-51.46,3.86
2346,49.03,0.9,-13.22,20.89
2347,44.99,0.9,-11.31,15.02
2348,53.21,0.9,-7.54,13.68
2349,47.18,0.9,-7.31,13.59
2350,35.48,0.9,-22.43,18.21
2351,31.83,0.9,-18.49,17.18
2352,46.75,0.9,-9.44,14.38
2353,38.35,0.9,-8.75,14.13
2354,23.05,0.9,-90.71,43.81
2355,24.97,0.9,-61.91,35.09
2356,36.21,0.9,-4.42,12.38
2357,44.53,0.9,-8.47,14.03
2358,35.52,0.9,-0.32,10.21
2359,33.53,0.9,-13.67,21.0
2360,42.74,0.9,-27.7,19.48
2361,45.68,0.9,-23.26,18.42
2362,44.15,0.9,-15.59,16.35
2363,36.17,0.9,-12.05,15.26
2364,37.17,0.9,-11.18,14.98
2365,26.0,0.9,-33.71,25.49
2366,32.69,0.9,-4.63,12.48
2367,40.86,0.9,-0.61,10.39
2368,34.09,0.9,-7.36,13.61
2369,40.76,0.9,-10.62,14.79
2370,37.91,0.9,-16.8,16.71
2371,10.45,0.9,-409.9,87.79
2372,26.0,0.9,-32.29,30.41
2373,53.09,0.9,-4.41,12.37
2374,40.34,0.9,-5.58,12.89
2375,44.2,0.9,-9.71,14.47
2376,53.07,0.9,-17.98,17.04
2377,69.72,0.9,-1021.49,-10.04
2378,46.65,0.9,-11.67,15.14
2379,30.53,0.9,-10.4,14.71
2380,29.22,0.9,-2.17,11.28
2381,38.35,0.9,-5.52,12.86
2382,27.7,0.9,-21.11,17.87
2383,6.76,0.9,-469.79,95.97
2384,46.89,0.9,-16.54,16.63
2385,45.79,0.9,-7.14,13.52
2386,40.04,0.9,-1.35,10.83
2387,19.86,0.9,-190.92,58.44
2388,28.67,0.9,0,9.92
2389,49.67,0.9,-6.75,13.37
2390,34.7,0.9,-0.98,10.62
2391,53.25,0.9,-3.6,12.0
2392,39.2,0.9,-13.5,15.72
2393,48.3,0.9,-2.42,11.41
2394,41.49,0.9,-2.18,11.29
2395,37.0,0.9,-2.1,11.25
2396,31.41,0.9,-3.45,11.93
2397,57.13,0.9,-4.11,12.24
2398,34.8,0.9,0,9.59
2399,23.59,0.9,-43.7,32.34
2400,36.28,0.9,-4.91,12.6
2401,32.93,0.9,-2.83,11.62
2402,40.49,0.9,-5.35,12.79
2403,37.56,0.9,-1.82,11.09
2404,34.45,0.9,0,7.76
2405,32.08,0.9,0,9.18
2406,50.34,0.9,-2.63,11.52
2407,24.6,0.9,-45.84,32.68
2408,35.46,0.9,0,9.94
2409,51.63,0.9,0,8.43
2410,42.7,0.9,0,8.58
2411,44.48,0.9,0,5.85
2412,31.64,0.9,0,9.38
2413,53.89,0.9,0,5.4
2414,25.98,0.9,-16.02,21.61
2415,48.24,0.9,0,7.92
2416,47.32,0.9,0,7.85
2417,40.16,0.9,0,7.3
2418,31.08,0.9,0,9.74
2419,42.98,0.9,-0.87,10.55
2420,36.08,0.9,0,8.32
2421,43.01,0.9,0,6.8
2422,28.14,0.9,-4.46,12.4
2423,24.21,0.9,-62.49,35.18
2424,35.99,0.9,0,6.0
2425,27.56,0.9,-14.62,21.25
2426,31.59,0.9,0,6.51
2427,34.49,0.9,-66.42,3.46
2428,13.82,0.9,-312.8,77.06
2429,47.6,0.9,0,5.73
2430,55.65,0.9,0,8.9
2431,41.04,0.9,0,6.7
2432,40.55,0.9,-34.64,4.48
2433,47.08,0.9,-276.04,1.24
2434,34.33,0.9,0,7.47
2435,58.82,0.9,-72.2,3.33
2436,46.66,0.9,0,7.02
2437,31.31,0.9,0,8.1
2438,30.62,0.9,0,7.61
2439,41.81,0.9,0,8.38
2440,38.12,0.9,0,7.03
2441,15.09,0.9,-252.8,73.07
2442,43.72,0.9,-99.74,2.83
2443,28.77,0.9,-53.05,3.81
2444,47.56,0.9,-89.38,3.0
2445,29.07,0.9,0,6.11
2446,26.84,0.9,-9.75,14.49
2447,42.48,0.9,0,7.14
2448,40.26,0.9,0,9.86
2449,19.87,0.9,-115.37,51.58
2450,3.19,0.9,-542.56,99.64
2451,22.67,0.9,-69.91,36.21
2452,43.47,0.9,-310.15,1.06
2453,20.24,0.9,-118.49,51.89
2454,42.41,0.9,-73.98,3.29
2455,26.41,0.9,-13.32,20.91
2456,50.48,0.9,-491.06,0.35
2457,49.69,0.9,-446.78,0.49
2458,31.64,0.9,-156.45,2.13
2459,29.99,0.9,-174.6,1.96
2460,32.72,0.9,0,5.01
2461,30.51,0.9,-25.88,4.93
2462,57.53,0.9,-0.14,10.09
2463,40.96,0.9,0,9.31
2464,24.86,0.9,-13.4,20.93
2465,31.23,0.9,0,8.71
2466,37.38,0.9,-25.59,4.95
2467,52.59,0.9,-6.41,13.23
2468,23.28,0.9,-37.2,31.27
2469,58.29,0.9,0,9.65
2470,54.01,0.9,-0.2,10.13
2471,19.49,0.9,-133.61,53.36
2472,46.17,0.9,0,7.3
2473,34.98,0.9,0,7.71
2474,36.23,0.9,0,6.19
2475,30.52,0.9,-37.85,4.34
2476,23.82,0.9,-56.52,29.46
2477,35.05,0.9,0,5.84
2478,50.08,0.9,0,7.68
2479,49.32,0.9,0,7.82
2480,16.65,0.9,-182.37,62.72
2481,34.44,0.9,0,5.9
2482,33.22,0.9,0,7.03
2483,57.7,0.9,-18.82,17.27
2484,20.52,0.9,-99.19,44.77
2485,28.53,0.9,-30.67,30.12
2486,47.47,0.9,-56.32,29.43
2487,35.18,0.9,-70.86,36.34
2488,30.73,0.9,-81.06,37.68
2489,40.64,0.9,-86.87,38.41
2490,24.3,0.9,-47.18,32.89
2491,41.73,0.9,-31.05,24.96
2492,30.01,0.9,0,9.99
2493,18.43,0.9,-112.91,51.33
2494,29.19,0.9,-41.04,4.21
2495,44.59,0.9,0,5.05
2496,32.97,0.9,-38.93,4.3
2497,44.87,0.9,0,5.27
2498,47.35,0.9,0,6.73
2499,44.92,0.9,0,6.1
2500,48.52,0.9,-3.0,11.71
2501,35.14,0.9,-14.74,16.1
2502,56.66,0.9,-24.9,18.82
2503,49.94,0.9,-29.78,19.95
2504,52.36,0.9,-24.99,18.84
2505,42.49,0.9,-21.57,17.99
2506,14.01,0.9,-256.89,73.35
2507,55.28,0.9,-29.44,19.88
2508,32.29,0.9,-15.41,21.45
2509,38.86,0.9,-24.94,23.69
2510,20.69,0.9,-96.2,44.43
2511,54.05,0.9,-56.19,29.41
2512,33.33,0.9,-53.13,28.92
2513,50.39,0.9,-49.51,28.32
2514,41.31,0.9,-37.43,26.19
2515,42.11,0.9,-43.94,27.37
2516,34.95,0.9,-56.24,29.41
2517,22.07,0.9,-50.41,33.4
2518,29.45,0.9,-33.57,30.64
2519,45.03,0.9,-47.15,32.89
2520,51.56,0.9,-53.62,33.88
2521,49.1,0.9,-66.46,35.73
2522,45.12,0.9,-64.41,35.45
2523,44.79,0.9,-77.16,37.17
2524,42.86,0.9,-56.74,34.35
2525,10.68,0.9,-322.45,82.67
2526,40.37,0.9,-71.68,36.45
2527,41.25,0.9,-85.27,38.21
2528,50.39,0.9,-89.96,38.79
2529,43.36,0.9,-99.51,39.94
2530,38.21,0.9,-87.74,38.52
2531,37.69,0.9,-81.11,37.68
2532,30.7,0.9,-84.1,38.06
2533,34.63,0.9,-97.62,39.72
2534,47.47,0.9,-61.89,40.25
2535,43.61,0.9,-87.4,43.42
2536,33.94,0.9,-71.84,41.53
2537,38.18,0.9,-90.64,38.88
2538,45.53,0.9,-94.91,44.29
2539,63.73,0.9,-39.34,31.63
2540,36.9,0.9,-75.79,42.02
2541,32.29,0.9,-111.36,46.1
2542,32.68,0.9,-118.05,46.81
2543,12.04,0.9,-344.41,79.05
2544,2.21,0.9,-540.06,99.51
2545,42.87,0.9,-121.61,47.18
2546,26.86,0.9,-113.52,46.33
2547,31.64,0.9,-144.38,49.46
2548,31.97,0.9,-147.88,49.8
2549,25.99,0.9,-127.89,52.81
2550,31.41,0.9,-116.64,51.71
2551,45.95,0.9,-123.64,47.39
2552,31.22,0.9,-101.55,50.16
2553,37.78,0.9,-100.15,50.02
2554,53.21,0.9,-104.97,45.41
2555,19.3,0.9,-157.83,55.59
2556,33.12,0.9,-162.37,56.0
2557,28.92,0.9,-165.16,56.24
2558,27.56,0.9,-175.89,57.18
2559,20.34,0.9,-193.5,58.66
2560,46.59,0.9,-105.97,50.62
2561,34.05,0.9,-178.45,57.39
2562,38.12,0.9,-168.13,56.5
2563,37.7,0.9,-183.3,57.81
2564,35.29,0.9,-111.68,51.21
2565,53.87,0.9,-79.09,37.42
2566,64.34,0.9,-56.2,29.41
2567,45.74,0.9,-86.42,43.3
2568,21.02,0.9,-67.69,41.01
2569,49.88,0.9,-48.81,33.15
2570,22.11,0.9,-44.51,27.47
2571,37.17,0.9,-43.25,4.13
2572,39.7,0.9,-562.52,0.13
2573,45.99,0.9,-1011.28,-1.1
2574,48.19,0.9,-1011.77,-1.98
2575,23.62,0.9,-9.95,14.56
2576,32.88,0.9,-1015.38,-6.88
2577,52.61,0.9,-1014.88,-6.21
2578,25.77,0.9,-1010.62,-0.2
2579,40.18,0.9,-1016.77,-9.09
2580,37.58,0.9,-1016.0,-7.49
2581,27.27,0.9,-1016.91,-9.18
2582,29.85,0.9,-1014.33,-6.25
2583,36.06,0.9,-1013.98,-4.65
2584,41.8,0.9,-1010.67,-1.07
2585,30.61,0.9,-1018.12,-10.03
2586,42.86,0.9,-1018.17,-10.07
2587,35.54,0.9,-1015.8,-7.33
2588,39.14,0.9,-1013.81,-4.59
2589,48.67,0.9,-1015.44,-6.68
2590,29.06,0.9,-1016.0,-8.1
2591,24.57,0.9,-489.92,0.35
2592,70.33,0.9,-1018.13,-10.06
2593,36.9,0.9,-1012.98,-3.57
2594,41.01,0.9,-1013.62,-4.4
2595,36.68,0.9,0,5.48
2596,51.19,0.9,-5.68,12.93
2597,44.51,0.9,-38.13,26.32
2598,47.45,0.9,-37.05,26.12
2599,44.49,0.9,-37.09,31.25
2600,51.99,0.9,-50.85,33.46
2601,21.05,0.9,-46.39,32.77
2602,35.89,0.9,-31.84,30.33
2603,20.54,0.9,-72.96,36.62
2604,44.48,0.9,-57.74,34.49
2605,17.93,0.9,-109.6,45.91
2606,19.34,0.9,-76.07,37.03
2607,8.95,0.9,-388.43,86.58
2608,47.46,0.9,-23.57,18.49
2609,49.11,0.9,-26.53,19.21
2610,54.49,0.9,-21.16,22.84
2611,49.25,0.9,-20.25,22.63
2612,29.81,0.9,-9.78,14.5
2613,19.39,0.9,-72.77,36.59
2614,41.21,0.9,-8.15,13.91
2615,27.09,0.9,-17.54,16.91
2616,45.01,0.9,-14.34,15.98
2617,45.12,0.9,-14.24,15.95
2618,31.85,0.9,-12.37,15.37
2619,41.95,0.9,-19.47,17.44
2620,59.38,0.9,-4.32,12.34
2621,33.22,0.9,-3.07,11.74
2622,31.68,0.9,-1.06,10.66
2623,46.17,0.9,-2.76,11.59
2624,62.97,0.9,-4.91,12.6
2625,29.43,0.9,0,7.6
2626,49.05,0.9,-10.97,14.9
2627,41.2,0.9,-13.17,15.62
2628,28.14,0.9,-13.61,15.76
2629,44.44,0.9,-10.14,14.62
2630,41.81,0.9,-4.44,12.39
2631,29.46,0.9,-9.63,14.45
2632,45.49,0.9,-9.91,14.54
2633,49.79,0.9,-1.23,10.76
2634,52.36,0.9,-1.32,10.81
2635,39.73,0.9,-7.87,13.8
2636,34.19,0.9,-0.42,10.27
2637,53.68,0.9,-7.18,13.54
2638,53.59,0.9,-20.62,17.75
2639,38.59,0.9,-20.07,22.59
2640,39.32,0.9,-24.93,23.68
2641,40.78,0.9,-26.25,19.14
2642,31.1,0.9,-17.98,17.04
2643,25.16,0.9,-12.15,15.3
2644,41.77,0.9,-27.0,19.32
2645,35.61,0.9,-16.8,16.7
2646,39.16,0.9,-24.82,23.66
2647,40.87,0.9,-45.76,27.69
2648,37.7,0.9,-17.43,21.96
2649,34.96,0.9,-19.19,17.37
2650,26.48,0.9,-25.62,23.83
2651,35.5,0.9,-28.21,19.6
2652,23.53,0.9,-17.3,16.85
2653,52.58,0.9,-2.49,11.45
2654,23.35,0.9,-6.63,13.32
2655,12.07,0.9,-229.48,71.42
2656,41.85,0.9,-2.74,11.58
2657,25.76,0.9,0,6.01
2658,41.66,0.9,0,8.35
2659,30.83,0.9,0,9.97
2660,32.61,0.9,-4.34,12.35
2661,33.66,0.9,-0.25,10.17
2662,41.75,0.9,0,6.22
2663,35.15,0.9,0,6.79
2664,41.98,0.9,0,7.14
2665,57.23,0.9,-1009.83,-0.87
2666,21.41,0.9,0,9.66
2667,32.32,0.9,-59.82,3.63
2668,36.92,0.9,0,6.08
2669,41.47,0.9,0,5.6
2670,54.4,0.9,0,5.21
2671,51.85,0.9,-576.96,0.09
2672,38.36,0.9,-58.19,3.67
2673,46.05,0.9,0,5.71
2674,34.63,0.9,-114.06,2.62
2675,69.17,0.9,-189.4,1.83
2676,40.99,0.9,-261.16,1.33
2677,46.19,0.9,-112.05,2.65
2678,32.55,0.9,-96.45,2.88
2679,28.46,0.9,-459.27,0.45
2680,11.96,0.9,-218.4,70.62
2681,36.7,0.9,-200.19,1.74
2682,49.08,0.9,0,9.22
2683,36.78,0.9,-338.55,0.93
2684,54.2,0.9,-246.59,1.42
2685,42.13,0.9,-124.04,2.49
2686,40.42,0.9,-1009.85,-1.07
2687,43.05,0.9,-195.71,1.78
2688,41.36,0.9,-1009.68,-1.38
2689,56.42,0.9,-194.79,1.79
2690,52.74,0.9,-440.42,0.52
2691,37.66,0.9,-130.75,2.41
2692,36.01,0.9,-86.32,3.05
2693,34.45,0.9,-166.37,2.03
2694,44.87,0.9,-243.45,1.44
2695,41.84,0.9,-185.49,1.86
2696,37.84,0.9,-53.64,3.8
2697,44.4,0.9,-418.15,0.6
2698,34.09,0.9,-157.06,2.12
2699,43.32,0.9,-195.35,1.78
2700,47.01,0.9,-219.28,1.6
2701,48.62,0.9,0,9.51
2702,42.71,0.9,-91.45,2.96
2703,37.13,0.9,-56.8,3.71
2704,39.11,0.9,-42.97,4.14
2705,32.9,0.9,0,7.64
2706,23.93,0.9,0,8.63
2707,46.64,0.9,-5.1,12.68
2708,33.86,0.9,-2.65,11.53
2709,37.73,0.9,-2.2,11.3
2710,27.57,0.9,0,8.64
2711,33.72,0.9,-1.32,10.81
2712,43.96,0.9,-0.16,10.11
2713,33.47,0.9,-2.14,11.27
2714,30.32,0.9,-2.57,11.49
2715,35.31,0.9,-5.87,13.01
2716,24.39,0.9,-0.61,10.39
2717,39.18,0.9,0,8.32
2718,48.39,0.9,0,9.29
2719,48.4,0.9,0,7.53
2720,44.45,0.9,0,8.38
2721,52.89,0.9,0,7.86
2722,30.94,0.9,0,6.57
2723,38.69,0.9,0,7.12
2724,9.44,0.9,-337.87,78.64
2725,29.22,0.9,0,6.86
2726,39.07,0.9,0,6.6
2727,41.95,0.9,0,6.74
2728,27.06,0.9,0,6.63
2729,42.83,0.9,0,6.98
2730,26.59,0.9,0,5.91
2731,23.73,0.9,0,5.55
2732,47.15,0.9,0,6.2
2733,49.19,0.9,0,6.35
2734,34.6,0.9,0,6.86
2735,39.23,0.9,0,6.45
2736,43.4,0.9,0,6.62
2737,43.0,0.9,0,6.55
2738,29.21,0.9,0,6.23
2739,57.67,0.9,0,5.96
2740,39.65,0.9,0,5.86
2741,21.26,0.9,0,6.47
2742,31.35,0.9,0,6.26
2743,32.56,0.9,0,6.47
2744,39.74,0.9,0,5.8
2745,25.16,0.9,0,5.78
2746,55.79,0.9,0,5.52
2747,30.27,0.9,0,6.2
2748,43.45,0.9,0,7.17
2749,42.88,0.9,0,7.53
2750,27.16,0.9,0,8.2
2751,36.53,0.9,0,7.72
2752,32.28,0.9,0,6.76
2753,20.19,0.9,-36.59,4.39
2754,42.09,0.9,-27.27,4.85
2755,50.21,0.9,-28.74,4.77
2756,35.46,0.9,0,6.05
2757,43.54,0.9,0,7.48
2758,43.46,0.9,0,7.08
2759,35.87,0.9,-32.33,4.58
2760,49.75,0.9,0,5.04
2761,45.16,0.9,-7.77,13.76
2762,40.07,0.9,-24.67,18.76
2763,28.03,0.9,-47.67,28.01
2764,39.24,0.9,-0.72,10.46
2765,51.85,0.9,-13.2,20.88
2766,38.72,0.9,-0.91,10.57
2767,51.61,0.9,-28.19,19.59
2768,35.28,0.9,-3.34,11.87
2769,44.14,0.9,-50.73,28.52
2770,24.24,0.9,-6.02,13.07
2771,39.58,0.9,-3.61,12.01
2772,28.64,0.9,-28.39,24.42
2773,61.27,0.9,-12.29,20.64
2774,20.83,0.9,-10.22,20.06
2775,44.86,0.9,0,9.93
2776,36.92,0.9,-24.18,18.65
2777,35.83,0.9,-25.18,18.89
2778,39.49,0.9,-5.43,12.83
2779,25.98,0.9,0,8.34
2780,31.26,0.9,-17.66,22.01
2781,34.96,0.9,0,9.04
2782,36.12,0.9,-6.72,13.36
2783,31.27,0.9,-24.12,18.63
2784,20.57,0.9,-30.06,30.01
2785,63.45,0.9,-54.71,34.05
2786,37.64,0.9,-20.76,22.75
2787,29.92,0.9,-31.26,30.23
2788,31.53,0.9,-46.37,27.79
2789,39.02,0.9,-23.5,23.37
2790,67.89,0.9,-38.17,26.33
2791,34.03,0.9,-52.97,28.89
2792,30.15,0.9,-58.81,29.82
2793,39.73,0.9,-28.84,24.51
2794,50.02,0.9,-25.49,23.81
2795,25.73,0.9,-9.56,14.42
2796,46.6,0.9,0,6.01
2797,39.92,0.9,0,6.2
2798,38.95,0.9,-32.77,4.56
2799,48.47,0.9,0,6.82
2800,23.56,0.9,-0.29,10.19
2801,51.17,0.9,-6.83,13.4
2802,21.12,0.9,-4.22,12.29
2803,33.64,0.9,0,7.96
2804,44.58,0.9,0,7.28
2805,52.46,0.9,-271.66,1.27
2806,42.92,0.9,0,5.54
2807,37.25,0.9,0,5.66
2808,29.24,0.9,-30.32,4.68
2809,40.89,0.9,0,6.41
2810,49.12,0.9,0,5.02
2811,43.77,0.9,-315.87,1.03
2812,24.85,0.9,-46.29,4.03
2813,23.96,0.9,-55.55,3.74
2814,30.74,0.9,-55.0,3.76
2815,15.64,0.9,-5.65,12.91
2816,59.54,0.9,-470.8,0.41
2817,38.29,0.9,-1007.07,-0.34
2818,38.94,0.9,-1006.78,-0.03
2819,42.95,0.9,-1008.62,-1.97
2820,52.62,0.9,-560.02,0.14
2821,28.78,0.9,-1008.06,-2.15
2822,61.15,0.9,-589.33,0.06
2823,49.84,0.9,-1009.08,-3.9
2824,39.0,0.9,-1007.82,-1.38
2825,34.95,0.9,-1008.46,-2.83
2826,52.91,0.9,-1007.87,-1.95
2827,49.29,0.9,-1010.91,-7.06
2828,37.94,0.9,-1008.55,-3.01
2829,34.51,0.9,-1009.29,-3.93
2830,40.98,0.9,-1008.87,-3.93
2831,26.41,0.9,-1008.11,-2.8
2832,38.0,0.9,-1007.7,-2.23
2833,43.82,0.9,-1008.91,-4.49
2834,23.47,0.9,-1007.8,-1.96
2835,36.96,0.9,-1008.57,-3.13
2836,45.57,0.9,-1007.27,-1.81
2837,51.62,0.9,-1009.43,-5.34
2838,26.63,0.9,-1009.44,-5.16
2839,63.29,0.9,-1009.57,-4.99
2840,37.42,0.9,-1008.65,-4.17
2841,39.65,0.9,-1008.93,-5.04
2842,33.81,0.9,-1009.97,-6.86
2843,34.28,0.9,-1008.46,-4.19
2844,37.26,0.9,-1010.59,-8.07
2845,47.95,0.9,-1009.26,-5.67
2846,28.86,0.9,-1011.61,-10.02
2847,26.96,0.9,-1011.77,-10.02
2848,46.84,0.9,-1011.83,-10.02
2849,38.22,0.9,-1011.65,-10.03
2850,20.39,0.9,-1012.07,-10.04
2851,53.0,0.9,-1011.68,-10.02
2852,28.4,0.9,-1012.04,-10.01
2853,36.17,0.9,-1011.59,-10.01
2854,63.72,0.9,-1011.33,-10.03
2855,36.23,0.9,-1011.57,-10.03
2856,20.31,0.9,-1011.72,-10.01
2857,49.3,0.9,-1011.09,-10.01
2858,29.38,0.9,-1011.45,-10.03
2859,34.66,0.9,-1010.59,-9.17
2860,32.53,0.9,-1011.42,-10.05
2861,30.95,0.9,-1011.51,-10.04
2862,39.77,0.9,-1011.33,-10.02
2863,27.73,0.9,-1011.82,-10.03
2864,32.1,0.9,-1011.55,-10.0
2865,37.7,0.9,-1012.35,-10.07
2866,26.64,0.9,-1011.71,-10.04
2867,39.37,0.9,-1011.71,-10.03
2868,41.19,0.9,-1011.7,-10.02
2869,6.82,0.9,-303.84,76.48
2870,40.32,0.9,-1010.77,-10.03
2871,39.07,0.9,-1011.18,-10.0
2872,50.3,0.9,-1011.12,-10.03
2873,27.98,0.9,-1011.62,-10.01
2874,49.37,0.9,-1011.73,-10.01
2875,38.71,0.9,-1011.95,-10.05
2876,57.83,0.9,-1012.03,-10.04
2877,21.31,0.9,-1012.11,-10.01
2878,23.35,0.9,-1011.09,-10.02
2879,43.57,0.9,-1011.31,-10.02
2880,43.32,0.9,-1011.26,-10.01
2881,28.53,0.9,-1011.11,-10.05
2882,38.99,0.9,-1010.93,-10.02
2883,34.11,0.9,-1011.36,-10.0
2884,19.91,0.9,-1011.12,-10.04
2885,26.59,0.9,-1010.73,-10.0
2886,40.43,0.9,-1010.01,-10.03
2887,50.39,0.9,-1010.95,-10.01
2888,23.46,0.9,-1010.64,-10.0
2889,46.28,0.9,-1009.75,-10.0
2890,36.63,0.9,-1009.82,-10.0
2891,50.96,0.9,-1009.59,-10.03
2892,14.29,0.9,-1009.61,-10.04
2893,42.59,0.9,-1009.88,-10.01
2894,36.2,0.9,-1009.39,-10.01
2895,22.31,0.9,-1006.23,-1.8
2896,44.26,0.9,-349.96,0.87
2897,49.59,0.9,-94.13,2.92
2898,12.91,0.9,0,8.06
2899,33.7,0.9,-4.25,12.3
2900,43.21,0.9,-13.4,15.69
2901,28.49,0.9,-18.06,17.06
2902,29.17,0.9,-8.37,13.99
2903,45.9,0.9,-27.25,19.38
2904,40.19,0.9,-11.22,14.99
2905,34.92,0.9,-19.24,17.38
2906,28.9,0.9,-25.49,18.96
2907,44.01,0.9,-13.93,15.86
2908,26.77,0.9,-21.5,17.97
2909,17.19,0.9,-24.07,23.5
2910,36.75,0.9,-29.0,19.78
2911,39.66,0.9,-21.9,23.01
2912,35.5,0.9,-17.52,21.98
2913,46.85,0.9,-18.23,22.15
2914,41.82,0.9,-19.82,22.53
2915,23.67,0.9,-38.3,26.35
2916,28.09,0.9,-22.06,23.05
2917,33.14,0.9,-24.89,23.68
2918,34.76,0.9,-18.18,22.14
2919,33.54,0.9,-33.16,25.38
2920,34.05,0.9,-17.42,21.96
2921,55.62,0.9,-24.97,23.69
2922,30.06,0.9,-26.3,23.98
2923,42.99,0.9,-22.66,23.18
2924,51.28,0.9,-26.69,24.06
2925,62.86,0.9,-19.7,22.5
2926,38.04,0.9,-18.45,22.21
2927,58.0,0.9,-31.04,24.96
2928,34.76,0.9,-31.15,24.98
2929,37.18,0.9,-18.18,22.14
2930,37.18,0.9,-16.39,21.7
2931,15.34,0.9,-53.75,29.02
2932,39.13,0.9,-24.02,23.49
2933,42.61,0.9,-20.62,22.72
2934,30.86,0.9,-29.9,24.73
2935,35.04,0.9,-20.55,22.7
2936,27.01,0.9,-25.64,23.84
2937,55.92,0.9,-36.78,26.07
2938,36.95,0.9,-19.17,22.38
2939,43.39,0.9,-37.7,26.24
2940,46.39,0.9,-33.17,25.38
2941,27.54,0.9,-37.8,26.26
2942,24.3,0.9,-39.54,26.58
2943,28.44,0.9,-34.86,25.71
2944,21.34,0.9,-57.17,29.56
2945,28.06,0.9,-30.29,24.81
2946,23.13,0.9,-46.54,27.82
2947,44.17,0.9,-31.62,25.07
2948,37.72,0.9,-25.25,23.75
2949,48.34,0.9,-24.15,23.51
2950,22.73,0.9,-55.82,29.35
2951,46.01,0.9,-36.99,26.11
2952,23.17,0.9,-48.02,28.07
2953,25.87,0.9,-27.94,24.33
2954,39.4,0.9,-34.98,25.73
2955,17.18,0.9,-34.63,30.82
2956,26.6,0.9,-37.03,26.12
2957,37.7,0.9,-34.12,25.56
2958,27.34,0.9,-39.04,26.49
2959,47.23,0.9,-41.68,26.97
2960,39.43,0.9,-31.29,25.01
2961,29.43,0.9,-36.58,26.03
2962,30.95,0.9,-26.53,24.03
2963,44.76,0.9,-34.26,25.59
2964,43.61,0.9,-40.78,26.81
2965,44.57,0.9,-33.96,25.53
2966,41.0,0.9,-49.76,28.36
2967,29.43,0.9,-44.29,27.43
2968,31.36,0.9,-42.74,27.16
2969,54.45,0.9,-29.74,24.7
2970,31.82,0.9,-48.02,28.07
2971,16.98,0.9,-58.65,29.79
2972,35.99,0.9,-31.59,30.29
2973,45.98,0.9,-56.49,29.45
2974,39.22,0.9,-52.9,28.88
2975,65.08,0.9,-32.55,30.46
2976,52.77,0.9,-36.89,31.21
2977,28.3,0.9,-58.72,29.8
2978,54.14,0.9,-30.21,30.04
2979,38.13,0.9,-54.14,29.08
2980,34.57,0.9,-57.36,29.59
2981,29.51,0.9,-45.58,27.65
2982,29.27,0.9,-45.44,27.63
2983,45.94,0.9,-52.3,28.78
2984,43.61,0.9,-51.73,28.69
2985,48.24,0.9,-48.15,28.09
2986,64.22,0.9,-44.49,27.47
2987,19.09,0.9,-42.66,27.14
2988,55.48,0.9,-19.7,22.5
2989,43.58,0.9,-37.64,26.23
2990,48.59,0.9,-38.4,26.37
2991,34.55,0.9,-34.4,25.62
2992,39.31,0.9,-40.41,26.74
2993,17.68,0.9,-34.37,25.61
2994,50.5,0.9,-37.68,26.24
2995,54.24,0.9,-32.96,25.34
2996,40.09,0.9,-36.62,26.04
2997,18.63,0.9,-33.02,25.35
2998,50.89,0.9,-44.11,27.4
2999,29.24,0.9,-30.25,24.8
3000,23.89,0.9,-39.55,26.59
