Episode,Kick_Speed,NN_start_speed,CRS_speed,Rewards,Stop_Distance
0,37.204,37.204,29.521,-1118.0819999999999,-0.081
4,31.074,31.074,21.389,-1085.556,-0.039
6,43.507,43.507,35.243,-1140.972,-0.24
7,39.895,39.895,31.28,-1125.121,-0.214
12,25.581,25.581,13.595,-1054.38,-0.073
13,27.19,27.19,16.305999999999997,-1065.224,-0.078
14,35.978,35.978,27.561999999999998,-1110.249,-0.163
15,23.22,23.22,8.521,-1034.0819999999999,-0.028999999999999998
18,37.389,37.389,29.046999999999997,-1116.19,-0.10800000000000001
19,34.016999999999996,34.016999999999996,25.28,-1101.12,-0.011000000000000001
21,24.749000000000002,24.749000000000002,12.235999999999999,-1048.943,-0.055999999999999994
30,36.296,36.296,26.878,-1107.511,-0.348
34,37.459,36.726,28.486,-1113.944,-0.128
35,43.605,42.832,36.201,-1144.806,-0.303
54,31.545,31.545,21.914,-1087.657,-0.027000000000000003
55,44.978,44.978,36.943000000000005,-1147.7730000000001,-0.26899999999999996
56,40.78,40.78,32.763000000000005,-1131.0539999999999,-0.434
72,31.335,31.335,20.930999999999997,-1083.725,-0.11199999999999999
74,32.824,32.824,23.011,-1092.045,-0.235
79,30.49,30.49,20.477,-1081.907,-0.174
84,37.646,36.911,29.296999999999997,-1117.19,-0.20199999999999999
86,31.538,31.538,21.75,-1086.998,-0.03
87,33.708,33.708,24.525,-1098.1,-0.07400000000000001
90,29.531999999999996,28.869,19.339000000000002,-1077.355,-0.11599999999999999
92,39.533,39.533,30.548000000000002,-1122.193,-0.106
94,35.739000000000004,35.739000000000004,26.596999999999998,-1106.389,-0.105
95,29.744,29.744,19.254,-1077.017,-0.003
96,26.903000000000002,26.903000000000002,14.588,-1058.351,-0.063
97,44.328,44.328,36.374,-1145.494,-0.47100000000000003
98,25.308000000000003,24.695,13.757,-1055.028,-0.076
99,22.566999999999997,22.566999999999997,6.6979999999999995,-1026.7910000000002,-0.001
100,31.311999999999998,31.311999999999998,21.673000000000002,-1086.691,-0.026000000000000002
105,27.324,27.324,15.769,-1063.076,-0.218
111,32.405,32.405,21.589000000000002,-1086.356,-0.019
112,44.803000000000004,44.803000000000004,36.010999999999996,-1144.0430000000001,-0.10400000000000001
113,39.157,39.157,31.245,-1124.979,-0.0
116,25.166,25.166,12.350999999999999,-1049.404,-0.011000000000000001
117,27.281999999999996,27.281999999999996,14.75,-1059.001,-0.08800000000000001
120,34.013000000000005,34.013000000000005,23.97,-1095.879,-0.009000000000000001
121,29.263,29.263,19.886,-1079.546,-0.038
122,32.75,32.75,23.18,-1092.721,-0.10400000000000001
125,31.178,31.178,21.835,-1087.339,-0.244
128,27.42,27.42,14.588,-1058.35,-0.032
134,29.951,29.951,19.012999999999998,-1076.053,-0.175
135,42.361000000000004,42.361000000000004,34.033,-1136.134,-0.3
136,39.05,39.05,29.874000000000002,-1119.497,-0.152
142,34.53,34.53,24.354,-1097.417,-0.322
146,44.903999999999996,44.903999999999996,36.949,-1147.7939999999999,-0.19699999999999998
159,23.515,23.515,7.837000000000001,-1031.349,-0.073
161,43.966,43.966,35.504,-1142.016,-0.152
169,31.314,31.314,20.349,-1081.395,-0.12300000000000001
170,42.659,42.659,33.952,-1135.81,-0.442
173,29.156999999999996,29.156999999999996,18.522000000000002,-1074.089,-0.217
175,29.035,29.035,17.76,-1071.04,-0.07400000000000001
176,25.085,25.085,11.502,-1046.008,-0.046
177,31.523000000000003,31.523000000000003,20.491,-1081.962,-0.046
183,24.0,24.0,9.254,-1037.016,-0.087
184,34.857,34.857,24.853,-1099.411,-0.016
185,38.165,38.165,29.323,-1117.2930000000001,-0.064
187,31.838,31.838,21.949,-1087.797,-0.249
191,25.374000000000002,25.374000000000002,10.575999999999999,-1042.303,-0.161
194,34.059,34.059,24.414,-1097.657,-0.134
196,31.764,31.764,20.859,-1083.437,-0.026000000000000002
200,37.735,37.735,29.412,-1117.646,-0.276
201,30.944000000000003,30.944000000000003,19.508,-1078.0339999999999,-0.21100000000000002
202,23.875,23.875,7.314,-1029.257,-0.055999999999999994
203,25.684,25.684,11.802999999999999,-1047.21,-0.16899999999999998
206,35.371,35.371,25.678,-1102.711,-0.135
216,37.128,37.128,27.791999999999998,-1111.1680000000001,-0.294
217,30.607,30.607,19.875,-1079.498,-0.053
218,28.715999999999998,28.715999999999998,16.908,-1067.634,-0.039
220,31.563000000000002,30.878,21.695999999999998,-1086.785,-0.095
222,34.334,34.334,24.43,-1097.722,-0.185
223,29.095,29.095,18.795,-1075.18,-0.053
224,42.745,42.745,34.604,-1138.415,-0.152
226,23.858,23.191999999999997,11.890999999999998,-1047.565,-0.099
228,36.759,36.759,28.336,-1113.3419999999999,-0.327
230,43.078,43.078,34.957,-1139.829,-0.141
231,23.293000000000003,23.293000000000003,11.288,-1045.151,-0.003
235,44.101000000000006,44.101000000000006,36.74,-1146.9589999999998,-0.071
237,21.647,21.647,7.206,-1028.8239999999998,-0.054000000000000006
238,35.104,35.104,25.537,-1102.1480000000001,-0.11599999999999999
242,43.552,43.552,35.775999999999996,-1143.104,-0.156
246,38.304,38.304,29.673000000000002,-1118.693,-0.08199999999999999
252,35.914,35.914,27.61,-1110.44,-0.258
253,43.783,43.783,36.145,-1144.5810000000001,-0.21100000000000002
254,29.378,29.378,18.953,-1075.8110000000001,-0.113
255,36.836999999999996,36.836999999999996,28.445999999999998,-1113.7830000000001,-0.003
260,27.022,27.022,15.864,-1063.4560000000001,-0.052000000000000005
264,24.023000000000003,24.023000000000003,10.88,-1043.521,-0.059000000000000004
268,30.031999999999996,30.031999999999996,21.053,-1084.21,-0.284
269,26.846999999999998,26.846999999999998,16.345,-1065.38,-0.073
273,39.99,39.99,31.899,-1127.597,-0.121
274,24.033,24.033,11.31,-1045.24,-0.023
276,39.554,39.554,31.284000000000002,-1125.135,-0.353
277,37.298,37.298,28.816999999999997,-1115.266,-0.233
287,29.428,29.428,18.682000000000002,-1074.728,-0.016
288,24.629,24.629,13.196,-1052.7839999999999,-0.048
293,21.944000000000003,21.944000000000003,7.257999999999999,-1029.032,-0.069
295,25.899,25.899,14.722999999999999,-1058.892,-0.044000000000000004
298,43.666000000000004,43.666000000000004,35.275,-1141.1,-0.059000000000000004
300,25.816,25.816,15.690999999999999,-1062.764,-0.18600000000000003
305,29.385,28.723000000000003,19.892,-1079.568,-0.033
309,22.805999999999997,22.805999999999997,8.622,-1034.486,-0.081
310,23.357,23.357,9.824,-1039.296,-0.064
313,27.434,27.434,15.835999999999999,-1063.343,-0.133
319,42.615,42.615,34.847,-1139.387,-0.27699999999999997
324,44.718999999999994,44.718999999999994,36.889,-1147.557,-0.2
327,28.226999999999997,28.226999999999997,17.78,-1071.119,-0.001
334,27.444000000000003,27.444000000000003,16.105999999999998,-1064.422,-0.002
338,22.455,22.455,9.448,-1037.79,-0.067
339,35.451,35.451,27.193,-1108.774,-0.35
341,23.79,23.79,10.665999999999999,-1042.664,-0.021
345,42.815,42.04600000000001,35.568000000000005,-1142.271,-0.092
349,31.644000000000002,31.644000000000002,22.362,-1089.448,-0.07200000000000001
351,23.971999999999998,23.971999999999998,12.908,-1051.632,-0.15
355,42.133,42.133,33.973,-1135.894,-0.061
358,35.23,35.23,27.311,-1109.243,-0.342
359,27.788,27.788,17.982,-1071.927,-0.09699999999999999
362,38.994,38.994,31.226,-1124.905,-0.111
363,28.932,28.932,19.055,-1076.221,-0.021
369,37.929,37.929,30.37,-1121.48,-0.306
371,24.838,24.838,13.248,-1052.992,-0.016
372,41.482,41.482,32.924,-1131.695,-0.077
373,26.253,26.253,15.002,-1060.01,-0.013999999999999999
375,23.593000000000004,23.593000000000004,11.385,-1045.539,-0.10099999999999999
379,32.650999999999996,32.650999999999996,22.97,-1091.878,-0.177
380,30.006999999999998,30.006999999999998,19.187,-1076.748,-0.25
382,40.507,40.507,32.969,-1131.875,-0.065
384,40.491,40.491,32.069,-1128.277,-0.032
394,30.491999999999997,30.491999999999997,20.704,-1082.817,-0.156
419,30.02,30.02,19.57,-1078.279,-0.05
421,24.346,24.346,12.872,-1051.49,-0.086
424,38.652,38.652,29.908,-1119.631,-0.191
427,36.872,36.872,28.639,-1114.555,-0.006999999999999999
429,25.947,25.947,14.584000000000001,-1058.336,-0.221
432,30.054000000000002,30.054000000000002,20.143,-1080.5710000000001,-0.042
435,36.417,36.417,27.816,-1111.263,-0.24600000000000002
440,27.834,27.834,18.005,-1072.02,-0.006
444,29.302,29.302,20.13,-1080.521,-0.264
448,21.269000000000002,20.721,6.75,-1026.999,-0.076
450,39.984,39.984,31.256999999999998,-1125.03,-0.146
451,24.54,24.54,13.171,-1052.685,-0.071
452,40.9,40.143,32.664,-1130.656,-0.055
453,24.083000000000002,24.083000000000002,12.719000000000001,-1050.876,-0.055
454,37.071,37.071,28.666999999999998,-1114.6660000000002,-0.084
457,34.681999999999995,34.681999999999995,26.653000000000002,-1106.611,-0.045
459,35.42,35.42,26.968000000000004,-1107.872,-0.128
461,44.755,44.755,37.11,-1148.441,-0.207
462,31.588,31.588,23.219,-1092.878,-0.02
463,30.011,30.011,20.913,-1083.652,-0.10400000000000001
464,33.446,33.446,24.509,-1098.0339999999999,-0.091
468,33.797,33.797,24.997,-1099.987,-0.051
473,32.58,32.58,23.848000000000003,-1095.391,-0.205
474,37.185,37.185,28.926,-1115.705,-0.128
475,22.334,22.334,7.98,-1031.922,-0.073
476,24.475,24.475,12.755999999999998,-1051.025,-0.105
484,28.874000000000002,28.874000000000002,18.393,-1073.573,-0.034
485,42.343999999999994,42.343999999999994,35.145,-1140.58,-0.449
486,21.581,21.581,7.9510000000000005,-1031.802,-0.043
491,39.16,39.16,31.256,-1125.0230000000001,-0.131
493,23.135,23.135,11.165,-1044.66,-0.14800000000000002
494,24.654,24.654,12.879000000000001,-1051.515,-0.013999999999999999
495,35.72,35.72,26.929000000000002,-1107.714,-0.10400000000000001
499,35.295,35.295,26.778000000000002,-1107.113,-0.22
505,36.957,36.957,28.379,-1113.514,-0.321
515,32.536,32.536,23.996,-1095.984,-0.09300000000000001
517,22.476999999999997,22.476999999999997,9.911,-1039.646,-0.068
518,22.984,22.984,8.977,-1035.9080000000001,-0.066
519,22.405,22.405,7.53,-1030.119,-0.069
522,43.222,43.222,35.580999999999996,-1142.326,-0.361
527,42.083999999999996,42.083999999999996,34.915,-1139.6589999999999,-0.09300000000000001
529,31.319000000000003,31.319000000000003,23.041,-1092.164,-0.078
531,27.285999999999998,27.285999999999998,16.111,-1064.4460000000001,-0.193
533,36.577,36.577,27.781999999999996,-1111.128,-0.284
534,32.242,32.242,22.858,-1091.431,-0.235
540,24.96,24.96,14.023,-1056.09,-0.14400000000000002
541,21.805999999999997,21.805999999999997,8.72,-1034.879,-0.087
542,29.298000000000002,29.298000000000002,19.902,-1079.608,-0.043
543,42.394,42.394,33.982,-1135.9260000000002,-0.087
544,36.584,36.584,28.118000000000002,-1112.47,-0.145
545,23.842,23.250999999999998,12.675,-1050.6989999999998,-0.065
546,25.99,25.99,14.606,-1058.422,-0.09300000000000001
547,22.406,22.406,9.599,-1038.3980000000001,-0.006
548,22.464000000000002,22.464000000000002,7.99,-1031.961,-0.044000000000000004
549,44.372,44.372,37.013000000000005,-1148.052,-0.001
550,23.643,23.643,12.248,-1048.994,-0.187
552,24.031999999999996,24.031999999999996,11.41,-1045.638,-0.036000000000000004
553,26.388,26.388,17.033,-1068.131,-0.047
554,43.518,43.518,35.743,-1142.971,-0.044000000000000004
558,25.936,25.936,15.147,-1060.587,-0.06
561,25.3,25.3,13.36,-1053.441,-0.111
562,24.84,24.234,13.478,-1053.912,-0.052000000000000005
563,26.878,26.878,16.55,-1066.202,-0.11
565,22.304000000000002,22.304000000000002,9.443999999999999,-1037.775,-0.033
569,22.189,22.189,8.707,-1034.826,-0.073
571,30.994,30.994,22.064,-1088.255,-0.11800000000000001
574,25.955,25.955,14.989,-1059.9560000000001,-0.115
577,35.516999999999996,35.516999999999996,26.295,-1105.18,-0.20800000000000002
579,37.891999999999996,37.891999999999996,30.486,-1121.943,-0.10300000000000001
581,24.503,24.503,11.895,-1047.58,-0.142
585,22.086,22.086,6.938,-1027.751,-0.055
587,33.82,33.82,25.57,-1102.279,-0.122
588,22.11,22.11,8.73,-1034.921,-0.096
589,25.676,25.676,15.088,-1060.3519999999999,-0.1
592,23.747,23.747,10.460999999999999,-1041.845,-0.124
594,32.198,32.198,23.421,-1093.685,-0.109
597,25.215999999999998,25.215999999999998,14.244000000000002,-1056.975,-0.078
599,28.24,28.24,18.461,-1073.843,-0.02
601,42.156000000000006,41.391000000000005,34.650999999999996,-1138.6019999999999,-0.11800000000000001
603,24.691,24.691,11.505,-1046.021,-0.16699999999999998
605,30.476,30.476,21.084,-1084.336,-0.019
608,34.132,34.132,25.344,-1101.375,-0.071
612,41.192,41.192,33.533,-1134.133,-0.397
617,36.926,36.926,28.346,-1113.385,-0.16399999999999998
618,38.008,38.008,30.129,-1120.515,-0.19699999999999998
621,29.539,29.539,19.658,-1078.634,-0.084
623,34.97,34.97,26.951999999999998,-1107.81,-0.01
625,25.737,25.737,14.554,-1058.2169999999999,-0.163
626,30.732,30.732,21.79,-1087.1589999999999,-0.27
627,26.121,26.121,16.229,-1064.9160000000002,-0.068
634,28.089000000000002,27.441,17.975,-1071.899,-0.006999999999999999
635,27.415,27.415,16.84,-1067.361,-0.055
636,28.549,28.549,18.157,-1072.63,-0.113
639,24.51,24.51,12.017999999999999,-1048.0710000000001,-0.063
641,38.399,38.399,30.656,-1122.622,-0.004
644,26.805999999999997,26.805999999999997,16.06,-1064.241,-0.043
646,30.026,30.026,20.662,-1082.6480000000001,-0.17800000000000002
647,30.704,30.704,21.133000000000003,-1084.5330000000001,-0.023
648,36.016999999999996,36.016999999999996,27.686999999999998,-1110.748,-0.256
649,41.263999999999996,41.263999999999996,33.285,-1133.141,-0.086
651,26.909000000000002,26.909000000000002,16.655,-1066.618,-0.15
653,32.567,32.567,23.221999999999998,-1092.89,-0.015
655,42.879,42.879,32.942,-1131.767,-0.22699999999999998
657,24.163,24.163,9.266,-1037.0639999999999,-0.069
661,29.842,29.842,16.882,-1067.526,-0.034
665,30.011,30.011,17.514,-1070.056,-0.23800000000000002
666,32.891,32.891,21.831,-1087.325,-0.065
667,37.981,37.981,28.48,-1113.92,-0.151
668,25.787,25.168000000000003,11.942,-1047.767,-0.035
672,43.187,43.187,34.19,-1136.761,-0.32899999999999996
675,38.698,38.698,27.97,-1111.879,-0.015
676,31.127,31.127,18.359,-1073.438,-0.059000000000000004
677,30.368000000000002,30.368000000000002,18.775,-1075.1019999999999,-0.026000000000000002
682,35.067,34.352,24.358,-1097.43,-0.015
684,28.73,28.73,16.545,-1066.181,-0.02
691,35.959,35.959,25.204,-1100.816,-0.004
693,41.407,41.407,31.913,-1127.651,-0.39899999999999997
695,30.173000000000002,30.173000000000002,18.186,-1072.745,-0.122
696,29.086,29.086,17.128,-1068.514,-0.08800000000000001
697,23.595,23.595,9.826,-1039.3039999999999,-0.12
699,27.456,27.456,13.647,-1054.587,-0.19
701,35.606,35.606,24.151999999999997,-1096.606,-0.147
703,38.769,38.769,28.706,-1114.822,-0.316
704,30.573,30.573,18.482,-1073.928,-0.052000000000000005
705,28.425,28.425,15.046,-1060.1860000000001,-0.057999999999999996
709,35.513000000000005,35.513000000000005,23.959,-1095.836,-0.316
712,25.625999999999998,25.625999999999998,10.328,-1041.312,-0.08800000000000001
715,38.153,38.153,27.941999999999997,-1111.767,-0.061
716,40.094,39.343,29.524,-1118.094,-0.138
720,31.746,31.746,19.482,-1077.927,-0.013000000000000001
724,28.405,28.405,14.954,-1059.8139999999999,-0.012
727,31.08,31.08,17.791,-1071.163,-0.121
729,43.422,43.422,33.617,-1134.469,-0.136
731,39.766999999999996,39.018,29.218000000000004,-1116.871,-0.01
736,30.5,30.5,18.93,-1075.719,-0.011000000000000001
738,27.004,27.004,13.962,-1055.848,-0.111
740,34.376999999999995,34.376999999999995,23.313000000000002,-1093.253,-0.127
746,31.229,31.229,18.866,-1075.464,-0.11599999999999999
749,26.136,25.511999999999997,11.443,-1045.771,-0.11800000000000001
751,24.93,24.93,9.722999999999999,-1038.894,-0.10800000000000001
754,26.77,26.77,12.679,-1050.7160000000001,-0.142
758,31.12,31.12,18.975,-1075.902,-0.02
760,29.49,29.49,15.658,-1062.633,-0.06
766,39.355,39.355,29.302,-1117.2069999999999,-0.22899999999999998
767,40.176,40.176,29.715,-1118.859,-0.069
768,36.188,35.464,25.68,-1102.72,-0.045
769,32.501999999999995,32.501999999999995,20.406,-1081.622,-0.063
772,35.423,35.423,23.2,-1092.8,-0.11
783,38.023,38.023,27.603,-1110.411,-0.09
784,27.774,27.774,14.208,-1056.833,-0.10400000000000001
787,38.316,38.316,28.121,-1112.485,-0.327
789,29.885,29.885,16.757,-1067.027,-0.059000000000000004
791,35.871,35.871,24.901,-1099.6019999999999,-0.213
794,39.357,39.357,29.017,-1116.068,-0.11599999999999999
796,30.239,30.239,16.94,-1067.758,-0.21600000000000003
803,26.506,26.506,9.561,-1038.243,-0.054000000000000006
808,42.501000000000005,42.501000000000005,31.976999999999997,-1127.906,-0.001
811,44.419,44.419,34.48,-1137.922,-0.10400000000000001
815,40.147,40.147,30.217,-1120.87,-0.11
819,30.119,30.119,16.337,-1065.348,-0.196
820,38.541,38.541,27.854,-1111.415,-0.052000000000000005
822,41.356,41.356,30.701999999999998,-1122.808,-0.002
826,35.566,35.566,23.774,-1095.096,-0.188
827,41.687,41.687,31.979,-1127.917,-0.32799999999999996
834,44.56100000000001,44.56100000000001,35.497,-1141.99,-0.039
836,34.213,34.213,22.897,-1091.588,-0.018000000000000002
844,39.725,39.725,29.11,-1116.44,-0.02
846,32.988,32.988,21.573,-1086.2930000000001,-0.276
847,30.326999999999998,30.326999999999998,16.316,-1065.262,-0.052000000000000005
850,31.893,31.893,19.752,-1079.009,-0.193
851,32.361,32.361,20.426,-1081.704,-0.018000000000000002
852,38.62,38.62,27.552,-1110.208,-0.027999999999999997
858,39.422,39.422,29.385,-1117.5410000000002,-0.027000000000000003
859,43.577,43.577,33.823,-1135.292,-0.044000000000000004
861,32.959,32.959,20.462,-1081.85,-0.258
867,43.791000000000004,43.791000000000004,33.942,-1135.768,-0.022000000000000002
870,25.903000000000002,25.903000000000002,11.104000000000001,-1044.4160000000002,-0.154
871,43.619,43.619,34.375,-1137.5,-0.08
874,28.616999999999997,27.963,14.412,-1057.649,-0.033
875,35.665,35.665,24.601999999999997,-1098.406,-0.21
877,28.264,28.264,13.527000000000001,-1054.107,-0.026000000000000002
880,32.023,32.023,19.447,-1077.79,-0.027999999999999997
885,31.094,31.094,17.96,-1071.84,-0.092
887,24.96,24.96,8.66,-1034.638,-0.069
891,40.354,39.601,29.765,-1119.06,-0.141
893,42.468999999999994,42.468999999999994,32.13,-1128.519,-0.003
894,26.421,25.793000000000003,9.137,-1036.548,-0.083
895,26.353,26.353,9.656,-1038.625,-0.11599999999999999
901,36.16,36.16,24.816,-1099.266,-0.183
904,31.705,31.705,18.28,-1073.12,-0.047
913,43.473,43.473,33.332,-1133.328,-0.083
915,43.405,43.405,33.113,-1132.452,-0.418
922,36.414,36.414,25.320999999999998,-1101.2830000000001,-0.002
925,27.783,27.783,12.612,-1050.447,-0.087
926,41.302,41.302,30.961,-1123.843,-0.201
928,43.346000000000004,43.346000000000004,32.743,-1130.971,-0.215
930,39.473,39.473,29.182,-1116.728,-0.276
932,27.212,26.575,11.84,-1047.362,-0.052000000000000005
933,37.626999999999995,37.626999999999995,26.653000000000002,-1106.61,-0.027000000000000003
937,26.914,26.914,9.847999999999999,-1039.392,-0.048
938,31.224,30.543000000000003,18.76,-1075.0410000000002,-0.203
941,36.306999999999995,35.582,24.901,-1099.6019999999999,-0.057999999999999996
943,34.198,34.198,22.342,-1089.368,-0.124
949,38.102,38.102,26.891,-1107.563,-0.084
955,38.42,38.42,28.264,-1113.056,-0.264
956,33.101,33.101,21.186999999999998,-1084.747,-0.087
960,29.871,29.871,15.814,-1063.255,-0.055999999999999994
962,27.964000000000002,27.964000000000002,12.074000000000002,-1048.295,-0.106
964,29.383000000000003,29.383000000000003,14.917,-1059.6689999999999,-0.017
976,41.813,41.813,31.891,-1127.566,-0.32799999999999996
978,43.18899999999999,43.18899999999999,33.256,-1133.025,-0.114
990,31.772,31.772,18.785999999999998,-1075.144,-0.011000000000000001
991,39.835,39.835,29.271,-1117.0839999999998,-0.084
996,28.471999999999998,27.819000000000003,13.092,-1052.368,-0.044000000000000004
997,31.061999999999998,31.061999999999998,17.656,-1070.622,-0.075
999,44.092,44.092,34.758,-1139.032,-0.106
1020,43.34,43.34,33.421,-1133.683,-0.052000000000000005
1027,31.504,31.504,17.59,-1070.361,-0.076
1029,39.009,38.265,28.439,-1113.758,-0.325
1030,43.041000000000004,42.271,33.242,-1132.9669999999999,-0.35
1039,26.669,26.669,8.693999999999999,-1034.775,-0.11
1042,32.357,32.357,19.175,-1076.6989999999998,-0.10099999999999999
1043,33.643,33.643,21.101999999999997,-1084.4089999999999,-0.247
1044,40.818000000000005,40.818000000000005,29.85,-1119.402,-0.02
1051,34.765,34.765,22.809,-1091.235,-0.008
1056,37.915,37.915,26.59,-1106.359,-0.015
1058,27.965999999999998,27.965999999999998,12.72,-1050.878,-0.18100000000000002
1062,30.744,30.744,15.886,-1063.545,-0.037000000000000005
1066,33.228,33.228,21.081,-1084.3239999999998,-0.067
1067,32.727,32.727,19.891,-1079.5639999999999,-0.113
1070,33.172,33.172,20.488000000000003,-1081.952,-0.132
1075,40.027,40.027,29.299,-1117.1960000000001,-0.131
1078,34.900999999999996,34.900999999999996,22.905,-1091.621,-0.066
1081,39.451,39.451,28.714000000000002,-1114.856,-0.11900000000000001
1083,42.825,42.825,31.787,-1127.1480000000001,-0.019
1084,33.997,33.997,20.83,-1083.32,-0.102
1086,33.469,33.469,19.323,-1077.29,-0.08199999999999999
1088,43.586999999999996,43.586999999999996,33.507,-1134.026,-0.094
1090,32.176,32.176,19.2,-1076.8,-0.065
1092,44.92100000000001,44.92100000000001,34.333,-1137.333,-0.005
1093,34.754,34.754,22.12,-1088.48,-0.11699999999999999
1094,30.528000000000002,30.528000000000002,16.794,-1067.177,-0.02
1095,44.757,44.757,34.424,-1137.698,-0.11800000000000001
1098,43.41,42.637,33.9,-1135.601,-0.391
1101,39.957,39.957,28.776,-1115.1019999999999,-0.154
1102,35.269,35.269,22.5,-1089.998,-0.024
1107,38.799,38.799,27.055999999999997,-1108.223,-0.192
1110,29.62,29.62,15.18,-1060.72,-0.019
1117,36.728,36.728,25.162,-1100.6480000000001,-0.128
1120,29.903000000000002,29.903000000000002,15.129000000000001,-1060.515,-0.073
1122,36.207,36.207,23.736,-1094.945,-0.13
1130,27.298000000000002,27.298000000000002,11.436,-1045.742,-0.071
1132,32.079,32.079,17.805999999999997,-1071.226,-0.098
1138,39.727,39.727,28.86,-1115.4389999999999,-0.008
1141,44.215,44.215,33.936,-1135.742,-0.045
1153,29.075,28.416,13.477,-1053.91,-0.001
1159,33.611,33.611,19.998,-1079.993,-0.205
1160,30.285999999999998,30.285999999999998,14.905,-1059.62,-0.057
1165,42.79,42.79,31.987,-1127.9489999999998,-0.059000000000000004
1166,33.908,33.908,20.332,-1081.329,-0.034
1167,29.432,29.432,13.367,-1053.4660000000001,-0.044000000000000004
1168,33.925,33.925,20.909000000000002,-1083.635,-0.022000000000000002
1170,30.27,30.27,15.685,-1062.739,-0.139
1176,41.066,41.066,29.909000000000002,-1119.636,-0.297
1178,35.228,35.228,23.14,-1092.558,-0.113
1179,37.141999999999996,37.141999999999996,25.421999999999997,-1101.69,-0.059000000000000004
1183,44.961000000000006,44.961000000000006,34.64,-1138.562,-0.04
1188,28.320999999999998,28.320999999999998,11.974,-1047.894,-0.09300000000000001
1191,36.874,36.145,25.209,-1100.835,-0.002
1192,29.743000000000002,29.743000000000002,14.458,-1057.8319999999999,-0.073
1193,27.656,27.656,9.811,-1039.245,-0.068
1196,40.457,40.457,29.301,-1117.202,-0.195
1200,29.58,29.58,13.699000000000002,-1054.7939999999999,-0.18899999999999997
1201,34.318000000000005,34.318000000000005,21.208000000000002,-1084.83,-0.121
1202,41.803000000000004,41.803000000000004,30.918000000000003,-1123.674,-0.11800000000000001
1204,28.651,28.651,11.370999999999999,-1045.483,-0.125
1216,34.082,34.082,21.948,-1087.7939999999999,-0.083
1217,27.195,27.195,9.875,-1039.5,-0.084
1218,27.12,27.12,8.585,-1034.34,-0.073
1220,28.734,28.734,11.024000000000001,-1044.096,-0.049
1222,28.869,28.869,12.68,-1050.719,-0.094
1228,40.39,40.39,28.307,-612.981,0.0
1236,44.246,44.246,33.758,-1135.032,-0.035
1238,29.636,29.636,13.167,-1052.6680000000001,-0.10800000000000001
1245,31.32,31.32,17.042,-1068.1660000000002,-0.038
1250,36.461,36.461,24.934,-1099.736,-0.161
1253,41.395,41.395,29.156999999999996,-1116.626,-0.081
1257,38.025,38.025,26.614,-1106.455,-0.019
1258,27.16,26.524,9.209,-1036.836,-0.06
1263,31.984,31.984,16.939,-1067.755,-0.139
1269,35.77,35.77,23.289,-1093.156,-0.106
1276,37.944,37.944,25.133000000000003,-1100.532,-0.079
1277,43.363,43.363,32.88,-1131.52,-0.39299999999999996
1281,40.024,40.024,28.018,-1112.0739999999998,-0.083
1283,44.516000000000005,44.516000000000005,34.558,-1138.23,-0.009000000000000001
1287,31.215999999999998,31.215999999999998,16.81,-1067.241,-0.139
1288,31.378,31.378,16.094,-1064.376,-0.046
1299,44.676,44.676,34.439,-1137.756,-0.281
1301,28.741999999999997,28.741999999999997,10.946,-1043.786,-0.075
1302,34.058,34.058,20.45,-1081.799,-0.033
1304,34.799,34.799,21.419,-1085.677,-0.040999999999999995
1306,28.258000000000003,28.258000000000003,9.078,-1036.31,-0.055999999999999994
1308,33.38,33.38,20.386,-1081.546,-0.107
1310,38.606,38.606,27.3,-1109.202,-0.239
1313,38.149,38.149,26.008000000000003,-1104.031,-0.12
1314,36.486999999999995,36.486999999999995,23.193,-1092.77,-0.251
1320,38.792,38.792,26.353,-1105.411,-0.217
1321,33.488,33.488,19.954,-1079.815,-0.115
1323,30.485,29.811,14.98,-1059.92,-0.017
1324,32.076,31.386999999999997,17.378,-1069.512,-0.071
1325,31.074,31.074,14.619000000000002,-1058.475,-0.009000000000000001
1326,28.474,28.474,11.603,-1046.413,-0.051
1334,37.565,37.565,24.98,-1099.9180000000001,-0.149
1335,33.964,33.964,20.468,-1081.871,-0.067
1339,39.038000000000004,39.038000000000004,26.941999999999997,-1107.768,-0.011000000000000001
1344,40.973,40.973,28.962,-1115.847,-0.076
1350,36.373000000000005,36.373000000000005,22.445999999999998,-1089.7830000000001,-0.067
1352,30.660999999999998,30.660999999999998,13.862,-1055.4489999999998,-0.032
1354,40.814,40.814,29.406,-1117.623,-0.06
1359,36.785,36.785,24.284000000000002,-1097.134,-0.022000000000000002
1361,43.262,42.49100000000001,32.731,-1130.9260000000002,-0.21600000000000003
1362,44.105,44.105,33.281,-1133.124,-0.299
1363,35.695,35.695,23.272,-1093.088,-2.407
1364,36.431,36.431,24.139,-1096.557,-0.006999999999999999
1374,42.84,42.84,31.305999999999997,-1125.225,-0.13
1375,40.455,40.455,28.346,-1113.386,-0.183
1378,31.19,31.19,16.04,-1064.1589999999999,-0.111
1379,41.115,41.115,29.178,-1116.711,-0.141
1381,33.389,33.389,20.449,-1081.795,-0.102
1382,37.658,37.658,25.475,-1101.9,-0.006999999999999999
1384,41.178000000000004,41.178000000000004,29.691,-1118.765,-0.008
1387,29.96,29.96,11.842,-1047.369,-0.034
1389,39.732,39.732,27.47,-1109.879,-0.1
1390,41.801,41.801,29.947,-1119.789,-0.138
1395,42.563,42.563,31.194000000000003,-1124.776,-0.223
1402,29.371,29.371,11.008,-1044.0339999999999,-0.136
1406,28.315,27.665,9.245,-1036.98,-0.061
1409,35.946999999999996,35.946999999999996,23.346,-1093.385,-0.225
1410,28.495,28.495,10.84,-1043.361,-0.015
1412,38.650999999999996,38.650999999999996,26.381,-1105.5230000000001,-0.09
1413,33.949,33.949,19.035999999999998,-1076.146,-0.14
1416,34.387,34.387,21.459,-1085.837,-0.15
1420,44.913999999999994,44.913999999999994,34.47,-1137.88,-0.085
1421,30.854,30.854,14.16,-1056.639,-0.107
1423,43.28,43.28,32.735,-1130.941,-0.131
1429,29.883000000000003,29.883000000000003,14.342,-1057.368,-0.07400000000000001
1430,37.874,37.137,24.726,-1098.903,-0.107
1431,28.32,28.32,9.552,-1038.2089999999998,-0.065
1436,35.593,35.593,21.86,-1087.441,-0.075
1437,36.856,36.856,23.534000000000002,-1094.137,-0.20800000000000002
1438,28.296999999999997,28.296999999999997,9.613,-1038.453,-0.068
1439,37.132,37.132,24.324,-1097.295,-0.013000000000000001
1440,28.173000000000002,28.173000000000002,9.05,-1036.1989999999998,-0.055999999999999994
1444,44.565,44.565,33.089,-1132.354,-0.254
1446,36.059,36.059,22.061999999999998,-1088.249,-0.063
1447,30.996,30.996,15.064,-1060.257,-0.07
1449,28.675,28.675,9.82,-1039.279,-0.077
1450,33.967,33.260999999999996,19.368,-1077.471,-0.05
1457,33.121,33.121,18.402,-1073.609,-0.187
1459,34.501,34.501,20.924,-1083.694,-0.11599999999999999
1461,44.65,43.87,33.898,-1135.594,-0.161
1468,33.393,32.692,18.492,-1073.968,-0.084
1473,30.713,30.037,14.107000000000001,-1056.43,-0.052000000000000005
1483,38.326,38.326,25.574,-1102.295,-0.16399999999999998
1484,32.611,32.611,17.368,-1069.473,-0.057999999999999996
1485,31.138,31.138,15.32,-1061.279,-0.115
1487,42.138000000000005,42.138000000000005,30.123,-1120.491,-0.025
1488,33.657,33.657,18.83,-1075.319,-0.085
1491,40.647,39.891999999999996,28.295,-1113.181,-0.165
1494,40.168,40.168,27.998,-1111.993,-0.0
1497,34.19,34.19,20.22,-1080.881,-0.033
1499,29.539,29.539,12.179,-1048.7160000000001,-0.042
1500,29.576999999999998,29.576999999999998,11.052999999999999,-1044.212,-0.062
1501,34.492,34.492,19.889,-1079.556,-0.027999999999999997
1509,30.445,30.445,13.981,-1055.923,-0.051
1516,34.22,34.22,19.334,-1077.3339999999998,-0.125
1517,30.203000000000003,30.203000000000003,11.677999999999999,-1046.71,-0.033
1519,38.201,38.201,25.595,-1102.379,-0.002
1521,42.593,42.593,31.087,-1124.35,-0.086
1523,42.479,42.479,31.584,-1126.336,-0.10400000000000001
1525,30.912,30.912,14.487,-1057.9489999999998,-0.055999999999999994
1527,35.318000000000005,35.318000000000005,22.139,-1088.5539999999999,-0.096
1530,37.416,37.416,24.624000000000002,-1098.494,-0.05
1533,42.952,42.952,31.383000000000003,-1125.5330000000001,-0.073
1535,44.54,44.54,32.842,-1131.369,-0.046
1537,42.963,42.963,30.961,-1123.8419999999999,-0.006
1538,30.973000000000003,30.973000000000003,14.247,-1056.987,-0.023
1545,43.961000000000006,43.961000000000006,32.368,-1129.473,-0.239
1547,37.951,37.951,25.434,-1101.736,-0.039
1549,30.750999999999998,30.750999999999998,13.675,-1054.6989999999998,-0.042
1565,40.726,40.726,28.785999999999998,-1115.143,-0.109
1567,31.787,31.787,16.070999999999998,-1064.2830000000001,-0.893
1568,44.513000000000005,44.513000000000005,33.173,-1132.69,-0.139
1576,30.298000000000002,30.298000000000002,13.241,-1052.965,-0.099
1578,41.798,41.798,29.622,-1118.488,-0.268
1579,30.513,30.513,13.682,-1054.726,-0.045
1582,29.309,29.309,12.187000000000001,-1048.75,-0.111
1585,40.902,40.902,29.115,-1116.46,-0.32
1588,42.93,42.93,31.122,-1124.487,-0.106
1592,37.667,37.667,23.958000000000002,-1095.83,-0.245
1596,43.305,43.305,31.647,-1126.589,-0.23199999999999998
1597,37.323,37.323,24.857,-1099.428,-0.040999999999999995
1599,28.381999999999998,28.381999999999998,9.105,-1036.421,-0.068
1602,37.78,37.78,24.396,-1097.5839999999998,-0.006999999999999999
1603,35.302,35.302,22.346999999999998,-1089.388,-0.153
1604,34.273,34.273,19.719,-1078.877,-0.106
1611,34.02,34.02,19.524,-1078.095,-0.156
1614,35.62,34.9,22.1,-1088.401,-0.23800000000000002
1617,33.771,33.771,18.933,-1075.731,-0.114
1619,33.649,33.649,17.469,-1069.877,-0.201
1623,36.606,36.606,23.581999999999997,-1094.328,-0.028999999999999998
1624,36.443000000000005,36.443000000000005,21.923000000000002,-1087.69,-0.256
1628,44.563,44.563,32.539,-1130.157,-0.15
1631,33.466,33.466,17.153,-1068.613,-0.024
1632,35.075,35.075,20.417,-1081.6660000000002,-0.14
1633,35.857,35.857,22.566999999999997,-1090.268,-0.099
1638,32.222,31.531999999999996,15.892000000000001,-1063.569,-0.063
1648,39.04,39.04,27.201,-1108.806,-0.128
1649,33.128,33.128,17.864,-1071.4560000000001,-0.203
1651,33.596,33.596,18.951,-1075.803,-0.124
1652,39.605,39.605,26.313000000000002,-1105.253,-0.02
1656,32.633,32.633,16.345,-1065.378,-0.02
1666,35.2,34.484,20.755,-1083.019,-0.128
1671,36.117,36.117,22.359,-1089.435,-0.203
1677,33.759,33.759,18.326,-1073.302,-0.065
1683,44.62,44.62,33.163000000000004,-1132.652,-0.254
1688,38.176,38.176,24.924,-1099.6960000000001,-0.273
1698,44.86600000000001,44.86600000000001,32.905,-1131.621,-0.141
1702,32.417,32.417,15.600999999999999,-1062.403,-0.121
1704,37.687,37.687,23.989,-1095.954,-0.075
1706,37.818000000000005,37.818000000000005,24.686,-1098.746,-1.702
1707,40.38,40.38,27.944000000000003,-1111.776,-0.33399999999999996
1711,37.014,37.014,23.041,-1092.163,-0.075
1713,31.747,31.747,14.530999999999999,-1058.123,-0.10800000000000001
1717,42.207,42.207,30.372,-1121.488,-0.255
1718,37.561,37.561,23.769000000000002,-1095.0739999999998,-0.069
1719,41.972,41.971000000000004,29.769000000000002,-1119.075,-0.12300000000000001
1721,37.9,37.9,24.333000000000002,-1097.33,-0.228
1726,36.788000000000004,36.788000000000004,21.848000000000003,-1087.391,-0.085
1733,42.802,42.802,30.924,-1123.697,-0.142
1735,33.42,33.42,17.553,-1070.214,-0.003
1738,39.26,39.26,26.456999999999997,-1105.826,-0.015
1739,32.711,32.711,17.29,-1069.1589999999999,-0.064
1741,33.045,33.045,16.134,-1064.537,-0.113
1742,34.865,34.865,20.906,-1083.623,-0.009000000000000001
1752,31.021,31.021,13.091,-1052.366,-0.077
1753,31.013,30.334,14.581,-1058.3239999999998,-0.11
1754,43.63399999999999,42.86,32.477,-1129.9080000000001,-0.35100000000000003
1757,30.031,30.031,11.338,-1045.351,-0.022000000000000002
1758,29.765,29.765,10.955,-1043.822,-0.063
1763,34.861999999999995,34.861999999999995,19.657,-1078.628,-0.284
1767,37.696,37.696,23.885,-1095.54,-1.45
1768,35.455999999999996,35.455999999999996,21.314,-1085.256,-0.11900000000000001
1770,31.239,31.239,13.03,-1052.121,-0.07
1771,44.931000000000004,44.931000000000004,32.641,-1130.563,-0.059000000000000004
1772,36.851,36.851,22.965999999999998,-1091.863,-0.258
1773,29.410999999999998,29.410999999999998,9.257,-1037.029,-0.053
1775,37.417,37.417,24.475,-1097.9,-0.028999999999999998
1776,36.345,36.345,22.421999999999997,-1089.6889999999999,-0.281
1777,40.476,39.722,27.724,-1110.896,-0.128
1784,38.105,38.105,24.421,-1097.683,-0.015
1788,31.645,31.645,14.54,-1058.162,-0.10300000000000001
1792,39.152,39.152,25.233,-1100.931,-0.307
1793,36.24,36.24,22.717,-1090.868,-0.032
1794,31.188000000000002,31.188000000000002,13.519,-1054.076,-0.08900000000000001
1804,33.621,33.621,17.602999999999998,-1070.412,-0.11699999999999999
1806,36.732,36.732,22.406,-1089.624,-0.027999999999999997
1810,35.080999999999996,35.080999999999996,20.826999999999998,-1083.306,-0.127
1811,44.146,44.146,32.256,-1129.0230000000001,-0.268
1818,44.005,44.005,32.196,-1128.7839999999999,-0.198
1821,33.104,33.104,17.479,-1069.915,-0.081
1822,36.442,35.716,21.923000000000002,-1087.693,-0.040999999999999995
1824,31.171999999999997,31.171999999999997,12.967,-1051.869,-0.079
1826,32.457,32.457,15.442,-1061.769,-0.20600000000000002
1834,37.259,37.259,22.934,-1091.737,-0.126
1837,39.961,39.961,26.64,-1106.56,-0.063
1838,43.906000000000006,43.906000000000006,32.489000000000004,-1129.955,-0.28
1848,34.203,34.203,18.542,-1074.1680000000001,-0.08800000000000001
1850,34.986,34.986,20.603,-1082.411,-0.153
1855,37.016,37.016,23.304000000000002,-1093.218,-0.066
1858,34.882,34.168,19.807000000000002,-1079.229,-0.157
1861,44.755,44.755,31.978,-1127.912,-0.245
1868,37.177,37.177,22.413,-1089.652,-0.122
1869,32.29,31.599,15.865,-1063.461,-0.085
1873,32.123000000000005,32.123000000000005,15.373,-1061.491,-0.057999999999999996
1880,38.545,38.545,25.180999999999997,-1100.724,-0.012
1884,40.799,40.043,28.035,-1112.142,-0.009000000000000001
1887,32.396,32.396,14.168,-1056.672,-0.037000000000000005
1888,42.876999999999995,42.876999999999995,30.52,-1122.08,-0.006
1891,39.708,39.708,26.125,-1104.5,-0.106
1897,38.06,38.06,23.92,-1095.681,-0.026000000000000002
1898,40.622,40.622,27.331,-1109.3239999999998,-0.07
1899,43.725,43.725,31.375999999999998,-1125.506,-0.315
1900,42.891000000000005,42.891000000000005,30.781999999999996,-1123.129,-0.195
1901,41.148999999999994,41.148999999999994,28.41,-1113.639,-0.136
1903,37.338,37.338,23.084,-1092.337,-0.024
1907,31.545,31.545,12.488,-1049.952,-0.043
1910,33.323,33.323,16.615,-1066.458,-0.11900000000000001
1920,32.448,31.756,15.82,-1063.28,-0.061
1921,31.049,31.049,11.597000000000001,-1046.389,-0.08800000000000001
1922,36.522,36.522,21.906,-1087.623,-0.287
1926,39.458,39.458,26.182,-1104.729,-0.136
1927,38.216,38.216,24.296,-1097.184,-0.213
1931,30.258000000000003,30.258000000000003,10.862,-1043.4489999999998,-0.054000000000000006
1932,43.512,43.512,30.721999999999998,-1122.888,-0.11800000000000001
1935,31.19,31.19,12.839,-1051.355,-0.12
1939,34.274,34.274,18.762999999999998,-1075.052,-0.04
1946,38.635999999999996,38.635999999999996,25.226,-1100.903,-0.185
1949,30.706,30.706,11.543,-1046.174,-0.043
1950,36.065,36.065,20.62,-1082.481,-0.135
1957,38.098,38.098,23.998,-1095.99,-0.233
1959,31.779,31.779,14.307,-1057.228,-0.14800000000000002
1961,32.411,32.411,14.955,-1059.82,-0.069
1963,32.207,32.207,13.459000000000001,-1053.835,-0.073
1965,33.077,33.077,16.334,-1065.338,-0.019
1968,42.498000000000005,42.498000000000005,30.34,-1121.359,-0.128
1970,35.927,35.927,20.82,-1083.281,-0.081
1973,31.524,31.524,13.138,-1052.553,-0.011000000000000001
1974,40.833,40.077,28.87,-1115.481,-0.011000000000000001
1977,32.734,32.734,15.013,-1060.052,-0.094
1979,41.957,41.957,28.625,-1114.499,-0.11699999999999999
1984,41.286,41.286,28.19,-1112.761,-0.006999999999999999
1985,35.788000000000004,35.788000000000004,20.928,-1083.71,-0.10800000000000001
1988,41.803000000000004,41.803000000000004,29.776999999999997,-1119.11,-0.25
1990,35.593,35.593,20.155,-1080.622,-0.139
1992,35.439,35.439,20.340999999999998,-1081.365,-0.132
1994,30.471,29.796999999999997,10.880999999999998,-1043.524,-0.11900000000000001
2001,35.272,35.272,20.053,-1080.211,-0.069
2009,32.056999999999995,32.056999999999995,12.436,-1049.745,-0.10400000000000001
2011,36.324,36.324,20.65,-1082.599,-0.289
2021,44.317,44.317,31.906,-1127.625,-0.212
2023,35.241,35.241,19.838,-1079.3519999999999,-0.057999999999999996
2028,36.595,36.595,21.183000000000003,-1084.732,-0.031
2029,43.341,43.341,30.52,-1122.08,-0.005
2036,36.871,36.871,22.343000000000004,-1089.371,-0.124
2037,31.326999999999998,31.326999999999998,11.950999999999999,-1047.8039999999999,-0.083
2039,37.427,37.427,23.326999999999998,-1093.308,-0.019
2041,41.76,41.76,28.057,-1112.23,-0.142
2046,36.998000000000005,36.998000000000005,21.754,-1087.018,-0.067
2048,39.571,39.571,26.208000000000002,-1104.8310000000001,-0.005
2050,39.035,39.035,25.628,-1102.512,-0.002
2051,30.893,30.893,12.715,-1050.861,-0.063
2054,35.61,35.61,19.924,-1079.697,-0.075
2056,36.389,36.389,21.467,-1085.869,-0.166
2057,30.485,30.485,10.863,-1043.453,-0.033
2058,40.26,40.26,27.037,-1108.15,-0.032
2063,43.803000000000004,43.803000000000004,31.539,-1126.1580000000001,-0.251
2070,36.898,36.898,22.194000000000003,-1088.775,-0.26899999999999996
2073,43.641000000000005,43.641000000000005,31.174,-1124.697,-0.001
2076,31.241999999999997,31.241999999999997,12.125,-1048.501,-0.027000000000000003
2080,37.92,37.184,23.773000000000003,-1095.0910000000001,-0.16
2081,43.983999999999995,43.983999999999995,31.482,-1125.927,-0.016
2083,38.282,38.282,24.09,-1096.36,-0.29600000000000004
2089,35.082,34.367,17.914,-1071.654,-0.049
2091,40.55,40.55,26.888,-1107.553,-0.126
2094,34.585,34.585,18.41,-1073.639,-0.19699999999999998
2099,43.405,43.405,30.345,-1121.38,-0.188
2101,33.879,33.879,17.132,-1068.528,-0.11199999999999999
2103,37.742,37.742,22.713,-1090.8519999999999,-0.08199999999999999
2108,35.045,35.045,19.944000000000003,-1079.774,-0.255
2109,30.683000000000003,30.683000000000003,10.713,-1042.854,-0.059000000000000004
2112,41.266999999999996,41.266999999999996,27.634,-1110.537,-0.11699999999999999
2113,38.224000000000004,38.224000000000004,23.495,-1093.982,-0.128
2117,36.077,36.077,21.243000000000002,-1084.973,-0.14
2118,38.115,38.115,22.962,-1091.849,-0.11699999999999999
2127,30.799,30.799,10.300999999999998,-1041.205,-0.064
2131,35.304,35.304,19.145,-1076.579,-0.047
2134,36.834,36.834,21.283,-1085.132,-0.11699999999999999
2138,39.768,39.768,25.618000000000002,-1102.473,-0.315
2140,33.1,33.1,15.083,-1060.3319999999999,-0.091
2141,32.632,32.632,13.929,-1055.714,-0.05
2150,39.129,39.129,24.807,-1099.228,-0.069
2152,39.196999999999996,39.196999999999996,24.666,-1098.664,-0.247
2155,33.005,33.005,15.644,-1062.577,-0.653
2157,37.815,37.815,23.406,-1093.625,-0.13
2164,32.54,32.54,14.787,-1059.1480000000001,-0.133
2165,33.185,33.185,16.517,-1066.069,-0.027000000000000003
2173,41.185,41.185,27.1,-1108.401,-0.32299999999999995
2175,32.138000000000005,32.138000000000005,13.331,-1053.3239999999998,-0.033
2176,44.188,44.188,31.019000000000002,-1124.075,-0.017
2178,38.217,38.217,23.65,-1094.598,-0.11599999999999999
2182,42.757,42.757,29.06,-1116.241,-0.303
2184,37.975,37.975,22.755,-1091.019,-0.19899999999999998
2186,41.037,41.037,27.25,-1108.999,-0.245
2190,38.028,38.028,23.675,-1094.6989999999998,-0.21
2195,35.275,35.275,19.438,-1077.752,-0.139
2202,37.977,37.977,23.326999999999998,-1093.306,-0.046
2204,37.236999999999995,37.236999999999995,21.955,-1087.819,-0.10800000000000001
2205,31.268,31.268,11.74,-1046.9589999999998,-0.028999999999999998
2214,40.051,40.051,26.008000000000003,-1104.031,-0.266
2219,30.763,30.763,9.717,-1038.867,-0.083
2221,40.675,40.675,26.684,-1106.736,-0.017
2226,38.248000000000005,38.248000000000005,23.418000000000003,-1093.673,-0.053
2228,39.025999999999996,39.025999999999996,24.611,-1098.445,-0.085
2233,33.175,33.175,15.165999999999999,-1060.665,-0.05
2234,31.951,31.951,12.405,-1049.619,-0.061
2236,41.135,41.135,27.250999999999998,-1109.002,-0.303
2237,31.505,31.505,11.352,-1045.4080000000001,-0.083
2240,40.933,40.933,26.416,-1105.665,-0.223
2245,43.277,43.277,30.513,-1122.052,-0.273
2246,34.336999999999996,34.336999999999996,17.224,-1068.895,-0.094
2249,35.493,35.493,18.767,-1075.069,-0.18899999999999997
2252,39.36,39.36,24.73,-1098.92,-0.02
2256,38.048,38.048,22.668000000000003,-1090.672,-0.11
2258,32.927,32.927,13.095,-1052.379,-0.07
2260,38.09,38.09,22.893,-1091.5710000000001,-0.025
2264,42.753,42.753,28.608,-1114.432,-0.022000000000000002
2265,31.21,31.21,10.787,-1043.149,-0.057
2266,37.787,37.787,21.607,-1086.43,-0.102
2273,42.178000000000004,42.178000000000004,28.415,-1113.6580000000001,-0.11800000000000001
2275,43.195,43.195,29.594,-1118.376,-0.047
2281,44.17100000000001,43.395,31.430999999999997,-1125.724,-0.11
2282,33.883,33.883,15.347000000000001,-1061.388,-0.091
2283,35.7,35.7,19.546,-1078.183,-0.026000000000000002
2284,39.923,39.923,24.454,-1097.815,-0.055999999999999994
2286,32.635999999999996,32.635999999999996,12.865,-1051.462,-0.045
2288,40.64,40.64,26.768,-1107.0739999999998,-0.141
2295,41.111999999999995,41.111999999999995,27.401999999999997,-1109.607,-0.095
2298,42.81399999999999,42.81399999999999,29.724,-1118.897,-0.23800000000000002
2299,39.859,39.859,25.773000000000003,-1103.094,-0.125
2300,44.548,44.548,31.496,-1125.985,-0.08800000000000001
2304,44.483000000000004,44.483000000000004,31.476,-1125.905,-0.027999999999999997
2306,37.58,37.58,21.682,-1086.728,-0.075
2309,43.604,43.604,30.624000000000002,-1122.495,-0.159
2311,43.364,43.364,29.717,-1118.867,-0.14
2314,33.904,33.904,16.494,-1065.9769999999999,-0.135
2316,32.412,32.412,13.056,-1052.225,-0.075
2318,31.178,31.178,10.57,-1042.281,-0.06
2319,31.414,31.414,11.019,-1044.078,-0.092
2320,33.457,33.457,15.673,-1062.693,-0.055
2323,42.251999999999995,42.251999999999995,28.756,-1115.0230000000001,-0.11900000000000001
2330,35.933,35.933,19.590999999999998,-1078.364,-0.105
2339,43.64,43.64,30.502,-1122.006,-0.07400000000000001
2344,34.695,33.983000000000004,17.062,-1068.247,-0.075
2351,34.131,34.131,16.998,-1067.991,-0.13699999999999998
2357,42.287,42.287,28.662,-1114.647,-0.005
2359,32.593,32.593,13.834000000000001,-1055.3339999999998,-0.004
2361,39.563,39.563,25.24,-1100.962,-0.191
2362,41.989,41.989,28.628,-1114.511,-0.14800000000000002
2366,40.92,40.92,26.389,-1105.558,-0.203
2369,41.794,41.794,28.186,-1112.745,-0.001
2371,40.188,40.188,26.096999999999998,-1104.389,-0.09699999999999999
2373,35.596,35.596,18.932000000000002,-1075.7269999999999,-0.055
2381,32.663000000000004,32.663000000000004,13.477,-1053.907,-0.133
2382,34.184,34.184,16.855,-1067.4189999999999,-0.10300000000000001
2388,36.731,36.731,20.55,-1082.1989999999998,-1.99
2390,38.01,38.01,22.474,-1089.895,-0.084
2391,44.501000000000005,44.501000000000005,31.101999999999997,-1124.41,-0.092
2393,36.602,36.602,21.08,-1084.318,-0.009000000000000001
2404,33.05,32.352,14.073,-1056.2930000000001,-0.068
2413,42.081,42.081,27.730999999999998,-1110.924,-0.125
2415,42.045,42.045,28.554000000000002,-1114.218,-0.062
2417,35.544000000000004,35.544000000000004,18.498,-1073.991,-0.073
2421,43.376999999999995,43.376999999999995,29.599,-1118.394,-0.006
2432,39.513000000000005,39.513000000000005,24.374000000000002,-1097.497,-0.063
2433,41.192,41.192,26.965,-1107.858,-0.076
2435,32.036,32.036,10.419,-1041.675,-0.092
2436,40.548,40.548,26.009,-1104.037,-0.13
2438,43.551,43.551,30.155,-1120.619,-0.006
2444,33.679,33.679,14.258,-1057.031,-0.07400000000000001
2452,36.236999999999995,35.513000000000005,19.14,-1076.5610000000001,-0.201
2456,31.543000000000003,31.543000000000003,11.397,-1045.59,-0.057
2457,44.937,44.937,31.697,-1126.789,-0.17600000000000002
2460,40.482,40.482,25.644000000000002,-1102.577,-0.009000000000000001
2473,40.101,39.35,25.429000000000002,-1101.715,-0.126
2477,36.114000000000004,36.114000000000004,18.433,-1073.733,-0.122
2485,33.705,33.705,13.909,-1055.638,-0.061
2486,44.975,44.975,31.410999999999998,-1125.644,-0.22
2491,35.066,35.066,16.937,-1067.749,-0.11599999999999999
2501,38.084,37.346,23.193,-1092.772,-0.065
2502,37.421,37.421,21.043000000000003,-1084.17,-0.031
2503,39.396,38.65,24.662,-1098.6480000000001,-0.067
2504,34.933,34.933,16.17,-1064.6789999999999,-0.121
2507,41.361000000000004,41.361000000000004,26.855999999999998,-1107.425,-0.062
2509,39.111,39.111,23.134,-1092.536,-0.077
2512,31.939,31.250999999999998,12.287,-1049.149,-0.006999999999999999
2513,36.555,36.555,18.886,-1075.5439999999999,-0.132
2517,40.919000000000004,40.919000000000004,25.991999999999997,-1103.9669999999999,-0.245
2521,37.942,37.942,22.465999999999998,-1089.866,-0.16
2522,37.652,37.652,21.69,-1086.758,-0.035
2523,43.18899999999999,42.419,29.555,-1118.221,-0.307
2525,39.933,39.933,24.425,-1097.698,-0.02
2526,38.123000000000005,38.123000000000005,21.031,-1084.124,-0.11699999999999999
2527,35.951,35.951,18.617,-1074.4669999999999,-0.048
2528,34.236999999999995,34.236999999999995,16.444000000000003,-1065.777,-0.075
2529,43.324,43.324,29.178,-1116.714,-0.015
2532,35.056,35.056,17.199,-1068.798,-0.022000000000000002
2536,41.70399999999999,40.943000000000005,26.848000000000003,-1107.393,-0.126
2540,31.774,31.774,10.084,-1040.337,-0.08
2547,36.535,36.535,20.719,-1082.876,-0.133
2551,43.125,43.125,29.438000000000002,-1117.753,-0.009000000000000001
2552,44.838,44.838,32.034,-1128.136,-0.348
2553,43.206,43.206,29.595,-1118.382,-0.023
2555,39.256,39.256,24.076,-1096.302,-0.125
2560,33.873000000000005,33.873000000000005,15.562999999999999,-1062.25,-0.071
2561,41.082,41.082,26.543000000000003,-1106.174,-0.12300000000000001
2563,36.625,36.625,19.66,-1078.641,-0.09
2565,33.241,33.241,13.450999999999999,-1053.803,-0.004
2569,43.7,42.926,30.148000000000003,-1120.5919999999999,-0.023
2571,34.416,34.416,14.694,-1058.775,-0.107
2573,39.051,38.306,24.303,-1097.211,-0.07200000000000001
2580,37.735,37.735,21.511,-1086.046,-0.055999999999999994
2583,36.227,36.227,17.656,-1070.624,-0.096
2585,39.065,39.065,23.691999999999997,-1094.77,-0.163
2590,42.332,42.332,28.136,-1112.545,-0.10300000000000001
2592,35.549,35.549,17.651,-1070.604,-0.253
2594,41.38399999999999,41.38399999999999,26.281,-1105.125,-0.23
2595,44.106,43.33,30.811,-1123.246,-0.047
2601,32.853,32.853,10.753,-1043.013,-0.076
2606,44.18,44.18,30.612,-1122.4489999999998,-0.027000000000000003
2608,33.538000000000004,33.538000000000004,13.603,-1054.412,-0.07200000000000001
2609,40.036,40.036,24.951999999999998,-1099.81,-0.026000000000000002
2611,40.869,40.869,26.531999999999996,-1106.13,-0.28
2613,37.836,37.836,21.896,-1087.585,-0.07400000000000001
2614,35.633,35.633,18.429000000000002,-1073.715,-0.11599999999999999
2616,39.103,39.103,23.859,-1095.438,-0.051
2625,40.364000000000004,40.364000000000004,25.511999999999997,-1102.046,-0.11900000000000001
2628,39.928000000000004,39.928000000000004,24.854,-1099.414,-0.079
2630,44.43,44.43,29.829,-1119.316,-0.134
2633,43.222,43.222,29.293000000000003,-1117.172,-0.013999999999999999
2637,36.288000000000004,36.288000000000004,18.906,-1075.625,-0.132
2642,36.603,36.603,18.969,-1075.877,-0.034
2643,36.141999999999996,36.141999999999996,19.13,-1076.519,-0.086
2645,43.519,43.519,29.569000000000003,-1118.277,-0.09699999999999999
2646,32.946999999999996,32.946999999999996,12.245,-1048.979,-0.064
2647,32.849000000000004,32.849000000000004,12.123,-1048.491,-0.039
2648,36.478,36.478,18.837,-1075.349,-0.125
2649,36.809,36.809,20.285,-1081.14,-0.142
2651,38.069,37.330999999999996,22.213,-1088.854,-0.244
2656,42.648,42.648,28.609,-1114.4360000000001,-0.113
2663,40.330999999999996,40.330999999999996,25.465,-1101.861,-0.171
2666,33.118,33.118,12.56,-1050.241,-0.09
2671,32.235,32.235,11.168,-1044.672,-0.057999999999999996
2673,35.071,35.071,16.605999999999998,-1066.425,-0.091
2677,33.933,33.227,15.035,-1060.142,-0.063
2690,33.927,33.927,13.845999999999998,-1055.384,-0.051
2692,40.671,40.671,25.488000000000003,-1101.951,-0.015
2694,39.149,39.149,22.708000000000002,-1090.8319999999999,-0.023
2696,40.188,40.188,24.838,-1099.353,-0.13
2700,38.632,38.632,22.52,-1090.0819999999999,-0.231
2706,35.576,35.576,17.037,-1068.1480000000001,-0.054000000000000006
2709,43.299,43.299,28.81,-1115.241,-0.081
2721,34.39,34.39,16.426,-1065.704,-0.006
2724,36.59,36.59,19.275,-1077.099,-0.094
2725,43.425,43.425,29.340999999999998,-1117.366,-0.004
2729,39.137,39.137,22.906999999999996,-1091.629,-0.09699999999999999
2737,37.263000000000005,37.263000000000005,19.635,-1078.5410000000002,-0.133
2741,34.529,34.529,14.884,-1059.537,-0.027999999999999997
2742,40.396,40.396,24.712,-1098.848,-0.077
2746,44.703,44.703,30.351999999999997,-1121.406,-0.006999999999999999
2747,37.244,36.512,20.572,-1082.286,-0.086
2750,42.86600000000001,42.86600000000001,27.998,-1111.99,-0.11599999999999999
2751,34.781,34.781,14.718,-1058.87,-0.07400000000000001
2755,42.501000000000005,42.501000000000005,28.551,-1114.202,-0.008
2756,41.321999999999996,41.321999999999996,25.985,-1103.94,-0.257
2759,40.313,40.313,24.605999999999998,-1098.423,-0.083
2760,36.119,35.396,19.17,-1076.6789999999999,-0.267
2765,36.041,36.041,18.886,-1075.5430000000001,-0.083
2768,41.38399999999999,41.38399999999999,26.748,-1106.991,-0.065
2770,35.239000000000004,35.239000000000004,16.851,-1067.405,-0.09
2778,41.528,41.528,26.555,-1106.22,-0.17800000000000002
2781,35.927,35.927,17.352,-1069.4089999999999,-0.08199999999999999
2784,40.996,40.996,25.804000000000002,-1103.2169999999999,-0.102
2788,43.076,43.076,28.31,-1113.242,-0.08900000000000001
2789,35.491,35.491,15.929,-1063.7169999999999,-0.166
2797,41.777,41.777,26.497,-1105.989,-0.087
2798,34.643,34.643,14.526,-1058.106,-0.035
2811,37.782,37.782,20.212,-1080.848,-0.086
2824,35.948,35.948,17.942999999999998,-1071.772,-0.11900000000000001
2828,43.413999999999994,43.413999999999994,28.619,-1114.478,-0.08900000000000001
2835,34.922,34.922,15.905999999999999,-1063.624,-0.052000000000000005
2840,35.78,35.78,16.109,-1064.437,-0.111
2845,35.885,35.885,17.365,-1069.461,-0.128
2846,37.708,37.708,20.131,-1080.525,-0.149
2851,34.321,34.321,14.050999999999998,-1056.2060000000001,-0.045
2855,42.315,42.315,27.39,-1109.562,-0.239
2871,37.571999999999996,37.571999999999996,19.552,-1078.208,-0.254
2881,36.539,36.539,18.309,-1073.236,-0.08199999999999999
2885,43.526,43.526,29.08,-1116.32,-0.081
2886,41.317,41.317,25.819000000000003,-1103.276,-0.024
2887,35.722,35.722,16.345,-1065.381,-0.066
2891,33.867,33.867,12.640999999999998,-1050.562,-0.071
2893,37.198,37.198,19.651,-1078.603,-0.094
2896,42.162,42.162,26.435,-1105.741,-0.33799999999999997
2902,38.098,38.098,20.965,-1083.86,-0.126
2907,34.083,34.083,12.98,-1051.921,-0.071
2908,39.34,39.34,22.326,-1089.305,-0.075
2909,38.53,38.53,22.189,-1088.757,-0.153
2911,34.733000000000004,34.733000000000004,14.24,-1056.961,-0.036000000000000004
2916,42.131,42.131,27.201999999999998,-1108.809,-0.07200000000000001
2928,34.701,33.989000000000004,15.315999999999999,-1061.264,-0.114
2930,34.554,34.554,13.58,-1054.3210000000001,-0.10400000000000001
2933,44.871,44.871,31.368000000000002,-1125.47,-0.003
2938,36.942,36.942,18.153,-1072.612,-0.095
2941,40.494,40.494,24.823,-1099.2910000000002,-0.16
2942,38.91,38.91,22.275,-1089.098,-0.036000000000000004
2943,37.343,37.343,19.336,-1077.346,-0.214
2944,35.358000000000004,35.358000000000004,16.407,-1065.628,-0.11900000000000001
2946,39.150999999999996,38.406,22.564,-1090.257,-0.126
2948,33.86,33.86,12.122,-1048.488,-0.124
2955,34.553000000000004,33.842,13.795,-1055.18,-0.08900000000000001
2958,39.365,39.365,22.154,-1088.615,-0.15
2959,39.899,39.899,23.594,-1094.375,-0.031
2962,37.315,37.315,18.739,-1074.958,-0.008
2968,35.347,35.347,16.217,-1064.87,-0.106
2970,38.923,38.923,22.226,-1088.903,-0.076
2975,38.483000000000004,38.483000000000004,21.31,-1085.24,-0.134
2983,41.85,41.85,26.362,-1105.447,-0.013000000000000001
2988,42.044,41.28,26.881999999999998,-1107.526,-0.018000000000000002
2989,35.234,35.234,15.5,-1061.999,-0.040999999999999995
2997,35.993,35.271,17.99,-1071.9589999999998,-0.201
2998,42.676,42.676,27.752,-1111.008,-0.13
2999,34.865,34.865,15.527999999999999,-1062.113,-0.059000000000000004
3007,43.479,43.479,28.373,-1113.493,-0.047
3012,39.22,39.22,22.531,-1090.124,-0.052000000000000005
3029,38.260999999999996,37.522,21.165,-1084.66,-0.069
3031,41.23,41.23,25.603,-1102.413,-0.115
3033,43.981,43.981,28.835,-1115.339,-0.21899999999999997
3036,41.621,41.621,26.128,-1104.513,-0.12300000000000001
3038,36.893,36.893,18.631,-1074.5230000000001,-0.12300000000000001
3041,42.36,42.36,26.831,-1107.325,-0.045
3043,41.50899999999999,41.50899999999999,25.761999999999997,-1103.05,-0.057
3047,40.146,40.146,23.27,-1093.08,-0.021
3057,39.681999999999995,39.681999999999995,23.436999999999998,-1093.749,-0.163
3061,38.448,38.448,21.039,-1084.155,-0.188
3062,35.897,35.897,15.999,-1063.997,-0.008
3063,34.008,34.008,12.091,-1048.363,-0.049
3065,40.614000000000004,40.614000000000004,24.054000000000002,-1096.218,-0.301
3071,43.57,43.57,27.951999999999998,-1111.808,-0.027000000000000003
3078,40.649,40.649,24.302,-1097.2089999999998,-0.16
3080,40.183,40.183,23.826,-1095.302,-0.12
3084,40.788000000000004,40.788000000000004,24.136999999999997,-1096.549,-0.069
3086,41.433,41.433,25.769000000000002,-1103.077,-0.128
3088,34.904,34.904,14.214,-1056.858,-0.023
3089,34.635999999999996,34.635999999999996,13.204,-1052.815,-0.07200000000000001
3093,39.385999999999996,39.385999999999996,22.261,-1089.0430000000001,-0.028999999999999998
3096,42.135,42.135,26.166999999999998,-1104.6689999999999,-0.016
3097,44.06,44.06,29.365,-1117.4589999999998,-0.138
3108,42.833,42.833,27.366,-1109.462,-0.024
3113,36.611999999999995,36.611999999999995,16.907,-1067.628,-0.012
3119,34.827,34.827,13.998,-1055.993,-0.049
3127,43.57899999999999,43.57899999999999,28.66,-1114.64,-0.004
3128,44.782,44.782,29.405,-1117.621,-0.235
3132,38.823,38.823,21.305999999999997,-1085.224,-0.11599999999999999
3136,44.571999999999996,44.571999999999996,29.47,-1117.88,-0.004
3138,43.352,43.352,27.758000000000003,-1111.0330000000001,-0.11900000000000001
3141,37.09,37.09,17.331,-1069.323,-0.106
3142,42.778,42.778,26.86,-1107.44,-0.157
3143,39.921,39.921,22.318,-1089.272,-0.032
3152,41.955,41.955,25.456,-1101.823,-0.313
3155,41.111000000000004,41.111000000000004,24.354,-1097.4160000000002,-1.757
3161,40.525999999999996,40.525999999999996,23.123,-1092.492,-0.17300000000000001
3164,37.684,37.684,19.244,-1076.9769999999999,-0.201
3173,44.06100000000001,44.06100000000001,28.846999999999998,-1115.388,-0.172
3175,39.6,39.6,22.65,-1090.6,-0.244
3177,36.452,36.452,16.375999999999998,-1065.505,-0.09
3182,41.742,41.742,25.389,-1101.558,-0.09699999999999999
3183,42.803000000000004,42.803000000000004,27.01,-1108.038,-0.12300000000000001
3196,39.478,39.478,22.217,-1088.866,-0.086
3212,44.461999999999996,44.461999999999996,29.033,-1116.13,-0.141
3219,38.549,38.549,20.144000000000002,-1080.578,-0.203
3220,42.703,42.703,27.079,-1108.317,-0.04
3222,40.191,40.191,22.528000000000002,-1090.112,-0.165
3228,44.647,44.647,29.489,-1117.9569999999999,-0.157
3234,44.49,44.49,29.182,-1116.7269999999999,-0.14800000000000002
3236,39.152,39.152,21.82,-1087.282,-0.06
3241,42.147,42.147,25.682,-1102.728,-0.048
3244,44.43,44.43,29.345,-1117.38,-0.125
3251,44.275,44.275,28.589000000000002,-1114.357,-0.166
3253,36.4,36.4,15.843,-1063.373,-0.09
3255,42.476000000000006,42.476000000000006,26.204,-1104.816,-0.307
3257,41.013000000000005,41.013000000000005,24.534000000000002,-1098.136,-0.021
3258,43.25,43.25,27.885,-1111.5410000000002,-0.015
3259,40.867,40.867,23.811,-1095.243,-0.28300000000000003
3266,35.905,35.905,15.345,-1061.381,-0.045
3268,38.364000000000004,38.364000000000004,20.198,-1080.79,-0.096
3269,38.367,38.367,19.752,-1079.006,-0.132
3275,38.85,38.85,20.086,-1080.344,-0.012
3286,44.343,44.343,28.511999999999997,-1114.049,-0.10400000000000001
3289,38.721,37.979,20.928,-1083.712,-0.09
3290,44.818000000000005,44.818000000000005,29.169,-1116.675,-0.013999999999999999
3291,44.3,44.3,28.605,-1114.4189999999999,-0.08199999999999999
3297,37.57,36.836,18.632,-1074.528,-0.042
3305,44.418,44.418,29.083000000000002,-1116.3310000000001,-0.113
3306,37.236999999999995,37.236999999999995,17.687,-1070.75,-0.111
3307,38.602,38.602,19.335,-1077.3410000000001,-0.002
3310,36.496,36.496,16.71,-1066.838,-0.084
3313,34.405,34.405,11.84,-1047.36,-0.077
3314,44.148,44.148,28.524,-1114.097,-0.023
3317,42.086000000000006,41.321999999999996,25.435,-1101.738,-0.261
3320,40.654,40.654,23.844,-1095.376,-0.091
3321,39.953,39.953,22.309,-1089.234,-0.11800000000000001
3335,39.845,39.845,21.756999999999998,-1087.026,-0.08900000000000001
3337,35.6,35.6,14.130999999999998,-1056.525,-0.067
3339,34.215,33.507,11.741,-1046.965,-0.086
3340,38.163000000000004,38.163000000000004,18.984,-1075.934,-0.084
3341,39.306,39.306,21.474,-1085.895,-0.1
3360,36.857,36.128,17.167,-1068.6680000000001,-0.09300000000000001
3372,38.349000000000004,38.349000000000004,18.717,-1074.869,-0.046
3376,38.371,38.371,19.468,-1077.872,-0.22
3380,42.955,42.955,26.585,-1106.339,-0.213
3382,36.214,36.214,15.071,-1060.286,-0.09300000000000001
3389,39.379,39.379,21.252,-1085.009,-0.08199999999999999
3395,38.329,38.329,19.442999999999998,-1077.772,-0.1
3401,40.069,40.069,22.004,-1088.015,-0.121
3403,40.77,40.77,23.212,-1092.848,-0.032
3407,38.236999999999995,38.236999999999995,19.308,-1077.233,-0.12
3409,37.559,37.559,17.41,-1069.64,-0.091
3418,40.053000000000004,40.053000000000004,21.831,-1087.323,-0.114
3421,41.894,41.894,25.484,-1101.9360000000001,-0.157
3422,42.483999999999995,42.483999999999995,26.308000000000003,-1105.234,-2.735
3424,37.948,37.948,18.644000000000002,-1074.575,-0.129
3428,40.394,40.394,22.151999999999997,-1088.609,-0.11699999999999999
3429,44.277,44.277,28.384,-1113.537,-0.049
3435,35.071,34.356,12.579,-1050.315,-0.08800000000000001
3440,37.869,37.869,18.185,-1072.74,-0.5920000000000001
3443,34.759,34.759,12.800999999999998,-1051.205,-0.033
3445,35.944,35.944,14.107999999999999,-1056.432,-0.16
3449,41.576,41.576,24.930999999999997,-1099.725,-0.204
3457,36.944,36.944,17.418,-1069.67,-0.139
3458,37.863,37.863,18.197,-1072.789,-0.204
3460,35.308,35.308,12.945,-1051.781,-0.134
3463,40.573,40.573,23.134,-1092.537,-0.085
3465,42.776,42.776,25.915,-1103.66,-0.27899999999999997
3466,37.341,37.341,16.695,-1066.779,-0.08199999999999999
3468,38.361999999999995,38.361999999999995,19.279,-1077.118,-0.129
3470,34.859,34.859,11.78,-1047.121,-0.083
3472,40.964,40.964,23.768,-1095.0710000000001,-0.11
3476,36.869,36.869,16.183,-1064.734,-0.07400000000000001
3477,38.732,38.732,19.448,-1077.792,-0.111
3488,34.785,34.785,11.703,-1046.812,-0.064
3489,37.492,37.492,17.590999999999998,-1070.363,-0.048
3491,37.094,36.363,17.322,-1069.287,-0.063
3497,43.04600000000001,43.04600000000001,26.346,-1105.386,-0.042
3505,37.347,37.347,16.775,-1067.099,-0.14800000000000002
3515,36.675,36.675,16.194000000000003,-1064.777,-0.1
3528,39.945,39.945,20.724,-1082.8980000000001,-0.034
3533,35.705999999999996,35.705999999999996,13.5,-1054.001,-0.055999999999999994
3538,37.915,37.915,17.413,-1069.653,-0.011000000000000001
3547,37.077,37.077,16.692,-1066.77,-0.025
3553,42.263000000000005,42.263000000000005,24.866999999999997,-1099.47,-0.052000000000000005
3561,38.275999999999996,38.275999999999996,18.732,-1074.928,-0.249
3568,40.119,40.119,21.31,-1085.24,-0.22399999999999998
3572,36.858000000000004,36.13,16.062,-1064.249,-0.11
3575,44.803999999999995,44.803999999999995,28.274,-1113.096,-0.217
3581,38.046,38.046,17.84,-1071.362,-0.175
3588,40.354,40.354,22.139,-1088.5539999999999,-0.063
3594,35.555,34.836,12.402000000000001,-1049.607,-0.092
3606,35.745,35.745,12.874,-1051.497,-0.077
3607,41.915,41.152,24.666,-1098.662,-0.11599999999999999
3608,44.549,44.549,29.180999999999997,-1116.724,-0.04
3611,38.361,38.361,18.214000000000002,-1072.855,-0.066
3617,37.687,37.687,17.094,-1068.374,-0.08800000000000001
3620,44.458999999999996,44.458999999999996,27.313000000000002,-1109.25,-0.068
3624,42.946000000000005,42.946000000000005,25.677,-1102.71,-0.078
3629,38.037,38.037,18.288,-1073.15,-0.267
3632,39.499,39.499,20.905,-1083.621,-0.092
3640,35.172,35.172,12.372,-1049.488,-0.073
3643,35.879,35.158,14.200999999999999,-1056.805,-0.172
3645,40.509,40.509,22.076999999999998,-1088.309,-0.18
3646,42.574,42.574,25.569000000000003,-1102.274,-0.12
3657,35.687,35.687,12.987,-1051.95,-0.1
3660,39.649,39.649,21.119,-1084.476,-0.152
3662,41.169,41.169,23.42,-1093.678,-0.127
3665,37.025,37.025,16.87,-1067.48,-0.153
3666,43.36600000000001,43.36600000000001,26.428,-1105.713,-0.016
3668,42.512,42.512,25.09,-1100.362,-0.077
3677,42.498999999999995,42.498999999999995,24.799,-1099.195,-0.11800000000000001
3679,36.693000000000005,36.693000000000005,14.741,-1058.962,-0.08900000000000001
3683,40.051,40.051,20.831,-1083.322,-0.203
3684,39.15,38.405,20.206,-1080.8239999999998,-0.11599999999999999
3691,38.17,38.17,18.141,-1072.565,-0.23399999999999999
3705,44.236000000000004,43.458999999999996,27.281999999999996,-1109.128,-0.017
3706,38.14,38.14,17.044,-1068.178,-0.081
3708,37.999,37.999,17.141,-1068.565,-0.066
3709,42.636,42.636,25.666999999999998,-1102.6689999999999,-0.172
3711,44.238,44.238,26.976,-1107.905,-0.122
3714,39.335,39.335,20.643,-1082.5739999999998,-0.073
3716,37.684,37.684,16.605,-1066.421,-0.09699999999999999
3719,44.312,44.312,27.979,-1111.9180000000001,-0.048
3720,43.688,43.688,27.283,-1109.132,-0.094
3723,40.427,40.427,21.697,-1086.789,-0.16399999999999998
3726,43.516000000000005,43.516000000000005,26.254,-1105.015,-0.026000000000000002
3729,40.449,40.449,21.933000000000003,-1087.734,-0.07400000000000001
3731,43.368,43.368,26.384,-1105.536,-0.17300000000000001
3732,43.975,43.975,27.208000000000002,-1108.8319999999999,-0.0
3740,37.973,37.236,17.625999999999998,-1070.503,-0.037000000000000005
3746,38.868,38.868,18.836,-1075.344,-0.125
3764,43.353,43.353,25.899,-1103.597,-0.095
3769,38.869,38.869,18.958,-1075.8319999999999,-0.1
3776,44.73,44.73,27.7,-1110.799,-0.13699999999999998
3788,36.799,36.799,14.44,-1057.761,-0.109
3793,35.843,35.843,12.015,-1048.062,-0.077
3794,41.428999999999995,41.428999999999995,23.09,-1092.36,-0.16899999999999998
3798,37.248000000000005,37.248000000000005,14.725999999999999,-1058.906,-0.187
3800,37.744,37.744,16.487000000000002,-1065.9489999999998,-0.028999999999999998
3805,44.713,44.713,28.241,-1112.965,-0.03
3807,41.332,41.332,22.354,-1089.4160000000002,-0.185
3812,38.996,38.996,18.723,-1074.89,-0.145
3813,44.465,44.465,27.573,-1110.2930000000001,-0.027999999999999997
3815,40.789,40.033,21.816,-1087.265,-0.152
3817,39.274,39.274,20.119,-1080.475,-0.013999999999999999
3823,42.144,42.144,23.645,-1094.5819999999999,-0.124
3826,35.951,35.229,11.902000000000001,-1047.61,-0.076
3829,44.115,44.115,27.479,-1109.914,-0.034
3834,37.915,37.915,17.063,-1068.25,-0.03
3835,43.63399999999999,43.63399999999999,26.14,-1104.559,-0.063
3837,42.928999999999995,42.928999999999995,24.71,-1098.8410000000001,-0.128
3843,42.455,41.68899999999999,25.549,-1102.197,-0.20199999999999999
3848,43.934,43.934,26.566999999999997,-1106.269,-0.128
3849,41.555,40.794000000000004,23.243000000000002,-1092.973,-0.249
3851,36.196,36.196,12.835,-1051.339,-0.073
3867,38.23,38.23,16.233,-1064.932,-0.028999999999999998
3871,43.938,43.938,27.122,-1108.488,-0.299
3872,42.763999999999996,42.763999999999996,24.784000000000002,-1099.134,-0.085
3873,43.693000000000005,43.693000000000005,26.053,-1104.214,-0.039
3874,36.185,36.185,12.890999999999998,-1051.5639999999999,-0.057999999999999996
3881,38.813,38.813,17.877,-1071.507,-0.133
3893,38.608000000000004,38.608000000000004,17.409000000000002,-1069.637,-0.081
3899,37.047,37.047,13.454,-1053.816,-0.069
3906,38.214,38.214,17.36,-1069.441,-0.168
3908,37.766,37.766,16.382,-1065.527,-0.085
3926,40.585,40.585,21.432,-1085.729,-0.049
3934,44.651,44.651,27.436,-1109.746,-0.11199999999999999
3935,36.58,36.58,13.812999999999999,-1055.252,-0.079
3938,38.412,38.412,17.514,-1070.056,-0.09
3947,44.8,44.8,27.717,-1110.868,-0.102
3948,36.926,36.926,13.662,-1054.647,-0.11900000000000001
3953,43.817,43.817,26.894000000000002,-1107.576,-0.034
3957,42.593999999999994,42.593999999999994,24.619,-1098.476,-0.215
3962,39.635999999999996,39.635999999999996,19.581,-1078.322,-0.223
3965,44.56399999999999,44.56399999999999,27.52,-1110.078,-0.021
3968,37.366,37.366,15.165999999999999,-1060.665,-0.047
3972,42.275,42.275,24.413,-1097.651,-0.11
3974,40.143,40.143,20.695999999999998,-1082.7839999999999,-0.145
3975,44.495,44.495,27.662,-1110.6480000000001,-0.128
3978,39.118,39.118,19.199,-1076.795,-0.132
3988,36.199,36.199,12.125,-1048.501,-0.075
3990,44.897,44.897,28.006999999999998,-1112.028,-0.015
3993,40.003,40.003,19.730999999999998,-1078.924,-1.379
4000,39.367,39.367,19.093,-1076.371,-0.12300000000000001
4002,38.356,38.356,17.346,-1069.383,-0.067
4007,42.738,42.738,24.537,-1098.147,-0.172
4008,44.771,44.771,27.875,-1111.501,-0.099
4014,43.605,43.605,25.586,-1102.343,-0.045
4017,38.834,38.834,17.865,-1071.4589999999998,-0.24600000000000002
4023,40.025999999999996,40.025999999999996,20.252,-1081.008,-0.038
4027,42.34,42.34,23.947,-1095.789,-0.01
4030,38.571,38.571,17.326,-1069.302,-0.02
4040,37.707,37.707,16.137999999999998,-1064.5510000000002,-0.049
4042,36.902,36.902,13.030999999999999,-1052.126,-0.095
4047,43.711000000000006,43.711000000000006,26.127,-1104.506,-0.09300000000000001
4052,44.428999999999995,44.428999999999995,27.796,-1111.184,-0.312
4054,42.92100000000001,42.92100000000001,24.506999999999998,-1098.027,-0.098
4069,44.48,44.48,26.842,-1107.368,-0.12
4084,40.583,40.583,21.195,-1084.779,-0.105
4087,42.323,42.323,23.761,-1095.045,-0.14400000000000002
4094,41.806000000000004,41.806000000000004,23.21,-1092.839,-0.172
4096,40.905,40.905,21.454,-1085.8139999999999,-0.07
4098,37.74,37.005,15.144,-1060.575,-0.094
4101,40.632,40.632,20.223,-1080.892,-1.6740000000000002
4102,43.542,43.542,24.903000000000002,-1099.614,-0.127
4104,42.818000000000005,42.818000000000005,24.06,-1096.241,-0.134
4107,38.292,38.292,16.09,-1064.361,-0.127
4109,44.982,44.982,27.631,-1110.5230000000001,-0.131
4113,43.243,43.243,25.025,-1100.1019999999999,-0.005
4115,41.919,41.919,22.838,-1091.35,-0.061
4142,39.608000000000004,39.608000000000004,18.339000000000002,-1073.357,-0.13
4145,40.821999999999996,40.821999999999996,21.049,-1084.197,-0.106
4147,42.8,42.8,24.113000000000003,-1096.451,-0.14
4152,40.868,40.868,20.62,-1082.479,-0.036000000000000004
4159,37.080999999999996,37.080999999999996,12.833,-1051.3339999999998,-0.128
4162,39.851,39.851,19.276,-1077.103,-0.064
4166,38.639,38.639,16.323,-1065.292,-0.09300000000000001
4174,42.367,42.367,22.831999999999997,-1091.328,-0.053
4204,41.113,41.113,21.351999999999997,-1085.4080000000001,-0.124
4205,42.038999999999994,42.038999999999994,22.429000000000002,-1089.718,-0.054000000000000006
4206,39.955,39.955,18.673,-1074.692,-0.061
4210,38.176,38.176,16.506,-1066.025,-0.027999999999999997
4220,42.912,42.912,24.209,-1096.8339999999998,-2.048
4224,39.367,39.367,17.797,-1071.19,-0.027000000000000003
4226,41.336999999999996,41.336999999999996,22.076,-1088.305,-0.038
4234,37.397,36.665,13.479000000000001,-1053.917,-0.05
4236,42.49,42.49,23.561,-1094.243,-0.083
4243,36.513000000000005,35.787,12.535,-1050.139,-0.076
4245,42.291000000000004,42.291000000000004,23.57,-1094.281,-0.053
4255,38.683,37.941,16.944000000000003,-1067.774,-0.032
4260,37.742,37.742,14.237,-1056.9489999999998,-0.09699999999999999
4265,37.900999999999996,37.900999999999996,14.907,-1059.628,-0.055999999999999994
4267,43.431999999999995,43.431999999999995,25.0,-1100.0,-0.077
4268,41.465,40.705,22.01,-1088.038,-0.245
4279,44.683,43.903999999999996,27.136999999999997,-1108.549,-0.02
4281,42.989,42.989,24.186999999999998,-1096.748,-3.398
4284,41.321000000000005,40.562,22.01,-1088.039,-0.122
4288,44.479,44.479,26.124000000000002,-1104.498,-0.13
4292,42.623999999999995,42.623999999999995,23.618000000000002,-1094.47,-0.223
4298,39.494,39.494,17.358,-1069.431,-0.025
4303,40.882,40.882,20.425,-1081.698,-0.151
4306,43.141000000000005,43.141000000000005,24.22,-1096.881,-0.127
4307,40.513000000000005,40.513000000000005,20.201,-1080.8039999999999,-0.145
4310,41.717,41.717,21.831999999999997,-1087.329,-0.055999999999999994
4311,43.468,42.695,25.191,-1100.763,-0.139
4319,36.605,36.605,12.809000000000001,-1051.234,-0.075
4320,42.74,42.74,24.048000000000002,-1096.191,-0.095
4328,43.266000000000005,43.266000000000005,24.235,-1096.941,-0.18
4332,33.083,33.083,12.788,-1051.151,-0.017
4336,40.541,40.541,19.33,-1077.3210000000001,-0.1
4338,43.966,43.966,25.635,-1102.5410000000002,-0.039
4341,34.782,34.782,14.565999999999999,-1058.264,-0.062
4342,38.445,38.445,17.906,-1071.625,-0.087
4345,36.302,36.302,18.579,-1074.316,-0.087
4350,31.331,31.331,14.126,-1056.506,-0.045
4352,41.713,41.713,24.035,-1096.139,-0.040999999999999995
4353,41.521,41.521,23.625999999999998,-1094.505,-0.19
4354,37.225,37.225,19.515,-1078.059,-0.032
4355,43.172,43.172,24.65,-1098.6,-0.943
4370,42.301,42.301,24.999000000000002,-1099.998,-0.018000000000000002
4371,34.156,34.156,17.85,-1071.399,-0.21899999999999997
4375,30.936999999999998,30.936999999999998,15.119000000000002,-1060.478,-0.059000000000000004
4377,31.831999999999997,31.831999999999997,15.824000000000002,-1063.296,-0.067
4385,44.701,44.701,26.247,-1104.988,-0.11199999999999999
4394,42.893,42.893,23.046999999999997,-1092.1889999999999,-0.16
4397,44.619,44.619,26.445,-1105.782,-0.196
4398,44.67100000000001,44.67100000000001,26.252,-1105.008,-0.111
4400,42.231,42.231,23.166999999999998,-1092.67,-0.033
4404,39.91,39.91,17.7,-1070.802,-0.115
4421,38.628,38.628,16.01,-1064.0410000000002,-0.066
4425,43.52,42.747,25.271,-1101.083,-0.289
4429,40.398,40.398,19.398,-1077.5910000000001,-0.019
4430,39.634,39.634,17.098,-1068.393,-0.025
4434,39.455,39.455,17.064,-1068.255,-0.10099999999999999
4445,44.004,44.004,24.846999999999998,-1099.388,-0.038
4447,44.937,44.937,27.125999999999998,-1108.505,-0.055
4449,44.063,43.288000000000004,25.658,-1102.63,-0.086
4454,39.726,39.726,17.608,-1070.434,-0.083
4467,43.495,43.495,23.997,-1095.99,-0.13
4478,41.306000000000004,41.306000000000004,20.112000000000002,-1080.4489999999998,-0.195
4483,37.646,37.646,12.29,-1049.1580000000001,-0.078
4490,41.348,41.348,20.493000000000002,-1081.97,-0.09699999999999999
4504,41.416000000000004,41.416000000000004,20.531,-1082.124,-0.018000000000000002
4507,38.647,38.647,14.841,-1059.363,-0.094
4508,43.446999999999996,43.446999999999996,24.98,-1099.9189999999999,-0.040999999999999995
4515,41.015,40.258,20.152,-1080.607,-0.141
4527,44.481,44.481,25.497,-1101.989,-0.18600000000000003
4534,44.388999999999996,44.388999999999996,25.256,-1101.025,-0.195
4536,38.14,38.14,13.677,-1054.7089999999998,-0.08900000000000001
4544,43.549,43.549,23.82,-1095.282,-0.083
4547,40.076,40.076,17.502,-1070.01,-0.139
4561,44.373999999999995,44.373999999999995,25.06,-1100.24,-0.156
4564,38.184,38.184,12.991,-1051.964,-0.067
4573,40.977,40.977,19.336,-1077.3419999999999,-0.035
4574,40.99,40.99,19.567,-1078.268,-0.064
4577,43.358999999999995,43.358999999999995,23.915,-1095.6589999999999,-0.239
4586,39.093,39.093,14.558,-1058.233,-0.11
4599,40.4,40.4,19.024,-1076.096,-0.01
4605,40.243,40.243,17.63,-1070.522,-0.213
4611,44.083,43.306999999999995,26.101,-1104.403,-0.124
4613,44.411,44.411,25.266,-1101.063,-0.10400000000000001
4621,44.535,44.535,25.393,-1101.5710000000001,-0.124
4624,41.203,41.203,19.347,-1077.386,-0.057
4625,38.139,38.139,13.66,-1054.64,-0.11800000000000001
4642,40.704,39.949,19.61,-1078.441,-0.146
4657,44.188,44.188,25.269000000000002,-1101.076,-0.255
4665,41.21,41.21,19.829,-1079.316,-0.024
4673,38.363,37.624,13.493,-1053.972,-0.063
4678,43.287,43.287,23.622,-1094.489,-0.049
4679,40.32,40.32,18.133,-1072.532,-0.19899999999999998
4687,44.786,44.786,25.775,-1103.1,-0.23399999999999999
4692,43.861000000000004,43.861000000000004,23.611,-1094.445,-0.17300000000000001
4711,41.681000000000004,41.681000000000004,19.809,-1079.238,-0.105
4724,40.946999999999996,40.946999999999996,18.893,-1075.5710000000001,-0.131
4725,39.801,39.801,16.179000000000002,-1064.7169999999999,-0.08199999999999999
4727,38.547,38.547,13.484000000000002,-1053.934,-0.079
4728,38.736,38.736,14.035,-1056.139,-0.040999999999999995
4740,44.614,44.614,25.191,-1100.766,-0.141
4745,43.629,43.629,23.48,-1093.9180000000001,-0.065
4746,38.279,37.54,13.368,-1053.473,-0.076
4764,41.278999999999996,41.278999999999996,19.887999999999998,-1079.552,-0.039
4766,38.624,38.624,14.583,-1058.3319999999999,-0.08199999999999999
4770,38.119,38.119,13.969000000000001,-1055.877,-0.055999999999999994
4772,42.513999999999996,42.513999999999996,22.296,-1089.1860000000001,-0.177
4773,39.354,39.354,16.845,-1067.38,-0.084
4775,41.353,41.353,19.671,-1078.685,-0.08800000000000001
4778,42.659,42.659,22.066,-1088.266,-0.17600000000000002
4790,43.593999999999994,43.593999999999994,23.656,-1094.624,-0.134
4792,43.708999999999996,43.708999999999996,23.738000000000003,-1094.954,-0.163
4796,44.81,44.81,25.268,-1101.072,-0.062
4802,41.63,41.63,19.649,-1078.594,-0.125
4803,41.611000000000004,41.611000000000004,19.935,-1079.74,-0.11199999999999999
4807,44.398999999999994,44.398999999999994,25.096,-1100.386,-0.24600000000000002
4808,43.861000000000004,43.861000000000004,23.956,-1095.8239999999998,-0.128
4812,41.213,41.213,19.704,-1078.815,-0.055
4827,39.86,39.86,15.795,-1063.178,-0.016
4829,40.959,40.959,17.678,-1070.713,-0.18899999999999997
4833,40.85,40.85,18.248,-1072.99,-0.05
4834,41.297,41.297,19.237000000000002,-1076.95,-0.111
4836,40.814,40.814,18.395,-1073.579,-0.136
4842,38.816,38.816,13.735999999999999,-1054.944,-0.085
4843,44.341,44.341,25.055999999999997,-1100.224,-0.165
4849,41.842,41.842,20.779,-1083.117,-0.066
4851,40.084,40.084,16.698,-1066.792,-0.022000000000000002
4853,43.493,43.493,23.394000000000002,-1093.577,-0.078
4855,41.45399999999999,41.45399999999999,19.185,-1076.74,-0.147
4864,42.50899999999999,42.50899999999999,21.683000000000003,-1086.731,-0.13
4865,44.098,44.098,23.444000000000003,-1093.778,-0.028999999999999998
4867,41.867,41.867,20.395,-1081.5810000000001,-0.11199999999999999
4868,42.45,42.45,21.589000000000002,-1086.356,-0.114
4870,40.375,40.375,17.160999999999998,-1068.643,-0.02
4871,41.54600000000001,41.54600000000001,19.855999999999998,-1079.422,-0.163
4881,44.06,44.06,23.892,-1095.568,-0.145
4886,44.388999999999996,44.388999999999996,24.193,-1096.772,-0.156
4892,41.312,41.312,18.095,-1072.381,-0.667
4894,41.958999999999996,41.958999999999996,20.756999999999998,-1083.029,-0.114
4897,41.217,41.217,19.74,-1078.96,-0.247
4898,44.714,44.714,25.845,-1103.379,-0.191
4902,41.928000000000004,41.928000000000004,19.906,-1079.622,-0.18
4912,42.027,42.027,20.559,-1082.236,-0.05
4913,41.044,41.044,17.727,-1070.906,-0.22899999999999998
4923,41.015,41.015,18.945999999999998,-1075.785,-0.013000000000000001
4926,42.93,42.93,21.378,-1085.511,-0.207
4937,40.472,39.718,17.509,-1070.036,-0.14
4938,40.87,40.87,17.816,-1071.266,-0.051
4942,39.698,39.698,14.998,-1059.992,-0.109
4962,38.963,38.219,13.470999999999998,-1053.885,-0.09300000000000001
4965,41.215,41.215,18.198,-1072.792,-0.22899999999999998
4966,42.153,42.153,20.6,-1082.401,-0.145
4968,41.985,41.985,20.166,-1080.6660000000002,-0.022000000000000002
4969,39.655,39.655,14.655999999999999,-1058.624,-0.083
4970,39.701,39.701,15.062999999999999,-1060.251,-0.129
4973,42.092,42.092,19.644000000000002,-1078.577,-0.095
4989,44.562,44.562,24.026999999999997,-1096.109,-0.052000000000000005
4990,41.568999999999996,41.568999999999996,19.268,-1077.0739999999998,-0.098
4991,40.854,40.854,16.928,-1067.712,-0.125
5003,43.657,43.657,23.061999999999998,-1092.249,-0.094
5016,44.081,43.305,24.147,-1096.587,-0.10800000000000001
5024,44.941,44.941,24.708000000000002,-1098.8319999999999,-0.11800000000000001
5039,43.12,43.12,22.518,-1090.0739999999998,-0.054000000000000006
5058,41.713,41.713,18.764,-1075.055,-0.113
5059,42.132,42.132,20.167,-1080.6680000000001,-1.436
5060,43.0,43.0,21.436999999999998,-1085.748,-0.124
5068,44.998000000000005,44.216,25.506999999999998,-1102.027,-0.11900000000000001
5072,43.339,43.339,22.434,-1089.735,-0.172
5096,43.12,43.12,21.58,-1086.322,-0.13699999999999998
5097,40.361999999999995,40.361999999999995,16.896,-1067.585,-0.032
5100,25.849,25.849,9.99,-1039.961,-0.052000000000000005
5101,42.263999999999996,42.263999999999996,20.178,-1080.711,-0.022000000000000002
5102,43.964,43.964,22.969,-1091.877,-0.223
5103,24.93,24.93,9.799,-1039.194,-0.055999999999999994
5109,33.948,33.948,9.783,-1039.131,-0.076
5111,33.061,33.061,10.01,-1040.042,-0.067
5112,34.381,34.381,9.588,-1038.3519999999999,-0.07400000000000001
5113,39.166,39.166,13.847999999999999,-1055.391,-0.077
5115,34.688,34.688,9.033,-1036.132,-0.07
5116,15.325999999999999,15.325999999999999,5.815,-1023.2589999999999,-0.064
5117,30.215,30.215,9.351,-1037.403,-0.083
5121,40.551,40.551,16.912,-1067.65,-0.124
5130,44.943999999999996,44.943999999999996,24.384,-1097.535,-0.063
5133,39.36,39.36,14.547,-1058.188,-0.14400000000000002
5143,41.049,41.049,17.238,-1068.952,-0.125
5158,41.022,41.022,17.3,-1069.1989999999998,-0.094
5167,40.571,40.571,16.059,-1064.236,-0.098
5168,41.448,41.448,18.613,-1074.453,-0.109
5176,39.804,39.804,13.69,-1054.76,-0.07200000000000001
5177,44.427,44.427,23.598000000000003,-1094.393,-0.078
5178,44.312,43.534,23.766,-1095.063,-0.121
5179,40.611,40.611,15.956,-1063.823,-0.185
5180,39.606,39.606,13.692,-1054.768,-0.085
5187,44.24100000000001,44.24100000000001,23.184,-1092.738,-0.205
5194,42.449,42.449,20.13,-1080.52,-0.187
5199,41.773,41.773,19.367,-1077.4669999999999,-0.066
5218,43.705,43.705,22.38,-1089.518,-0.165
5252,40.827,40.827,17.247,-1068.986,-0.134
5268,39.635999999999996,39.635999999999996,14.132,-1056.526,-0.095
5274,41.503,41.503,17.737000000000002,-1070.948,-0.131
5275,42.223,41.458,19.928,-1079.711,-0.091
5282,31.73,31.044,6.273,-1025.093,-0.085
5283,43.81100000000001,43.036,23.462,-1093.849,-0.209
5284,30.046999999999997,29.377,7.0,-1027.999,-0.071
5285,22.424,22.424,7.2170000000000005,-1028.866,-0.07200000000000001
5286,36.756,36.756,6.943,-1027.772,-0.08900000000000001
5292,23.343000000000004,23.343000000000004,6.274,-1025.095,-0.079
5294,31.34,30.658,8.724,-1034.8980000000001,-0.063
5295,31.574,31.574,8.993,-1035.972,-0.12
5296,17.418,17.418,8.357999999999999,-1033.432,-0.057
5297,25.183000000000003,25.183000000000003,8.329,-1033.3139999999999,-0.048
5298,34.734,34.734,8.181000000000001,-1032.724,-0.08
5299,18.916,18.916,8.277000000000001,-1033.109,-0.053
5300,16.528,16.084,7.489,-1029.955,-0.069
5301,29.573,29.573,7.375,-1029.502,-0.081
5302,18.9,18.9,6.462000000000001,-1025.85,-0.068
5303,36.436,36.436,5.528,-1022.113,-0.077
5304,44.03,44.03,22.013,-1088.052,-0.172
5306,40.383,40.383,14.952,-1059.808,-0.106
5308,42.992,42.992,20.579,-1082.316,-0.11599999999999999
5310,27.233,27.233,4.626,-1018.5039999999999,-0.075
5320,40.580999999999996,40.580999999999996,16.335,-1065.3419999999999,-0.14800000000000002
5321,43.353,43.353,21.323,-1085.292,-0.154
5327,42.599,42.599,19.887,-1079.549,-0.08199999999999999
5336,40.756,40.756,16.305,-1065.22,-0.12300000000000001
5338,44.924,44.924,24.554000000000002,-1098.2160000000001,-0.129
5350,40.748000000000005,40.748000000000005,15.029000000000002,-1060.118,-0.059000000000000004
5351,43.948,43.948,22.818,-1091.272,-0.14800000000000002
5370,36.762,36.762,4.946000000000001,-1019.784,-0.079
5371,43.972,43.972,22.011999999999997,-1088.048,-0.055
5372,17.871,17.871,4.692,-1018.7669999999999,-0.075
5373,24.107,24.107,5.165,-1020.6619999999999,-0.09
5376,36.297,36.297,5.397,-1021.5880000000001,-0.067
5377,26.311,26.311,5.18,-1020.7189999999999,-0.075
5379,41.771,41.771,18.343,-1073.372,-0.11699999999999999
5380,42.743,42.743,19.896,-1079.583,-0.086
5382,44.458999999999996,44.458999999999996,22.767,-1091.069,-0.124
5386,44.548,44.548,22.8,-1091.201,-0.125
5389,42.559,42.559,19.697,-1078.788,-0.065
5393,40.284,40.284,14.620999999999999,-1058.485,-0.055999999999999994
5395,40.98,40.98,16.428,-1065.711,-0.102
5396,17.517,17.517,6.329,-1025.315,-0.053
5397,33.98,33.98,5.766,-1023.062,-0.079
5398,40.215,39.463,15.157,-1060.629,-0.10800000000000001
5399,24.204,24.204,5.771,-1023.084,-0.075
5400,34.174,34.174,6.007000000000001,-1024.028,-0.076
5401,35.495,35.495,6.149,-1024.597,-0.075
5402,30.265,30.265,6.079,-1024.315,-0.075
5403,36.05,36.05,6.0520000000000005,-1024.2060000000001,-0.076
5406,28.514,28.514,5.825,-1023.299,-0.077
5407,26.791,26.791,6.357,-1025.43,-0.075
5413,40.05,40.05,13.87,-1055.482,-0.129
5418,39.777,39.777,13.487,-1053.9489999999998,-0.062
5420,41.035,41.035,15.824000000000002,-1063.296,-0.015
5426,42.913999999999994,42.913999999999994,20.414,-1081.654,-0.102
5428,21.38,21.38,7.292000000000001,-1029.1689999999999,-0.078
5429,23.326,23.326,7.705,-1030.819,-0.07400000000000001
5430,15.095999999999998,15.095999999999998,5.974,-1023.8969999999999,-0.076
5432,24.116999999999997,24.116999999999997,7.3389999999999995,-1029.357,-0.076
5439,41.42100000000001,41.42100000000001,16.319000000000003,-1065.276,-0.17300000000000001
5446,42.545,42.545,18.867,-1075.468,-0.09
5458,44.735,44.735,22.884,-1091.537,-0.078
5473,42.268,42.268,18.234,-1072.935,-0.08
5475,40.144,40.144,13.802,-1055.2060000000001,-0.07200000000000001
5479,41.631,41.631,16.789,-1067.1580000000001,-0.2
5480,42.138999999999996,42.138999999999996,18.279,-1073.117,-0.134
5487,39.433,39.433,15.335,-1061.3410000000001,-0.10099999999999999
5488,35.684,35.684,13.295,-1053.18,-0.071
5489,40.363,40.363,15.479000000000001,-1061.917,-0.107
5518,43.144,43.144,20.174,-1080.697,-0.22699999999999998
5527,36.933,36.933,13.569,-1054.277,-0.10099999999999999
5563,41.925,41.925,16.733,-1066.934,-0.09
5569,43.413999999999994,43.413999999999994,20.336,-1081.3419999999999,-0.281
5595,43.431999999999995,43.431999999999995,20.101,-1080.402,-0.17
5602,41.162,41.162,15.307,-1061.229,-0.152
5619,40.982,40.982,14.732000000000001,-1058.9289999999999,-0.06
5626,40.743,40.743,16.098,-1064.391,-0.02
5628,41.906000000000006,41.906000000000006,16.805,-1067.222,-0.07200000000000001
5634,41.983000000000004,41.983000000000004,16.961,-1067.846,-0.053
5641,43.732,43.732,20.756999999999998,-1083.029,-0.032
5643,44.317,44.317,21.575,-1086.298,-0.131
5654,42.006,42.006,17.264,-1069.0539999999999,-0.034
5662,41.816,41.053000000000004,17.785999999999998,-1071.146,-0.15
5663,44.471000000000004,44.471000000000004,22.575,-1090.3,-0.245
5666,43.882,43.882,20.918000000000003,-1083.673,-0.01
5672,41.888999999999996,41.888999999999996,16.694000000000003,-1066.776,-0.113
5674,42.666000000000004,42.666000000000004,18.053,-1072.21,-0.149
5679,42.663000000000004,42.663000000000004,18.032,-1072.129,-0.14400000000000002
5702,43.599,43.599,20.906999999999996,-1083.627,-0.08800000000000001
5711,36.516,36.516,12.878,-1051.51,-0.081
5723,40.291,40.291,16.503,-1066.013,-0.015
5734,40.053000000000004,40.053000000000004,16.484,-1065.9360000000001,-0.102
5741,38.36,37.621,14.392000000000001,-1057.567,-0.08900000000000001
5743,39.012,39.012,15.956,-1063.826,-0.106
5745,41.426,41.426,17.89,-1071.559,-0.11599999999999999
5748,41.762,41.762,16.384,-1065.537,-0.129
5759,40.905,40.148,17.374000000000002,-1069.496,-0.213
5760,38.42,38.42,15.589,-1062.355,-0.17300000000000001
5787,41.927,41.927,15.732000000000001,-1062.9289999999999,-0.077
5795,42.523999999999994,42.523999999999994,17.648,-1070.5910000000001,-0.11199999999999999
5796,42.65,42.65,17.754,-1071.014,-0.046
5803,41.988,41.225,17.317999999999998,-1069.2730000000001,-0.07400000000000001
5805,43.294,43.294,19.267,-1077.067,-0.042
5807,44.095,44.095,20.816,-1083.266,-0.006999999999999999
5817,42.45,41.684,17.964000000000002,-1071.855,-0.024
5829,41.325,41.325,14.449000000000002,-1057.798,-0.094
5840,41.318999999999996,41.318999999999996,14.350999999999999,-1057.404,-0.07200000000000001
5860,42.918,42.918,18.385,-1073.542,-0.142
5868,44.70399999999999,44.70399999999999,21.987,-1087.947,-2.258
5873,44.699,44.699,21.886999999999997,-1087.547,-0.036000000000000004
5882,41.095,41.095,14.484000000000002,-1057.9360000000001,-0.08
5886,42.676,42.676,17.615,-1070.46,-0.184
5888,41.967,41.967,15.757,-1063.027,-0.065
5896,41.381,41.381,14.328,-1057.31,-0.07200000000000001
5913,43.707,43.707,19.704,-1078.815,-0.096
5943,44.188,44.188,20.296,-1081.184,-0.168
5949,43.278999999999996,43.278999999999996,18.959,-1075.836,-0.078
5968,44.64,44.64,21.357,-1085.4289999999999,-0.13699999999999998
5976,44.763999999999996,44.763999999999996,21.273000000000003,-1085.0919999999999,-0.08199999999999999
5977,42.773999999999994,42.773999999999994,17.666,-1070.663,-0.415
5982,44.464,44.464,21.142,-1084.568,-0.14400000000000002
5984,44.65,44.65,21.319000000000003,-1085.274,-0.18
5988,43.911,43.911,19.529,-1078.117,-0.21600000000000003
5992,41.215,41.215,14.341,-1057.363,-0.095
5996,44.03,44.03,19.613,-1078.453,-0.132
6002,41.427,41.427,14.238,-1056.953,-0.08
6012,42.608999999999995,42.608999999999995,16.737000000000002,-1066.95,-0.193
6013,42.663000000000004,41.896,18.184,-1072.735,-0.031
6016,43.053999999999995,43.053999999999995,18.136,-1072.542,-0.20199999999999999
6036,41.38399999999999,41.38399999999999,14.950999999999999,-1059.8039999999999,-0.091
6044,42.521,42.521,16.668,-1066.67,-0.127
6067,44.758,44.758,21.135,-1084.539,-0.14300000000000002
6073,41.643,41.643,14.814,-1059.256,-0.099
6074,35.355,35.355,13.434000000000001,-1053.735,-0.075
6076,35.833,35.833,13.423,-1053.692,-0.07400000000000001
6082,33.938,33.938,14.023,-1056.0919999999999,-0.064
6083,36.393,36.393,13.879000000000001,-1055.516,-0.071
6095,44.818000000000005,44.038000000000004,21.9,-1087.599,-0.076
6096,44.258,44.258,20.874000000000002,-1083.495,-0.037000000000000005
6101,42.928999999999995,42.928999999999995,17.564,-1070.258,-0.146
6118,43.01,43.01,17.461,-1069.844,-0.133
6135,41.593999999999994,41.593999999999994,14.004000000000001,-1056.015,-0.099
6153,35.607,35.607,16.16,-1064.64,-0.099
6154,36.964,36.964,15.652000000000001,-1062.608,-0.07400000000000001
6165,42.905,42.136,17.872,-1071.488,-0.10099999999999999
6166,37.065,37.065,14.877,-1059.507,-0.07
6182,42.01,42.01,15.17,-1060.68,-0.1
6184,43.736000000000004,42.961999999999996,19.448,-1077.7939999999999,-0.115
6191,29.948,29.948,14.446,-1057.7839999999999,-0.08
6198,42.895,42.895,17.844,-1071.374,-0.11599999999999999
6200,43.769,43.769,18.662,-1074.647,-0.146
6203,44.967,44.967,21.053,-1084.211,-0.187
6208,42.026,42.026,14.712,-1058.849,-0.096
6220,37.378,37.378,18.427,-1073.7069999999999,-0.046
6221,29.941,29.941,14.432,-1057.7269999999999,-0.039
6224,30.118000000000002,30.118000000000002,14.552999999999999,-1058.21,-0.057
6226,44.653999999999996,44.653999999999996,20.324,-1081.295,-0.079
6227,44.486999999999995,44.486999999999995,19.969,-1079.875,-0.228
6228,32.926,32.926,16.567999999999998,-1066.2730000000001,-0.049
6229,33.303000000000004,33.303000000000004,16.340999999999998,-1065.364,-0.067
6230,29.308000000000003,29.308000000000003,14.460999999999999,-1057.845,-0.081
6232,31.159000000000002,31.159000000000002,15.919,-1063.675,-0.021
6236,33.879,33.879,16.399,-1065.596,-0.015
6237,30.831999999999997,30.831999999999997,14.952,-1059.81,-0.059000000000000004
6238,36.43,36.43,17.238,-1068.95,-0.10300000000000001
6239,40.588,39.834,18.354,-1073.415,-0.124
6245,29.605999999999998,29.605999999999998,13.811,-1055.245,-0.049
6247,37.001,37.001,16.916,-1067.665,-0.055
6251,38.215,38.215,17.91,-1071.64,-0.016
6255,38.466,38.466,18.007,-1072.028,-0.122
6259,36.955999999999996,36.955999999999996,18.043,-1072.171,-0.054000000000000006
6263,34.93,34.93,17.48,-1069.921,-0.079
6264,36.477,36.477,17.889,-612.981,0.0
6265,39.062,39.062,19.64,-1078.5610000000001,-0.009000000000000001
6266,39.734,39.734,19.302,-1077.208,-0.131
6274,37.475,37.475,18.340999999999998,-1073.362,-0.08900000000000001
6279,30.709,30.709,14.255999999999998,-1057.0230000000001,-0.071
6282,43.848,43.848,18.563,-1074.252,-0.17
6311,44.97,44.97,20.865,-1083.458,-0.18100000000000002
6313,44.438,44.438,20.03,-1080.12,-0.19899999999999998
6349,43.818000000000005,43.818000000000005,18.191,-1072.763,-0.161
6356,43.964,43.964,18.369,-1073.474,-0.16699999999999998
6373,43.321999999999996,43.321999999999996,16.999000000000002,-1067.996,-0.105
6380,44.24,44.24,19.945,-1079.782,-0.23800000000000002
6388,44.193000000000005,43.417,20.686,-1082.745,-0.16399999999999998
6393,42.644,42.644,14.845999999999998,-1059.386,-0.075
6400,43.463,43.463,17.674,-1070.695,-0.131
6417,43.966,43.966,18.301,-1073.202,-0.14800000000000002
6420,42.56100000000001,41.794,16.055,-1064.219,-0.09300000000000001
6424,42.583999999999996,42.583999999999996,14.890999999999998,-1059.563,-0.052000000000000005
6429,42.895,42.895,15.488,-1061.952,-0.129
6433,43.052,43.052,17.590999999999998,-1070.365,-0.109
6435,43.511,43.511,16.906,-1067.624,-0.064
6436,44.286,44.286,18.793,-1075.171,-0.08800000000000001
6445,44.928999999999995,44.928999999999995,19.812,-1079.248,-0.09300000000000001
6448,44.028,44.028,18.872,-1075.488,-0.127
6466,44.915,44.915,19.892,-1079.568,-0.154
6479,44.226000000000006,44.226000000000006,18.262999999999998,-1073.053,-0.1
6485,42.474,42.474,15.347000000000001,-1061.39,-0.081
6507,44.358000000000004,44.358000000000004,18.803,-1075.214,-0.1
6526,42.433,42.433,14.084000000000001,-1056.337,-0.066
6529,43.633,43.633,16.843,-1067.371,-0.12
6531,42.556000000000004,42.556000000000004,14.245,-1056.982,-0.066
6538,44.888999999999996,44.888999999999996,19.802,-1079.2069999999999,-0.135
6546,44.924,44.924,19.558,-1078.233,-0.171
6571,43.808,43.808,17.364,-1069.4560000000001,-0.059000000000000004
6572,43.575,43.575,16.861,-1067.443,-0.10300000000000001
6614,44.356,44.356,18.733,-1074.932,-0.042
6627,44.661,44.661,18.903,-1075.611,-0.091
6655,43.19,43.19,15.26,-1061.0410000000002,-0.13
6674,44.895,44.895,18.804000000000002,-1075.2169999999999,-0.109
6728,42.372,42.372,13.702,-1054.81,-0.078
6736,41.956,41.956,11.225,-1044.902,-0.071
6737,26.987,26.987,4.238,-1016.953,-0.076
6739,18.545,18.545,4.032,-1016.1289999999999,-0.076
6740,29.467,28.804000000000002,5.507000000000001,-1022.0269999999999,-0.071
6743,36.736999999999995,36.736999999999995,5.088,-1020.3510000000001,-0.077
6744,18.436,18.436,4.774,-1019.095,-0.081
6745,13.466,13.466,4.941,-1019.765,-0.079
6784,43.093999999999994,43.093999999999994,14.982000000000001,-1059.928,-0.077
6798,43.898999999999994,43.898999999999994,16.414,-1065.657,-0.11599999999999999
6828,44.027,44.027,16.97,-1067.882,-0.126
6830,43.482,43.482,15.569,-1062.277,-0.109
6832,44.865,44.865,18.391,-1073.562,-0.08900000000000001
6839,44.543,44.543,17.8,-1071.202,-0.11
6841,43.266999999999996,43.266999999999996,14.407,-1057.628,-0.067
6893,43.333,43.333,14.312000000000001,-1057.246,-0.084
6894,43.534,43.534,14.963,-1059.853,-0.064
6903,43.352,43.352,14.823,-1059.2910000000002,-0.107
6921,43.817,43.817,16.077,-1064.307,-0.114
6949,42.833,42.065,14.25,-1057.002,-0.08
6983,44.42100000000001,44.42100000000001,16.660999999999998,-1066.645,-0.125
6985,43.589,43.589,14.763,-1059.0510000000002,-0.094
7006,44.258,44.258,16.831,-1067.325,-0.175
7019,43.617,43.617,14.769,-1059.075,-0.11800000000000001
7044,44.562,44.562,16.903,-1067.612,-0.134
7057,43.59,43.59,14.602,-1058.41,-0.09
7058,44.924,44.924,17.41,-1069.641,-0.162
7108,44.685,44.685,16.849,-1067.396,-0.095
7140,43.703,42.928999999999995,15.22,-1060.882,-0.095
7146,44.675,44.675,16.799,-1067.198,-0.12300000000000001
7179,44.575,44.575,15.984000000000002,-1063.934,-0.122
7186,44.756,44.756,16.805,-1067.222,-0.1
7189,26.736,26.736,13.95,-1055.799,-0.081
7192,44.41,44.41,15.959000000000001,-1063.837,-0.133
7193,37.715,37.715,13.915999999999999,-1055.663,-0.08
7194,27.709,27.709,14.366,-1057.463,-0.057
7195,43.637,43.637,14.061,-1056.243,-0.096
7198,30.319000000000003,30.319000000000003,13.767999999999999,-1055.0710000000001,-0.078
7209,39.12,39.12,14.227,-1056.907,-0.091
7212,27.945999999999998,27.945999999999998,14.245,-1056.979,-0.075
7216,42.865,42.865,14.127,-1056.507,-0.035
7218,36.164,36.164,14.302999999999999,-1057.214,-0.061
7219,30.828000000000003,30.828000000000003,14.196,-1056.7830000000001,-0.084
7221,43.336999999999996,42.566,14.584000000000001,-1058.335,-0.079
7222,32.608000000000004,32.608000000000004,14.352,-1057.407,-0.046
7224,30.933000000000003,30.933000000000003,14.257,-1057.03,-0.052000000000000005
7227,30.430999999999997,30.430999999999997,14.559000000000001,-1058.236,-0.08800000000000001
7229,34.080999999999996,34.080999999999996,14.407,-1057.629,-0.069
7231,27.418000000000003,27.418000000000003,14.464,-1057.857,-0.079
7237,41.705,41.705,14.635,-1058.538,-0.08199999999999999
7239,41.08,41.08,14.478,-1057.913,-0.07
7242,37.963,37.226,14.315999999999999,-1057.264,-0.07
7245,28.666,28.011999999999997,14.542,-1058.17,-0.07200000000000001
7246,44.461999999999996,44.461999999999996,15.882,-1063.529,-0.013999999999999999
7249,43.071999999999996,43.071999999999996,13.991,-1055.965,-0.066
7253,36.981,36.981,14.264000000000001,-1057.057,-0.06
7255,42.44,42.44,14.083,-1056.3319999999999,-0.065
7256,38.435,38.435,14.072000000000001,-1056.29,-0.049
7257,31.325,31.325,14.345999999999998,-1057.385,-0.077
7259,42.96,42.96,14.209000000000001,-1056.837,-0.07400000000000001
7260,40.48,40.48,14.047,-1056.1889999999999,-0.07400000000000001
7261,43.941,43.941,15.804,-1063.2169999999999,-0.08199999999999999
7269,32.925,32.925,14.29,-1057.16,-0.07200000000000001
7276,29.421,29.421,14.216,-1056.863,-0.078
7281,31.906999999999996,31.906999999999996,14.219000000000001,-1056.878,-0.077
7291,28.124000000000002,27.476,14.123,-1056.492,-0.065
7295,40.356,40.356,14.323,-1057.292,-0.08199999999999999
7296,25.160999999999998,25.160999999999998,14.392000000000001,-1057.57,-0.062
7297,34.985,34.985,14.302,-1057.2069999999999,-0.08
7301,36.32,36.32,14.26,-1057.0410000000002,-0.049
7302,40.606,40.606,14.311,-1057.244,-0.078
7303,42.77,42.77,13.838,-1055.35,-0.071
7304,42.324,42.324,14.207,-1056.826,-0.077
7305,40.900999999999996,40.900999999999996,14.224,-1056.896,-0.069
7309,24.475,23.874000000000002,14.550999999999998,-1058.205,-0.057
7314,41.582,41.582,14.089,-1056.354,-0.07200000000000001
7315,36.078,36.078,14.228,-1056.911,-0.083
7316,25.816999999999997,25.816999999999997,14.133,-1056.532,-0.08800000000000001
7317,37.038000000000004,37.038000000000004,14.212,-1056.848,-0.059000000000000004
7319,41.067,41.067,14.014000000000001,-1056.055,-0.053
7320,43.348,43.348,13.995,-1055.981,-0.075
7322,29.998,29.33,14.594000000000001,-1058.378,-0.076
7324,31.086,31.086,14.392000000000001,-1057.566,-0.065
7326,23.434,23.434,14.37,-1057.48,-0.078
7328,44.312,44.312,15.14,-1060.5610000000001,-0.086
7329,34.696,34.696,14.355,-1057.4189999999999,-0.066
7331,42.215,41.45,14.485999999999999,-1057.945,-0.075
7332,25.215,25.215,14.487,-1057.947,-0.073
7333,35.404,35.404,14.052,-1056.2089999999998,-0.068
7334,36.149,36.149,14.489,-1057.955,-0.066
7336,41.068000000000005,41.068000000000005,14.311,-1057.245,-0.077
7337,26.326,26.326,14.085999999999999,-1056.345,-0.079
7338,43.693999999999996,43.693999999999996,14.37,-1057.48,-0.07400000000000001
7340,32.247,32.247,14.335999999999999,-1057.343,-0.042
7341,20.533,20.533,14.155,-1056.62,-0.044000000000000004
7342,27.311999999999998,27.311999999999998,14.321,-1057.286,-0.09
7343,42.323,42.323,14.72,-1058.881,-0.084
7344,38.846,38.846,14.557,-1058.2269999999999,-0.077
7345,18.985,18.985,13.644,-1054.576,-0.069
7347,43.26,43.26,14.356,-1057.423,-0.081
7349,19.585,19.585,14.008,-1056.032,-0.052000000000000005
7350,24.92,24.225,14.6,-1058.401,-0.038
7351,34.268,34.268,14.334000000000001,-1057.337,-0.09300000000000001
7352,40.658,40.658,14.045,-1056.1789999999999,-0.07200000000000001
7353,41.66,41.66,13.989,-1055.955,-0.073
7354,21.552,21.552,14.08,-1056.3210000000001,-0.073
7357,33.342,33.342,14.757,-1059.028,-0.03
7358,35.476,35.476,14.512,-1058.047,-0.079
7359,31.985,31.985,14.537,-1058.146,-0.064
7360,29.535999999999998,29.535999999999998,14.27,-1057.08,-0.027000000000000003
7361,44.97,44.97,16.256,-1065.022,-0.12300000000000001
7364,30.660999999999998,30.660999999999998,14.558,-1058.233,-0.066
7365,25.61,25.61,13.968,-1055.872,-0.055999999999999994
7366,36.283,36.283,14.32,-1057.28,-0.053
7367,40.346,40.346,14.404000000000002,-1057.614,-0.086
7368,25.296,25.296,14.262,-1057.048,-0.076
7370,32.741,32.741,13.948,-1055.7910000000002,-0.069
7372,30.908,30.908,13.509,-1054.035,-0.078
7374,28.982,28.982,13.747,-1054.987,-0.079
7449,44.438,44.438,14.877,-1059.509,-0.083
7463,42.92,42.151,14.168,-1056.671,-0.08900000000000001
7487,44.503,44.503,14.584000000000001,-1058.337,-0.078
7504,42.135,42.135,14.889000000000001,-1059.558,-0.098
7567,44.708,44.708,15.181,-1060.724,-0.105
7581,43.988,43.988,13.985,-1055.9389999999999,-0.016
7604,44.769,44.769,14.624,-1058.494,-0.094
7671,44.638999999999996,44.638999999999996,14.455,-1057.819,-0.064
7828,44.453,43.675,14.228,-1056.913,-0.07400000000000001
8395,20.002,20.002,12.802999999999999,-1051.211,-0.076
8423,29.627,29.627,11.84,-1047.358,-0.075
