Episode,Kick_Speed,friction,variance_friction,Rewards,Stop_Distance
1,74.09,0.87,0.14,-1027.61,-0.03
5,63.01,0.68,0.14,-1023.96,-0.23
10,57.69,0.65,0.26,-1033.55,-0.26
21,53.91,0.61,0.19,-1022.44,-0.21
25,48.02,0.69,0.27,-407.77,0.64
37,54.45,0.58,0.16,-1017.87,-0.1
42,53.0,0.66,0.2,-1021.45,-0.19
52,44.91,0.54,0.27,-35.83,4.42
54,53.11,0.64,0.23,-1021.63,-0.14
61,49.93,0.75,0.29,-1014.98,-0.03
62,48.97,0.59,0.23,-1013.01,-0.02
70,65.92,0.62,0.19,-1043.4,-0.17
75,54.79,0.87,0.25,-1013.78,-0.1
76,47.66,0.52,0.2,-1012.01,-0.05
87,56.72,1.0,0.21,-383.31,0.73
89,57.75,0.81,0.17,-1014.38,-0.09
98,56.02,0.71,0.22,-1022.4,-0.05
115,57.55,0.76,0.17,-1016.06,-0.04
121,49.4,0.64,0.24,-1016.31,-0.03
126,54.02,0.37,0.11,-1035.24,-0.14
128,55.87,0.92,0.23,-1015.13,-0.03
129,53.58,0.7,0.18,-1014.48,-0.12
131,52.1,0.62,0.31,-1028.66,-0.02
133,60.61,0.72,0.22,-1030.83,-0.09
134,56.41,0.58,0.25,-1037.15,-0.17
136,46.98,0.35,0.14,-1021.71,-0.23
140,58.37,0.86,0.19,-1015.35,-0.0
149,63.61,0.57,0.17,-1040.92,-0.13
152,48.47,0.43,0.21,-1022.96,-0.13
153,48.2,0.53,0.18,-1011.19,-0.0
159,50.93,0.61,0.25,-1020.14,-0.1
172,52.99,0.69,0.24,-1022.56,-0.2
174,49.11,0.37,0.24,-1036.94,-0.32
177,71.06,0.54,0.25,-1071.36,-0.47
183,58.12,0.7,0.19,-1022.85,-0.03
185,55.65,0.64,0.12,-1009.87,-0.01
198,62.05,0.58,0.2,-1040.93,-0.21
209,52.28,0.57,0.33,-1036.12,-0.27
211,51.94,0.56,0.21,-1023.01,-0.2
216,50.65,0.7,0.21,-540.23,0.2
217,50.9,0.8,0.23,-28.76,4.77
222,45.55,0.67,0.31,-1012.3,-0.06
229,46.37,0.45,0.22,-1022.99,-0.22
236,53.96,0.68,0.26,-1026.18,-0.09
272,69.06,0.88,0.16,-1027.17,-0.02
273,49.42,0.7,0.21,-26.49,4.89
279,58.22,0.63,0.16,-1025.99,-0.08
281,39.37,0.29,0.33,-1024.67,-0.22
286,50.15,0.72,0.26,-1017.81,-0.1
290,49.43,0.56,0.21,-1019.59,-0.17
292,55.38,0.17,0.24,-1078.69,-0.81
308,64.33,0.86,0.15,-1019.11,-0.13
318,55.71,0.6,0.13,-1013.92,-0.01
324,50.51,0.67,0.18,-1012.3,-0.07
331,50.2,0.64,0.26,-1022.52,-0.0
339,48.19,0.6,0.19,-114.52,2.61
344,50.75,0.8,0.2,-53.06,3.81
349,45.86,0.56,0.32,-1020.93,-0.09
355,50.39,0.66,0.26,-1023.42,-0.0
356,43.33,0.46,0.28,-1015.06,-0.03
357,49.28,0.62,0.31,-1026.46,-0.11
363,48.11,0.66,0.27,-1014.62,-0.03
364,53.49,0.53,0.12,-1014.3,-0.02
367,49.05,0.58,0.26,-1024.08,-0.16
375,51.46,0.69,0.22,-1017.28,-0.15
397,59.48,0.75,0.09,-173.29,1.97
398,50.33,0.76,0.21,-116.48,2.59
401,56.86,0.67,0.2,-1026.56,-0.23
408,57.24,0.77,0.16,-1015.3,-0.1
416,57.18,0.61,0.13,-1020.01,-0.06
417,51.27,0.73,0.16,-46.24,4.03
420,47.82,0.62,0.23,-1014.71,-0.1
429,51.75,0.67,0.23,-1020.96,-0.05
432,47.76,0.49,0.22,-1020.71,-0.04
433,47.53,0.69,0.23,-54.07,3.78
439,46.12,0.68,0.32,-325.22,0.99
448,51.85,0.91,0.3,-1013.09,-0.06
459,56.39,0.68,0.1,-1008.93,-0.03
462,60.36,0.71,0.19,-1027.6,-0.05
464,53.09,0.7,0.16,-1011.75,-0.01
471,47.46,0.59,0.23,-1013.37,-0.06
490,55.3,0.6,0.14,-1020.22,-0.05
501,62.45,0.75,0.19,-1029.44,-0.19
506,69.88,0.93,0.16,-1025.51,-0.16
507,57.02,0.63,0.14,-1019.64,-0.22
509,46.21,0.38,0.22,-1026.77,-0.05
519,52.79,0.56,0.15,-1019.45,-0.06
520,48.06,0.67,0.22,-1011.38,-0.0
521,57.48,0.73,0.27,-1033.37,-0.28
531,46.42,0.54,0.21,-1012.01,-0.04
538,56.27,0.87,0.28,-1025.86,-0.07
541,53.3,0.69,0.21,-1021.07,-0.09
542,45.54,0.53,0.19,-72.97,3.32
543,55.79,0.51,0.36,-1049.87,-0.36
544,66.39,0.59,0.12,-1037.7,-0.22
554,52.51,0.72,0.32,-1029.31,-0.2
557,52.4,0.54,0.23,-1032.24,-0.29
560,46.05,0.55,0.29,-1025.25,-0.03
571,49.15,0.71,0.2,-33.68,4.52
576,52.31,0.57,0.23,-1029.56,-0.26
585,50.26,0.72,0.23,-1013.7,-0.11
590,44.46,0.37,0.19,-1018.91,-0.17
591,40.38,0.37,0.28,-1014.44,-0.04
601,47.19,0.65,0.21,-1010.44,-0.04
603,48.18,0.77,0.31,-1015.62,-0.07
604,54.42,0.89,0.23,-1015.99,-0.16
611,57.86,0.79,0.16,-1015.66,-0.01
621,52.43,0.75,0.2,-1012.83,-0.09
625,47.07,0.66,0.22,-64.61,3.51
639,48.3,0.48,0.3,-1034.17,-0.05
642,60.55,0.62,0.16,-1031.7,-0.28
645,52.7,0.83,0.16,-54.51,3.77
648,48.21,0.52,0.23,-1023.33,-0.24
655,49.94,0.85,0.33,-1021.07,-0.13
658,48.64,0.48,0.24,-1030.82,-0.12
660,60.68,0.9,0.24,-1027.21,-0.03
665,45.92,0.45,0.15,-1011.36,-0.03
678,50.62,0.67,0.22,-1020.6,-0.03
679,54.34,0.72,0.11,-41.11,4.21
680,58.74,0.73,0.2,-1027.07,-0.24
683,47.05,0.73,0.26,-240.45,1.46
690,54.2,0.36,0.18,-1049.38,-0.23
697,51.91,0.64,0.13,-1010.1,-0.04
704,42.34,0.29,0.12,-1016.11,-0.08
709,44.57,0.72,0.33,-95.71,2.89
714,57.07,0.84,0.32,-1032.59,-0.37
717,50.54,0.5,0.16,-1020.59,-0.01
720,48.79,0.83,0.28,-1013.66,-0.11
728,42.69,0.34,0.24,-1026.28,-0.22
729,41.58,0.61,0.37,-67.89,3.43
732,55.6,0.96,0.19,-1010.41,-0.02
748,55.09,0.48,0.24,-1042.49,-0.48
759,55.67,0.87,0.15,-60.26,3.61
761,47.78,0.49,0.26,-1027.69,-0.19
764,47.59,0.48,0.21,-1026.87,-0.15
776,44.21,0.3,0.15,-1022.4,-0.16
785,42.87,0.19,0.19,-1043.97,-0.28
786,51.03,0.54,0.33,-1038.58,-0.02
791,50.54,0.94,0.25,-1011.12,-0.07
792,56.05,0.87,0.26,-1025.96,-0.15
795,46.6,0.52,0.22,-1019.51,-0.02
799,54.45,0.82,0.22,-1019.9,-0.17
802,49.31,0.46,0.19,-1028.63,-0.26
806,56.36,0.72,0.29,-1035.3,-0.42
814,49.65,0.52,0.31,-1034.83,-0.27
819,55.64,0.93,0.24,-1018.17,-0.11
824,47.11,0.4,0.28,-1034.41,-0.08
833,49.49,0.48,0.14,-1019.69,-0.02
836,51.59,0.55,0.12,-1013.81,-0.04
837,46.29,0.58,0.21,-1015.25,-0.02
845,43.58,0.53,0.23,-49.93,3.91
876,60.04,0.77,0.18,-1026.95,-0.29
879,63.08,0.53,0.35,-1064.34,-0.76
882,63.55,0.68,0.17,-1032.63,-0.28
887,48.32,0.67,0.2,-1013.47,-0.06
891,49.56,0.66,0.27,-1026.91,-0.24
896,52.44,0.66,0.25,-1028.62,-0.29
909,50.64,0.44,0.14,-1024.82,-0.06
922,47.8,0.62,0.17,-1009.27,-0.02
924,43.75,0.55,0.2,-47.6,3.98
928,52.98,0.68,0.22,-1026.43,-0.06
930,52.42,0.48,0.18,-1031.65,-0.1
935,54.5,0.88,0.16,-84.92,3.08
936,53.03,0.53,0.15,-1024.59,-0.03
940,52.21,0.85,0.24,-1017.17,-0.07
951,56.72,0.57,0.17,-1031.1,-0.09
954,49.02,0.5,0.22,-1028.83,-0.27
955,59.36,0.4,0.21,-1058.04,-0.4
959,52.44,0.54,0.2,-1030.38,-0.33
962,42.86,0.38,0.2,-1022.06,-0.02
963,57.08,0.71,0.22,-1029.2,-0.14
971,55.51,0.72,0.23,-1027.97,-0.16
973,53.96,0.69,0.26,-1031.14,-0.17
974,46.99,0.67,0.26,-1019.77,-0.02
976,49.34,0.67,0.27,-1022.74,-0.17
979,57.43,0.66,0.18,-1028.81,-0.29
984,46.14,0.76,0.31,-1018.09,-0.08
986,42.9,0.48,0.24,-1017.82,-0.1
991,49.14,0.55,0.18,-1021.32,-0.23
996,60.8,0.84,0.31,-1039.27,-0.46
997,74.03,0.64,0.26,-1070.38,-0.45
998,45.39,0.56,0.18,-1009.41,-0.0
1001,61.89,0.61,0.17,-1036.37,-0.36
1002,49.26,0.62,0.22,-1019.95,-0.13
1005,44.75,0.56,0.23,-1013.88,-0.07
1012,51.66,0.53,0.09,-343.13,0.9
1015,48.25,0.63,0.2,-1016.34,-0.11
1017,49.77,0.65,0.3,-1026.74,-0.19
1018,58.23,0.58,0.14,-1028.05,-0.19
1019,45.72,0.63,0.25,-1016.94,-0.01
1022,45.08,0.8,0.28,-41.99,4.18
1024,49.3,0.81,0.24,-1014.97,-0.06
1027,58.05,0.75,0.21,-1027.7,-0.07
1028,59.45,0.76,0.22,-1031.53,-0.28
1029,66.37,0.67,0.2,-1045.77,-0.19
1033,55.19,0.69,0.14,-1014.9,-0.14
1045,40.68,0.46,0.18,-77.91,3.21
1048,51.87,0.68,0.18,-1017.22,-0.15
1050,55.72,0.69,0.18,-1024.25,-0.13
1057,63.41,0.62,0.11,-1024.35,-0.12
1060,47.67,0.86,0.26,-129.66,2.42
1069,56.54,0.73,0.15,-1018.64,-0.12
1070,40.02,0.55,0.29,-87.62,3.03
1077,67.65,0.72,0.31,-1054.66,-0.38
1079,44.33,0.48,0.35,-1030.95,-0.21
1082,49.26,0.7,0.18,-1011.92,-0.03
1087,57.43,0.66,0.08,-1009.95,-0.07
1099,63.13,0.7,0.16,-1029.83,-0.1
1103,45.61,0.66,0.27,-1018.67,-0.14
1110,47.02,0.64,0.24,-1019.08,-0.1
1111,57.88,0.68,0.27,-1039.77,-0.22
1118,70.67,0.88,0.18,-1033.27,-0.01
1124,53.37,0.46,0.23,-1042.86,-0.44
1125,50.61,0.5,0.11,-1014.92,-0.08
1129,49.2,0.81,0.26,-1018.39,-0.17
1132,53.62,0.93,0.16,-27.99,4.81
1140,47.27,0.63,0.27,-1022.34,-0.21
1141,46.35,0.55,0.17,-1015.4,-0.0
1142,49.36,0.67,0.32,-1030.42,-0.29
1143,45.26,0.6,0.26,-1017.13,-0.08
1145,41.37,0.74,0.35,-42.74,4.15
1148,48.91,0.44,0.14,-1024.59,-0.03
1155,49.85,0.65,0.24,-1023.39,-0.17
1157,41.84,0.44,0.25,-1019.54,-0.1
1158,40.45,0.35,0.16,-90.83,2.97
1160,49.34,0.9,0.27,-1012.12,-0.01
1164,53.54,0.83,0.18,-1012.46,-0.03
1165,67.49,0.76,0.21,-1040.95,-0.03
1172,53.6,0.35,0.18,-1051.37,-0.26
1174,52.13,0.36,0.2,-1045.94,-0.25
1175,44.37,0.71,0.19,-31.71,4.61
1176,55.65,0.69,0.21,-1028.98,-0.07
1186,46.34,0.79,0.26,-56.79,3.71
1190,53.06,0.88,0.19,-1013.97,-0.1
1193,53.76,0.83,0.23,-1021.99,-0.13
1201,54.43,0.69,0.15,-1018.05,-0.14
1202,53.03,0.57,0.1,-1012.44,-0.07
1203,58.98,0.66,0.16,-1029.26,-0.21
1205,46.48,0.49,0.25,-1030.41,-0.23
1206,58.71,0.7,0.16,-1025.76,-0.11
1208,59.45,0.64,0.14,-1026.42,-0.28
1211,57.18,0.77,0.22,-1029.01,-0.31
1212,57.53,0.81,0.16,-1019.36,-0.2
1213,48.74,0.57,0.28,-1030.82,-0.18
1218,54.79,0.59,0.25,-1036.79,-0.04
1222,51.92,0.75,0.18,-1015.39,-0.05
1228,46.09,0.49,0.16,-1017.33,-0.11
1231,50.9,0.63,0.14,-1011.68,-0.03
1233,54.89,0.58,0.24,-1037.12,-0.19
1234,45.51,0.7,0.22,-1010.18,-0.03
1236,42.19,0.58,0.24,-197.29,1.77
1240,50.05,0.6,0.19,-1023.64,-0.27
1244,56.82,0.82,0.21,-1023.6,-0.06
1245,42.54,0.64,0.25,-46.96,4.0
1250,49.51,0.66,0.23,-1023.03,-0.14
1251,50.56,0.74,0.14,-55.68,3.74
1253,43.85,0.74,0.25,-63.33,3.54
1261,45.56,0.5,0.21,-1022.56,-0.17
1264,59.06,0.81,0.18,-1024.11,-0.18
1265,46.24,0.68,0.25,-1016.1,-0.13
1267,47.08,0.63,0.15,-1008.84,-0.01
1269,49.42,0.36,0.17,-1038.5,-0.18
1274,45.43,0.76,0.22,-112.89,2.64
1281,45.24,0.81,0.24,-1008.51,-0.01
1282,50.67,0.66,0.22,-1023.5,-0.26
1283,45.33,0.72,0.22,-1010.52,-0.05
1290,70.06,0.52,0.22,-1070.73,-0.28
1293,41.29,0.81,0.37,-175.71,1.95
1303,56.74,1.04,0.16,-1008.34,-0.06
1306,53.27,0.58,0.22,-1032.24,-0.06
1308,55.55,0.67,0.17,-1023.72,-0.17
1310,42.98,0.44,0.12,-38.12,4.33
1314,44.12,0.48,0.16,-1012.58,-0.09
1317,38.83,0.51,0.3,-1011.02,-0.03
1318,42.44,0.6,0.27,-1014.06,-0.01
1320,41.18,0.56,0.24,-1015.09,-0.13
1322,51.91,0.54,0.18,-1028.54,-0.14
1328,51.3,0.8,0.16,-1008.49,-0.04
1335,50.78,0.68,0.27,-1029.24,-0.27
1338,58.45,0.7,0.2,-1030.98,-0.32
1348,62.81,0.62,0.15,-1034.27,-0.01
1352,49.66,0.88,0.17,-32.81,4.56
1354,53.07,0.69,0.16,-1019.37,-0.04
1356,41.08,0.47,0.24,-1018.11,-0.13
1359,42.24,0.56,0.23,-1013.3,-0.06
1362,54.61,0.66,0.24,-1032.73,-0.23
1364,58.65,0.55,0.33,-1055.02,-0.2
1372,53.71,0.74,0.17,-1017.7,-0.09
1374,45.86,0.77,0.25,-1014.71,-0.1
1382,48.07,0.9,0.25,-397.11,0.68
1383,48.83,0.44,0.18,-1029.82,-0.01
1387,46.99,0.68,0.22,-1016.92,-0.01
1389,54.93,0.62,0.19,-1029.31,-0.24
1397,40.49,0.36,0.19,-1016.68,-0.15
1398,47.5,0.75,0.29,-1022.71,-0.14
1400,45.29,0.73,0.19,-37.23,4.36
1411,50.82,0.46,0.15,-1028.78,-0.24
1413,51.78,0.38,0.16,-1040.65,-0.09
1414,53.18,0.57,0.18,-1030.04,-0.23
1415,53.9,0.78,0.24,-1026.39,-0.2
1417,54.63,0.93,0.24,-1020.52,-0.11
1420,45.64,0.5,0.25,-1029.49,-0.01
1426,42.39,0.51,0.22,-1015.18,-0.1
1431,50.32,0.67,0.21,-1023.48,-0.13
1437,51.23,0.56,0.23,-1033.18,-0.29
1442,48.69,0.62,0.19,-1019.88,-0.21
1443,60.18,0.48,0.3,-1061.01,-0.13
1447,45.95,0.46,0.17,-1020.5,-0.05
1451,47.91,0.61,0.12,-207.53,1.69
1453,43.63,0.6,0.29,-1020.52,-0.2
1455,53.14,0.5,0.2,-1036.15,-0.27
1456,43.08,0.69,0.22,-39.38,4.28
1457,54.35,0.67,0.2,-1026.21,-0.23
1468,42.17,0.52,0.24,-1019.1,-0.08
1469,65.06,0.55,0.2,-1054.89,-0.2
1470,48.1,0.74,0.21,-1013.65,-0.11
1471,45.23,0.91,0.28,-106.56,2.73
1472,43.58,0.72,0.23,-97.01,2.87
1474,40.71,0.61,0.29,-519.82,0.26
1475,49.46,0.59,0.25,-1031.07,-0.33
1476,48.49,0.84,0.2,-1008.04,-0.02
1481,50.36,0.43,0.26,-1041.77,-0.06
1484,50.18,0.81,0.19,-1014.54,-0.1
1485,51.07,0.5,0.23,-1036.52,-0.02
1493,47.23,0.54,0.19,-1022.31,-0.02
1497,55.6,0.76,0.21,-1027.42,-0.31
1499,54.89,0.85,0.31,-1032.08,-0.18
1512,50.73,0.8,0.23,-1020.08,-0.06
1513,53.66,0.71,0.18,-1022.54,-0.26
1515,43.93,0.76,0.22,-36.59,4.39
1521,47.7,0.64,0.16,-1012.68,-0.06
1535,62.33,0.83,0.2,-1030.34,-0.28
1536,46.06,0.99,0.26,-229.23,1.53
1546,41.9,0.75,0.28,-156.69,2.13
1551,43.24,0.5,0.23,-1023.94,-0.12
1554,47.46,0.87,0.28,-1016.7,-0.12
1555,54.41,0.76,0.24,-1029.08,-0.03
1556,49.65,0.84,0.27,-1022.77,-0.19
1559,44.09,0.78,0.28,-1013.57,-0.05
1562,44.79,0.71,0.22,-1012.53,-0.11
1564,45.77,0.5,0.22,-1026.03,-0.23
1567,47.49,0.7,0.28,-1022.65,-0.23
1571,40.73,0.7,0.28,-184.37,1.87
1573,39.78,0.44,0.22,-1016.9,-0.16
1578,41.78,0.51,0.22,-1014.4,-0.11
1583,61.24,0.38,0.11,-1055.67,-0.01
1584,45.14,0.7,0.27,-1018.35,-0.2
1590,46.78,0.62,0.24,-1025.03,-0.02
1595,55.14,0.54,0.21,-1039.33,-0.13
1600,44.74,0.61,0.15,-33.96,4.51
1604,44.98,0.58,0.22,-1020.06,-0.0
1605,44.41,0.55,0.19,-1017.38,-0.1
1612,50.85,0.86,0.24,-1019.63,-0.14
1614,42.48,0.59,0.17,-35.65,4.43
1616,45.99,0.65,0.29,-1024.04,-0.25
1619,56.64,0.58,0.2,-1035.02,-0.13
1623,49.3,0.76,0.28,-1025.33,-0.14
1629,55.11,0.65,0.35,-1044.27,-0.44
1630,50.9,0.6,0.15,-1019.34,-0.12
1632,54.62,0.99,0.2,-1015.91,-0.03
1647,54.8,0.73,0.15,-1018.84,-0.21
1649,56.19,0.56,0.15,-1030.01,-0.03
1650,45.28,0.57,0.29,-1027.98,-0.21
1652,47.29,0.51,0.17,-1023.26,-0.2
1654,36.75,0.38,0.29,-1019.72,-0.05
1656,45.8,0.61,0.15,-1010.91,-0.1
1658,45.93,0.91,0.23,-1008.8,-0.05
1661,43.11,0.33,0.25,-1037.74,-0.07
1665,42.41,0.68,0.22,-207.94,1.68
1666,40.32,0.72,0.32,-352.96,0.86
1667,42.89,0.6,0.23,-1013.39,-0.1
1669,51.93,0.72,0.24,-1027.61,-0.24
1679,48.78,0.74,0.25,-1024.33,-0.21
1680,50.47,0.71,0.24,-1024.7,-0.01
1681,44.52,0.49,0.28,-1029.71,-0.16
1683,45.37,0.61,0.2,-1017.37,-0.0
1684,41.88,0.47,0.15,-276.59,1.24
1688,52.48,0.41,0.25,-1049.73,-0.15
1689,49.34,0.87,0.21,-1014.07,-0.02
1692,43.05,0.62,0.18,-39.74,4.26
1696,50.08,0.68,0.19,-1020.21,-0.11
1698,49.11,0.7,0.15,-1013.02,-0.11
1701,42.99,0.51,0.28,-1023.74,-0.25
1703,58.41,0.68,0.12,-1021.35,-0.22
1706,40.29,0.52,0.22,-1012.54,-0.05
1709,47.71,0.71,0.28,-1025.63,-0.14
1710,58.16,0.7,0.16,-1025.88,-0.3
1713,51.25,0.77,0.25,-1025.34,-0.26
1718,49.43,1.01,0.2,-387.27,0.72
1721,43.26,0.75,0.2,-35.25,4.45
1728,45.15,0.72,0.2,-1010.17,-0.06
1729,42.05,0.58,0.27,-1018.61,-0.15
1732,52.92,0.58,0.15,-1025.2,-0.29
1740,47.74,0.62,0.16,-1013.91,-0.04
1748,46.67,0.66,0.27,-1025.02,-0.12
1754,52.14,0.6,0.23,-1033.71,-0.17
1755,49.91,0.89,0.23,-1017.59,-0.01
1758,40.59,0.46,0.15,-337.75,0.93
1761,44.84,0.42,0.19,-1028.19,-0.08
1763,42.98,0.85,0.27,-288.87,1.17
1765,38.69,0.67,0.26,-92.97,2.94
1768,47.64,0.64,0.22,-1022.06,-0.25
1772,63.63,0.6,0.13,-1033.93,-0.22
1776,56.7,0.83,0.25,-1031.51,-0.14
1778,40.4,0.46,0.21,-1014.62,-0.06
1784,46.54,0.62,0.18,-1016.99,-0.11
1786,51.98,0.72,0.11,-1009.06,-0.04
1788,53.69,0.86,0.15,-1011.23,-0.08
1790,61.35,0.51,0.29,-1062.09,-0.52
1792,52.69,0.72,0.28,-1033.17,-0.2
1794,47.95,0.88,0.17,-380.49,0.74
1795,54.32,0.63,0.1,-1014.31,-0.06
1798,58.24,0.9,0.28,-1032.59,-0.16
1799,42.34,1.14,0.37,-39.39,4.28
1800,45.77,0.82,0.28,-1019.63,-0.09
1804,47.92,0.73,0.24,-1021.38,-0.1
1806,43.98,0.27,0.19,-1040.62,-0.3
1811,42.12,0.47,0.19,-1021.12,-0.14
1813,49.56,0.88,0.19,-1012.68,-0.07
1816,46.93,0.67,0.17,-1014.89,-0.1
1819,53.14,0.94,0.23,-1019.01,-0.19
1822,44.01,0.66,0.3,-1023.54,-0.18
1823,37.57,0.53,0.27,-297.97,1.12
1825,56.48,0.79,0.23,-1031.91,-0.08
1826,49.8,0.72,0.17,-1017.4,-0.17
1828,37.95,0.51,0.26,-1010.69,-0.02
1829,51.52,0.81,0.22,-1021.7,-0.07
1832,43.66,0.96,0.28,-24.95,4.99
1833,43.83,0.83,0.28,-1014.06,-0.13
1836,51.7,0.86,0.18,-1014.72,-0.01
1843,50.86,0.67,0.28,-1031.92,-0.18
1850,40.81,0.78,0.28,-516.55,0.27
1851,48.78,0.62,0.21,-1025.22,-0.27
1852,50.15,0.76,0.12,-318.47,1.02
1856,60.21,0.78,0.13,-1021.5,-0.07
1857,63.71,0.35,0.21,-1076.32,-0.14
1858,60.93,0.79,0.24,-1036.41,-0.28
1859,50.59,0.71,0.25,-1027.72,-0.25
1868,58.84,0.81,0.28,-1037.07,-0.31
1869,45.82,0.49,0.23,-1031.02,-0.0
1874,51.91,0.6,0.08,-1009.74,-0.09
1877,45.43,0.72,0.16,-1007.92,-0.02
1878,55.53,0.83,0.18,-1022.05,-0.12
1879,49.48,0.6,0.19,-1025.5,-0.04
1883,45.5,0.7,0.26,-1019.52,-0.11
1884,44.49,0.95,0.25,-1008.48,-0.03
1886,41.73,0.61,0.24,-1017.37,-0.17
1888,45.19,0.51,0.12,-1012.11,-0.12
1890,52.51,0.5,0.07,-1012.94,-0.11
1891,49.95,0.6,0.22,-1029.62,-0.11
1895,43.36,0.72,0.23,-1013.55,-0.11
1897,40.61,0.38,0.14,-1017.88,-0.15
1898,47.56,0.83,0.14,-182.89,1.88
1901,48.37,0.66,0.14,-1013.06,-0.06
1902,49.28,0.38,0.17,-1036.01,-0.31
1907,44.74,0.7,0.2,-1011.19,-0.1
1910,46.45,0.79,0.23,-1017.01,-0.13
1913,39.08,0.65,0.27,-1009.51,-0.02
1914,48.92,0.78,0.16,-1011.67,-0.09
1918,40.91,0.58,0.34,-1024.09,-0.13
1921,46.62,0.59,0.22,-1025.32,-0.15
1923,48.62,0.75,0.13,-1007.53,-0.02
1926,43.19,0.6,0.15,-377.35,0.76
1928,58.21,0.56,0.36,-1057.84,-0.18
1936,53.73,0.53,0.21,-1037.05,-0.1
1941,55.66,0.91,0.26,-1029.96,-0.31
1943,41.0,0.78,0.37,-1017.06,-0.08
1944,40.7,0.75,0.27,-348.79,0.88
1946,47.27,0.69,0.2,-1019.92,-0.1
1947,46.49,0.72,0.19,-1014.19,-0.08
1949,43.36,0.72,0.21,-1010.35,-0.02
1951,50.9,0.84,0.2,-1017.44,-0.11
1952,48.79,0.65,0.25,-1028.86,-0.25
1955,43.69,0.75,0.35,-1024.48,-0.16
1957,51.56,0.67,0.12,-1014.45,-0.07
1960,40.05,0.63,0.22,-82.92,3.12
1961,53.18,0.9,0.26,-1026.33,-0.03
1962,62.88,0.83,0.22,-1035.0,-0.1
1964,42.42,0.68,0.27,-1020.4,-0.13
1969,58.14,0.65,0.16,-1029.63,-0.08
1971,39.23,0.49,0.28,-1020.51,-0.11
1975,53.98,0.53,0.2,-1038.98,-0.2
1977,51.77,0.53,0.21,-1034.76,-0.17
1979,38.13,0.62,0.25,-55.2,3.75
1982,57.52,0.57,0.15,-1032.63,-0.3
1986,45.92,0.65,0.3,-1027.68,-0.02
1988,45.04,0.48,0.19,-1025.96,-0.01
1993,39.68,0.65,0.26,-1011.08,-0.06
1996,36.82,0.48,0.3,-1017.33,-0.11
1999,38.44,0.59,0.22,-64.68,3.5
2002,51.27,0.92,0.21,-1016.46,-0.11
2007,49.76,0.62,0.34,-1039.47,-0.03
2011,41.21,0.55,0.16,-1008.76,-0.02
2016,51.96,0.89,0.21,-1020.47,-0.18
2017,40.73,0.41,0.21,-1024.87,-0.17
2019,61.35,0.83,0.2,-1031.49,-0.04
2023,47.29,0.77,0.2,-1016.95,-0.08
2024,46.5,0.82,0.26,-1020.58,-0.04
2025,42.5,0.66,0.29,-1021.09,-0.24
2030,50.7,0.48,0.1,-1020.83,-0.09
2037,50.08,0.81,0.29,-1029.49,-0.23
2040,44.92,0.73,0.17,-1009.51,-0.02
2041,41.1,0.62,0.18,-249.41,1.4
2042,47.42,0.75,0.14,-608.31,0.01
2046,37.79,0.62,0.28,-577.26,0.09
2051,59.26,0.74,0.2,-1033.6,-0.07
2057,54.18,0.97,0.23,-1022.63,-0.11
2058,58.57,0.76,0.26,-1038.37,-0.04
2059,48.07,0.77,0.13,-307.44,1.08
2060,57.39,0.56,0.28,-1050.38,-0.47
2061,54.57,0.92,0.21,-1020.43,-0.2
2063,53.76,0.76,0.08,-1005.72,-0.01
2064,44.77,0.69,0.18,-1011.42,-0.01
2066,47.68,0.84,0.19,-1013.38,-0.05
2067,44.11,0.5,0.22,-1024.85,-0.01
2069,40.53,0.82,0.28,-1008.48,-0.0
2071,41.44,0.88,0.27,-1008.05,-0.0
2072,37.86,0.58,0.23,-443.72,0.5
2073,50.05,0.45,0.22,-1039.58,-0.28
2074,43.85,0.79,0.29,-1018.99,-0.12
2075,49.75,0.85,0.24,-1020.15,-0.08
2076,48.22,0.77,0.17,-1014.14,-0.01
2080,55.14,0.61,0.17,-1030.47,-0.17
2082,43.11,0.38,0.25,-1034.83,-0.13
2086,37.81,0.77,0.32,-98.85,2.84
2089,60.84,0.61,0.07,-1016.98,-0.16
2093,44.52,0.93,0.23,-311.74,1.05
2094,39.14,0.59,0.19,-460.36,0.45
2095,44.24,0.74,0.25,-1018.55,-0.04
2097,46.27,0.55,0.13,-1015.12,-0.01
2098,44.9,0.65,0.22,-1021.22,-0.2
2099,44.17,0.69,0.17,-1010.83,-0.07
2101,51.74,0.58,0.19,-1030.93,-0.35
2102,52.8,0.63,0.12,-1018.62,-0.21
2105,41.42,0.36,0.15,-1021.81,-0.18
2106,47.49,0.81,0.17,-1010.56,-0.04
2111,52.24,0.71,0.25,-1033.0,-0.29
2112,42.38,0.68,0.19,-1008.88,-0.03
2114,57.46,0.58,0.11,-1025.44,-0.19
2115,44.34,0.86,0.21,-1009.12,-0.05
2119,54.18,0.74,0.27,-1035.01,-0.24
2124,63.14,0.32,0.14,-1073.23,-0.84
2125,35.95,0.48,0.31,-1010.76,-0.04
2126,43.64,0.56,0.19,-1020.19,-0.0
2133,46.06,0.67,0.36,-1034.2,-0.39
2134,37.95,0.29,0.2,-1026.75,-0.2
2139,45.13,0.61,0.22,-1024.15,-0.05
2142,59.4,0.54,0.22,-1049.04,-0.23
2143,38.91,0.66,0.28,-1014.26,-0.07
2148,45.05,0.49,0.17,-1025.16,-0.25
2149,48.1,0.72,0.28,-1028.98,-0.24
2150,65.4,0.99,0.19,-1028.99,-0.32
2151,45.32,0.69,0.13,-105.97,2.73
2154,52.69,0.84,0.2,-1021.44,-0.0
2156,56.37,0.83,0.22,-1029.44,-0.01
2158,47.15,0.72,0.26,-1024.51,-0.27
2159,38.3,0.44,0.2,-1017.68,-0.0
2169,43.51,0.79,0.21,-1009.68,-0.01
2171,49.05,0.6,0.14,-1018.26,-0.18
2172,53.71,0.75,0.17,-1023.05,-0.05
2179,41.72,0.56,0.2,-1018.23,-0.07
2180,48.06,0.65,0.24,-1027.77,-0.11
2182,37.01,0.52,0.2,-53.34,3.8
2183,49.44,0.57,0.2,-1028.54,-0.28
2187,51.0,0.67,0.21,-1027.82,-0.27
2191,39.98,0.56,0.2,-1014.62,-0.01
2193,43.3,0.74,0.16,-71.34,3.35
2194,36.67,0.72,0.35,-324.81,0.99
2196,52.04,0.54,0.21,-1036.5,-0.29
2197,48.28,0.69,0.18,-1019.48,-0.04
2202,61.47,0.53,0.16,-1045.74,-0.16
2205,41.07,0.75,0.24,-1010.75,-0.07
2209,33.69,0.21,0.12,-1015.52,-0.12
2210,41.94,0.57,0.2,-1017.0,-0.07
2211,41.96,0.6,0.21,-1017.96,-0.07
2212,44.69,0.74,0.15,-1008.73,-0.05
2213,48.08,0.65,0.3,-1032.9,-0.07
2217,39.92,0.82,0.26,-309.12,1.07
2218,43.37,0.59,0.23,-1022.66,-0.1
2221,42.82,0.48,0.29,-1030.31,-0.14
2223,42.13,0.73,0.21,-1010.86,-0.07
2227,43.31,0.7,0.22,-1016.91,-0.03
2230,42.56,0.55,0.11,-327.1,0.98
2231,47.86,0.9,0.2,-1014.9,-0.01
2232,43.59,0.85,0.28,-1015.0,-0.09
2237,52.05,0.69,0.19,-1026.39,-0.19
2241,45.16,0.48,0.25,-1033.73,-0.4
2242,59.64,1.02,0.25,-1029.84,-0.17
2247,50.32,0.76,0.18,-1019.11,-0.1
2248,56.34,0.67,0.18,-1032.23,-0.12
2250,52.92,1.04,0.13,-1007.49,-0.06
2251,53.86,0.75,0.2,-1027.12,-0.3
2253,47.77,0.61,0.14,-1017.9,-0.06
2256,40.55,0.6,0.23,-1017.55,-0.04
2259,40.88,0.69,0.19,-455.44,0.46
2260,44.07,0.97,0.3,-1014.55,-0.01
2262,50.37,0.77,0.34,-1034.63,-0.19
2263,35.37,0.48,0.3,-1017.25,-0.02
2264,39.28,0.72,0.26,-1011.65,-0.01
2267,38.41,0.73,0.27,-396.67,0.68
2268,50.42,0.6,0.2,-1029.63,-0.11
2271,49.52,0.71,0.14,-1015.77,-0.07
2274,55.0,0.69,0.23,-1034.92,-0.11
2275,51.14,0.61,0.28,-1038.7,-0.26
2276,45.91,0.51,0.25,-1034.4,-0.05
2277,39.79,0.48,0.26,-1024.16,-0.2
2281,42.02,0.76,0.18,-222.14,1.58
2282,42.89,0.57,0.2,-1019.86,-0.22
2284,48.16,0.72,0.1,-36.39,4.4
2285,55.72,0.74,0.28,-1038.61,-0.27
2287,48.44,0.54,0.13,-1020.86,-0.17
2288,34.64,0.54,0.32,-1014.23,-0.05
2291,49.33,0.58,0.28,-1038.22,-0.21
2292,55.89,0.75,0.15,-1022.69,-0.19
2295,39.78,0.45,0.19,-1019.21,-0.06
2297,47.61,0.71,0.29,-1029.04,-0.32
2298,43.2,0.65,0.29,-1025.11,-0.01
2299,51.99,0.91,0.15,-1014.98,-0.06
2300,42.22,0.57,0.24,-1023.64,-0.25
2306,59.16,0.8,0.29,-1041.84,-0.48
2310,38.33,0.64,0.24,-1010.54,-0.0
2312,61.13,0.95,0.17,-1023.62,-0.24
2313,49.46,0.67,0.13,-1015.13,-0.02
2314,45.37,0.86,0.18,-1007.04,-0.02
2315,55.58,0.5,0.15,-1036.29,-0.0
2317,40.87,0.87,0.26,-319.81,1.01
2319,38.13,0.6,0.24,-1013.72,-0.07
2320,45.24,0.6,0.22,-1024.94,-0.07
2324,56.38,0.52,0.06,-1014.56,-0.12
2326,46.97,0.63,0.32,-1033.6,-0.02
2330,45.06,0.8,0.27,-1020.55,-0.18
2331,45.99,0.64,0.14,-1013.12,-0.1
2332,59.58,0.69,0.15,-1029.65,-0.23
2333,46.51,0.72,0.2,-1019.73,-0.04
2334,42.47,0.68,0.16,-1008.79,-0.07
2336,42.17,0.84,0.2,-1006.94,-0.0
2338,58.78,0.59,0.19,-1040.47,-0.44
2340,44.07,0.49,0.18,-1023.95,-0.01
2341,47.79,0.53,0.19,-1029.03,-0.33
2342,50.91,0.71,0.17,-1022.17,-0.02
2347,48.26,0.69,0.21,-1025.18,-0.21
2351,47.05,0.58,0.25,-1031.18,-0.05
2352,41.5,0.69,0.28,-1020.74,-0.07
2354,44.0,0.76,0.21,-1015.11,-0.04
2361,54.51,0.71,0.28,-1038.68,-0.18
2362,47.34,0.53,0.26,-1034.67,-0.36
2364,46.46,0.77,0.19,-1017.29,-0.01
2366,46.37,0.58,0.3,-1035.09,-0.05
2369,50.73,0.66,0.13,-1018.48,-0.21
2370,41.67,0.61,0.16,-1012.36,-0.07
2371,44.51,0.51,0.08,-1005.9,-0.0
2373,36.14,0.72,0.35,-1009.98,-0.05
2374,42.51,0.52,0.21,-1024.46,-0.12
2380,39.11,0.67,0.21,-1008.54,-0.01
2381,58.5,0.93,0.26,-1033.68,-0.35
2382,48.75,0.62,0.21,-1027.55,-0.18
2383,40.16,0.64,0.33,-1023.16,-0.07
2386,39.79,0.69,0.26,-1014.49,-0.04
2389,46.64,0.56,0.23,-1028.97,-0.27
2391,42.44,0.65,0.34,-1027.44,-0.2
2395,37.35,0.54,0.19,-1010.92,-0.07
2400,36.5,0.47,0.17,-1009.55,-0.01
2404,34.85,0.51,0.25,-1011.99,-0.1
2406,45.66,0.62,0.28,-1030.27,-0.23
2407,34.46,0.56,0.27,-167.61,2.02
2409,38.07,0.73,0.31,-1013.55,-0.09
2411,46.96,0.58,0.25,-1032.38,-0.05
2414,39.98,0.63,0.19,-1009.83,-0.03
2416,39.91,0.55,0.38,-1029.78,-0.05
2417,53.72,0.73,0.08,-1009.11,-0.01
2419,46.84,0.55,0.21,-1030.32,-0.22
2420,38.94,0.72,0.23,-1010.08,-0.08
2423,44.64,0.57,0.24,-1028.13,-0.09
2424,60.5,0.52,0.1,-1031.77,-0.17
2425,43.07,0.89,0.25,-1013.88,-0.05
2426,47.84,0.69,0.23,-1026.67,-0.12
2428,50.7,0.65,0.23,-1031.75,-0.24
2429,45.42,0.8,0.26,-1020.59,-0.13
2432,42.49,0.59,0.24,-1023.0,-0.01
2433,46.23,0.64,0.29,-1031.77,-0.25
2436,39.57,0.61,0.2,-1012.06,-0.1
2437,41.32,0.46,0.16,-1019.64,-0.17
2438,45.69,0.73,0.21,-1018.33,-0.08
2439,49.38,0.76,0.25,-1028.05,-0.03
2440,44.07,0.7,0.26,-1024.56,-0.15
2441,50.61,0.64,0.14,-1020.28,-0.1
2443,43.85,0.9,0.21,-1010.28,-0.07
2446,42.82,0.52,0.13,-1012.43,-0.05
2448,48.04,0.84,0.11,-37.11,4.37
2453,61.23,0.82,0.07,-1009.82,-0.04
2454,43.34,0.63,0.15,-1012.53,-0.06
2455,38.55,0.68,0.26,-1010.97,-0.07
2456,52.49,0.81,0.2,-1023.4,-0.23
2458,43.39,0.68,0.19,-1014.9,-0.14
2462,57.58,0.75,0.21,-1033.69,-0.2
2463,37.74,0.46,0.2,-1014.97,-0.03
2465,50.76,0.79,0.27,-1029.99,-0.17
2467,54.99,0.95,0.15,-1015.3,-0.04
2471,42.81,0.68,0.17,-1012.38,-0.1
2474,43.81,0.46,0.21,-1029.6,-0.21
2476,44.95,0.69,0.23,-1022.8,-0.05
2477,45.37,0.66,0.17,-1017.37,-0.11
2479,46.58,0.68,0.21,-1023.01,-0.02
2482,39.92,0.71,0.18,-63.9,3.52
2484,44.89,0.56,0.28,-1032.22,-0.14
2485,48.2,0.78,0.26,-1026.22,-0.3
2486,34.71,0.42,0.28,-1020.57,-0.01
2487,44.38,1.03,0.29,-1013.97,-0.0
2491,47.33,0.8,0.28,-1025.77,-0.0
2495,42.09,0.63,0.19,-1014.1,-0.14
2497,51.72,0.63,0.17,-1027.23,-0.28
2499,50.41,0.46,0.29,-1046.82,-0.24
2501,43.2,0.82,0.27,-1018.31,-0.16
2503,46.28,0.82,0.23,-1020.46,-0.17
2505,47.51,0.76,0.27,-1027.31,-0.01
2506,49.68,0.68,0.17,-1022.41,-0.06
2507,42.1,0.56,0.16,-1014.13,-0.02
2509,49.12,0.71,0.2,-1024.14,-0.2
2510,43.35,0.83,0.21,-1011.39,-0.06
2512,55.01,0.53,0.28,-1051.15,-0.38
2513,74.79,0.99,0.25,-1046.86,-0.56
2514,45.89,0.78,0.21,-1019.53,-0.16
2520,59.29,0.81,0.28,-1041.06,-0.12
2524,40.68,0.62,0.27,-1023.48,-0.02
2525,51.72,0.63,0.31,-1041.23,-0.1
2526,50.72,0.62,0.16,-1025.22,-0.12
2527,46.51,0.75,0.15,-1013.37,-0.07
2529,36.37,0.52,0.19,-1011.44,-0.07
2531,53.91,0.78,0.14,-1018.87,-0.04
2532,53.02,0.88,0.11,-1008.21,-0.06
2533,43.5,0.85,0.15,-31.76,4.61
2535,42.52,0.4,0.17,-1027.34,-0.2
2540,54.05,0.76,0.23,-1032.67,-0.08
2542,43.62,0.75,0.17,-1012.86,-0.04
2543,41.42,0.51,0.18,-1021.82,-0.25
2545,37.35,0.56,0.23,-1012.82,-0.02
2547,42.75,0.86,0.17,-151.28,2.18
2550,42.42,0.71,0.32,-1025.94,-0.02
2551,40.63,0.78,0.24,-1011.56,-0.1
2553,40.69,0.72,0.29,-1019.11,-0.08
2555,41.3,0.67,0.25,-1018.7,-0.07
2558,53.68,0.89,0.2,-1023.23,-0.07
2560,46.27,0.52,0.19,-1027.69,-0.03
2561,39.97,0.39,0.19,-1025.16,-0.03
2562,52.96,0.44,0.22,-1048.89,-0.1
2563,41.11,0.52,0.2,-1021.4,-0.03
2566,55.91,0.82,0.23,-1031.16,-0.32
2567,54.79,0.88,0.23,-1028.32,-0.01
2568,49.21,0.69,0.26,-1031.98,-0.21
2573,43.12,0.6,0.24,-1025.12,-0.24
2575,52.75,0.68,0.3,-1040.7,-0.03
2578,41.85,0.84,0.22,-1011.06,-0.04
2581,36.86,0.71,0.24,-1008.52,-0.01
2582,40.34,0.5,0.2,-1020.51,-0.05
2585,36.11,0.57,0.21,-304.38,1.09
2586,38.01,0.67,0.23,-1013.09,-0.01
2587,51.2,0.66,0.26,-1034.82,-0.33
2589,49.56,0.96,0.23,-1020.24,-0.07
2590,44.41,0.71,0.26,-1024.97,-0.1
2591,37.45,0.79,0.29,-1012.41,-0.1
2592,48.73,0.37,0.2,-1044.4,-0.28
2596,42.14,0.74,0.25,-1019.5,-0.02
2597,49.57,0.68,0.22,-1028.2,-0.19
2598,44.35,0.55,0.23,-1028.22,-0.25
2600,37.59,0.41,0.16,-1015.57,-0.14
2601,50.66,0.74,0.3,-1034.6,-0.2
2602,36.57,0.61,0.21,-1007.41,-0.02
2608,58.08,0.68,0.11,-1020.24,-0.13
2610,57.92,0.55,0.27,-1052.38,-0.32
2611,52.19,0.83,0.23,-1027.4,-0.2
2612,39.05,0.67,0.19,-1008.05,-0.01
2613,37.61,0.81,0.27,-1009.55,-0.07
2615,53.96,0.87,0.18,-1020.8,-0.09
2616,37.2,0.53,0.19,-1012.22,-0.04
2617,59.46,0.62,0.27,-1049.37,-0.18
2619,44.47,0.95,0.23,-1016.1,-0.15
2624,43.57,0.57,0.16,-1018.03,-0.19
2626,45.1,0.73,0.17,-1015.24,-0.09
2628,49.15,0.79,0.27,-1029.39,-0.33
2631,43.47,0.63,0.15,-1015.32,-0.08
2633,49.32,0.7,0.24,-1030.32,-0.3
2634,54.91,0.78,0.14,-1021.13,-0.18
2636,55.47,0.63,0.13,-1025.09,-0.04
2637,46.26,0.56,0.19,-1027.26,-0.11
2640,36.19,0.32,0.21,-1025.89,-0.22
2642,44.92,0.95,0.16,-32.76,4.56
2643,33.45,0.46,0.23,-1010.77,-0.03
2644,56.12,0.67,0.13,-1023.34,-0.21
2645,42.73,0.65,0.17,-1014.99,-0.17
2647,37.12,0.47,0.3,-1024.65,-0.2
2650,43.87,0.76,0.16,-1013.16,-0.1
2652,46.01,0.74,0.3,-1028.56,-0.02
2653,34.31,0.55,0.28,-1013.2,-0.06
2654,46.97,0.86,0.22,-1019.49,-0.12
2657,35.52,0.61,0.25,-1011.04,-0.03
2658,44.05,0.63,0.34,-1032.54,-0.2
2659,48.24,0.7,0.31,-1034.4,-0.08
2660,35.97,0.78,0.28,-58.86,3.65
2661,61.56,0.58,0.21,-1049.5,-0.58
2663,44.3,0.89,0.16,-1007.56,-0.04
2665,38.93,0.75,0.19,-105.06,2.75
2666,48.11,0.67,0.23,-1028.03,-0.3
2667,58.18,0.85,0.29,-1040.01,-0.19
2669,50.08,0.78,0.1,-1008.11,-0.08
2670,51.23,0.68,0.17,-1024.5,-0.14
2672,37.1,0.53,0.25,-1018.98,-0.06
2673,34.99,0.47,0.16,-372.55,0.78
2675,60.25,0.92,0.17,-1025.18,-0.1
2678,43.07,0.61,0.27,-1026.23,-0.08
2680,37.13,0.69,0.26,-1010.29,-0.07
2681,37.41,0.64,0.17,-53.58,3.8
2686,55.23,0.95,0.21,-1024.76,-0.22
2687,36.07,0.7,0.24,-154.87,2.14
2689,70.18,0.57,0.17,-1060.87,-0.45
2693,50.52,0.58,0.17,-1028.85,-0.15
2695,39.67,0.8,0.2,-304.7,1.09
2696,44.54,0.63,0.19,-1020.9,-0.21
2700,57.54,0.66,0.2,-1037.04,-0.34
2703,50.21,0.74,0.22,-1028.59,-0.27
2704,35.4,0.57,0.2,-1008.43,-0.0
2705,34.17,0.19,0.1,-1022.65,-0.05
2709,55.66,0.86,0.15,-1019.73,-0.1
2711,38.35,0.63,0.2,-1010.62,-0.08
2712,53.92,0.54,0.24,-1043.63,-0.41
2713,52.3,0.74,0.28,-1036.39,-0.32
2714,51.05,0.51,0.16,-1032.4,-0.1
2716,53.7,0.81,0.24,-1030.97,-0.27
2717,45.91,0.85,0.14,-1007.3,-0.05
2718,38.6,0.56,0.23,-1018.88,-0.01
2720,36.05,0.2,0.23,-1038.35,-0.21
2721,44.96,0.77,0.27,-1025.44,-0.3
2722,55.78,0.77,0.19,-1029.17,-0.04
2725,46.82,0.68,0.25,-1028.17,-0.28
2726,45.39,0.95,0.24,-1016.76,-0.09
2727,47.78,0.63,0.23,-1030.12,-0.01
2728,41.88,0.57,0.23,-1024.36,-0.1
2730,46.62,0.7,0.21,-1023.8,-0.06
2731,36.19,0.47,0.26,-1021.68,-0.07
2733,46.45,0.75,0.13,-1010.86,-0.04
2734,42.25,0.94,0.23,-1012.15,-0.01
2736,46.69,0.59,0.2,-1027.8,-0.05
2737,32.83,0.39,0.29,-1018.41,-0.04
2738,40.52,0.99,0.23,-1007.83,-0.01
2739,48.84,0.68,0.26,-1032.28,-0.05
2740,58.61,0.99,0.15,-1019.25,-0.2
2741,47.58,0.6,0.16,-1023.69,-0.12
2743,46.42,0.69,0.19,-1021.55,-0.02
2744,49.06,0.86,0.22,-1021.63,-0.1
2745,41.82,0.46,0.13,-1018.35,-0.01
2747,48.48,0.67,0.17,-1022.31,-0.01
2749,39.23,0.27,0.27,-1040.35,-0.4
2750,43.16,0.54,0.28,-1032.78,-0.14
2751,38.7,0.57,0.28,-1022.85,-0.24
2753,46.88,1.03,0.29,-1021.36,-0.02
2754,43.0,0.67,0.25,-1024.45,-0.05
2757,52.97,0.73,0.19,-1027.96,-0.2
2758,49.19,0.89,0.12,-1009.88,-0.06
2759,62.14,0.65,0.11,-1025.9,-0.08
2763,33.02,0.58,0.3,-1009.19,-0.01
2765,55.55,0.87,0.2,-1027.12,-0.16
2767,40.69,0.67,0.16,-1009.95,-0.08
2770,47.09,0.7,0.16,-1018.17,-0.12
2773,51.22,0.48,0.23,-1043.39,-0.37
2774,50.86,0.93,0.13,-1011.5,-0.01
2775,39.11,0.63,0.27,-1022.02,-0.21
2778,37.95,0.71,0.29,-1017.37,-0.06
2779,44.07,0.73,0.22,-1019.97,-0.04
2781,47.08,0.9,0.23,-1021.52,-0.13
2783,48.4,0.74,0.13,-1014.62,-0.08
2784,49.97,0.71,0.09,-1010.39,-0.11
2785,51.15,0.8,0.19,-1023.91,-0.25
2787,41.25,0.67,0.12,-1005.77,-0.01
2788,50.47,0.77,0.18,-1023.03,-0.02
2791,64.03,0.7,0.23,-1046.45,-0.13
2792,45.36,0.61,0.27,-1031.76,-0.02
2798,54.26,0.72,0.12,-1019.53,-0.04
2799,34.12,0.48,0.16,-162.84,2.07
2801,39.02,0.83,0.19,-172.69,1.97
2808,39.16,0.84,0.18,-29.9,4.71
2809,43.23,0.55,0.18,-1021.73,-0.12
2810,40.11,0.68,0.14,-33.3,4.54
2815,34.31,0.71,0.28,-1008.81,-0.03
2817,48.1,0.71,0.29,-1032.96,-0.22
2818,48.0,0.37,0.2,-1042.79,-0.11
2821,32.66,0.58,0.23,-159.08,2.1
2822,35.51,0.44,0.14,-1012.0,-0.08
2823,34.1,0.48,0.26,-1017.11,-0.03
2828,42.14,0.81,0.26,-1018.58,-0.02
2830,37.13,0.66,0.25,-1013.1,-0.13
2831,38.55,0.63,0.35,-1026.02,-0.01
2832,44.47,0.76,0.21,-1019.61,-0.05
2833,50.52,0.76,0.24,-1030.16,-0.27
2835,38.88,0.67,0.27,-1021.03,-0.14
2836,48.32,0.53,0.21,-1034.44,-0.42
2838,54.63,0.64,0.27,-1043.72,-0.08
2841,35.44,0.83,0.25,-34.34,4.49
2842,43.02,0.7,0.22,-1020.95,-0.22
2846,39.08,0.77,0.27,-1016.91,-0.17
2850,49.16,0.53,0.14,-1025.79,-0.04
2851,50.22,0.52,0.21,-1037.57,-0.24
2852,40.82,0.75,0.35,-1025.55,-0.25
2854,42.43,0.72,0.21,-1017.6,-0.17
2855,41.99,0.51,0.15,-1018.87,-0.18
2857,53.25,0.55,0.18,-1036.43,-0.12
2858,60.19,0.74,0.14,-1026.63,-0.17
2859,42.67,0.77,0.35,-1027.34,-0.28
2862,42.28,0.88,0.25,-1017.61,-0.08
2865,49.12,0.9,0.15,-1013.52,-0.09
2867,59.45,0.74,0.21,-1037.28,-0.42
2868,58.77,0.99,0.14,-1018.08,-0.03
2869,40.96,0.42,0.15,-1022.36,-0.13
2871,50.61,0.79,0.22,-1027.76,-0.29
2874,38.37,0.61,0.19,-1014.28,-0.14
2877,46.5,0.84,0.22,-1021.31,-0.09
2878,43.52,0.67,0.36,-1034.1,-0.23
2879,51.87,0.77,0.29,-1037.1,-0.38
2883,40.26,0.8,0.25,-1016.88,-0.15
2885,42.01,0.72,0.16,-1012.54,-0.1
2886,39.85,0.68,0.27,-1021.42,-0.21
2887,47.6,0.57,0.18,-1028.45,-0.07
2888,39.58,0.77,0.18,-1007.72,-0.05
2892,37.92,0.46,0.22,-1024.31,-0.01
2893,61.47,0.68,0.28,-1051.07,-0.01
2894,40.59,0.72,0.13,-383.23,0.73
2897,41.62,0.74,0.28,-1023.68,-0.18
2898,59.47,0.57,0.15,-1037.91,-0.4
2899,42.06,0.49,0.18,-1025.32,-0.28
2903,41.79,0.58,0.13,-1014.05,-0.06
2904,41.03,0.77,0.3,-1023.23,-0.03
2906,36.15,0.67,0.18,-104.34,2.76
2908,45.5,0.74,0.14,-1014.82,-0.03
2909,56.22,0.66,0.23,-1039.38,-0.05
2910,40.36,0.66,0.22,-1019.09,-0.07
2913,44.62,0.53,0.23,-1031.43,-0.07
2916,42.94,0.35,0.2,-1037.87,-0.44
2919,37.14,0.73,0.26,-1015.06,-0.16
2922,37.89,0.47,0.16,-1016.93,-0.0
2924,58.09,0.82,0.32,-1044.09,-0.38
2925,54.8,0.85,0.21,-1029.21,-0.34
2926,49.88,0.79,0.19,-1022.94,-0.27
2927,36.18,0.47,0.16,-1012.6,-0.04
2928,43.21,0.73,0.31,-1028.67,-0.16
2931,50.59,0.58,0.14,-1025.77,-0.15
2932,45.29,0.73,0.18,-1018.78,-0.18
2934,35.98,0.84,0.26,-221.78,1.58
2935,47.51,0.67,0.23,-1030.82,-0.17
2936,31.75,0.58,0.25,-1007.83,-0.01
2937,61.67,0.51,0.24,-1060.37,-0.19
2938,41.78,0.54,0.24,-1028.06,-0.31
2939,45.36,0.58,0.11,-1013.54,-0.01
2940,37.47,0.73,0.22,-1010.54,-0.08
2941,33.83,0.42,0.18,-1015.53,-0.13
2943,59.43,0.69,0.17,-1033.74,-0.14
2946,40.14,0.72,0.3,-1022.72,-0.02
2947,47.3,0.68,0.23,-1029.07,-0.33
2948,48.49,0.43,0.17,-1036.84,-0.32
2950,54.03,0.84,0.18,-1025.04,-0.1
2951,44.25,0.81,0.22,-1018.91,-0.1
2952,55.29,0.76,0.09,-1013.61,-0.11
2954,48.58,0.65,0.27,-1035.84,-0.25
2955,41.55,0.72,0.19,-1015.96,-0.12
2957,34.12,0.7,0.23,-48.56,3.95
2959,45.66,0.53,0.2,-1030.49,-0.03
2960,35.95,0.43,0.31,-1029.21,-0.08
2963,58.61,0.77,0.25,-1040.64,-0.39
2965,46.05,0.82,0.2,-1020.11,-0.0
2966,37.96,0.48,0.21,-1023.49,-0.17
2967,44.54,0.54,0.12,-1018.38,-0.19
2968,35.17,0.67,0.18,-71.76,3.34
2970,32.36,0.59,0.27,-1009.35,-0.07
2974,54.91,0.9,0.21,-1027.49,-0.16
2975,54.1,0.6,0.29,-1046.27,-0.03
2978,48.92,0.65,0.15,-1021.87,-0.16
2981,45.43,0.75,0.17,-1017.37,-0.01
2982,46.65,0.37,0.19,-1039.73,-0.29
2983,43.12,0.73,0.3,-1027.78,-0.03
2985,53.82,0.73,0.12,-1020.79,-0.23
2986,47.21,1.0,0.26,-1021.66,-0.13
2987,45.59,0.69,0.24,-1027.98,-0.17
2988,43.44,0.41,0.16,-1028.4,-0.27
2989,37.01,0.58,0.23,-1018.02,-0.16
2990,48.27,0.61,0.25,-1035.0,-0.06
2991,37.7,0.45,0.29,-1028.87,-0.33
2992,51.07,0.69,0.11,-1015.74,-0.15
2993,35.79,0.52,0.21,-1016.12,-0.04
2994,47.74,0.75,0.09,-1008.6,-0.03
2996,36.43,0.73,0.29,-1016.07,-0.12
2998,39.09,0.65,0.24,-1019.88,-0.14
3001,53.86,0.64,0.18,-1031.62,-0.05
3003,49.77,0.63,0.19,-1030.01,-0.3
3004,50.71,0.92,0.3,-1032.45,-0.17
3007,40.19,0.74,0.32,-1023.36,-0.11
3008,48.26,0.76,0.24,-1028.24,-0.25
3009,51.81,0.78,0.35,-1041.41,-0.12
3010,59.51,0.79,0.26,-1041.62,-0.42
3013,39.91,0.53,0.18,-1020.68,-0.17
3014,48.31,0.72,0.11,-1012.35,-0.07
3015,41.19,0.52,0.26,-1030.17,-0.12
3016,44.7,0.72,0.2,-1021.45,-0.2
3020,45.58,0.78,0.14,-1013.94,-0.13
3024,58.31,0.59,0.26,-1050.96,-0.4
3025,48.46,0.91,0.27,-1026.69,-0.12
3027,51.47,0.65,0.18,-1029.42,-0.15
3030,53.95,0.29,0.1,-1055.24,-0.12
3031,39.34,0.5,0.28,-1030.24,-0.33
3035,48.84,0.71,0.19,-1025.93,-0.15
3037,52.42,0.66,0.12,-1020.93,-0.21
3038,51.41,0.84,0.2,-1024.67,-0.03
3039,32.69,0.6,0.21,-159.09,2.1
3041,29.23,0.49,0.31,-1011.31,-0.02
3042,62.55,0.42,0.23,-1069.85,-0.54
3043,35.41,0.92,0.29,-1008.58,-0.05
3044,59.55,0.67,0.2,-1039.14,-0.11
3046,37.16,0.68,0.22,-1014.13,-0.1
3048,41.27,0.68,0.24,-1021.95,-0.23
3052,42.32,0.68,0.16,-1014.94,-0.02
3053,44.85,0.78,0.24,-1024.17,-0.03
3055,35.36,0.79,0.24,-1007.94,-0.01
3057,42.21,0.56,0.17,-1021.52,-0.15
3058,57.28,0.54,0.23,-1048.43,-0.52
3060,38.23,0.74,0.25,-1017.8,-0.18
3061,40.96,0.64,0.17,-1015.86,-0.13
3062,39.36,0.45,0.13,-1017.89,-0.06
3063,56.85,0.66,0.31,-1049.29,-0.53
3066,41.04,0.74,0.2,-1015.94,-0.09
3067,32.24,0.45,0.24,-1016.21,-0.1
3068,39.85,1.07,0.2,-1006.57,-0.04
3070,42.84,0.96,0.3,-1021.54,-0.15
3073,48.84,0.62,0.18,-1027.96,-0.07
3074,49.61,0.36,0.18,-1047.71,-0.3
3077,41.25,0.57,0.12,-1013.44,-0.0
3078,49.27,0.57,0.18,-1030.7,-0.29
3079,62.45,0.94,0.3,-1043.13,-0.36
3080,40.14,0.59,0.24,-1025.07,-0.02
3081,47.05,0.32,0.2,-1046.44,-0.4
3082,30.86,0.42,0.21,-1012.4,-0.06
3083,57.53,0.78,0.21,-1034.07,-0.16
3085,34.22,0.63,0.21,-1009.46,-0.04
3088,38.79,0.68,0.15,-1008.97,-0.06
3091,43.88,0.35,0.25,-1044.15,-0.36
3093,38.95,0.78,0.21,-1013.94,-0.01
3094,39.18,0.69,0.19,-1014.24,-0.08
3095,49.95,0.83,0.16,-1019.62,-0.09
3097,41.29,0.82,0.14,-1006.74,-0.05
3099,45.44,0.71,0.22,-1024.63,-0.2
3100,46.14,0.53,0.25,-1038.04,-0.42
3101,45.35,0.58,0.17,-1024.96,-0.19
3103,31.27,0.71,0.31,-1007.13,-0.02
3104,46.52,1.01,0.15,-1011.22,-0.07
3105,50.91,0.62,0.21,-1033.96,-0.28
3108,38.0,0.38,0.09,-1012.25,-0.02
3109,53.19,0.89,0.23,-1028.75,-0.27
3114,43.88,0.83,0.27,-1023.31,-0.07
3117,48.83,0.73,0.15,-1020.45,-0.02
3118,40.1,0.52,0.18,-1021.46,-0.25
3120,42.53,0.45,0.23,-1033.38,-0.24
3121,36.8,0.49,0.12,-1010.1,-0.01
3122,46.76,0.76,0.29,-1032.16,-0.11
3124,43.47,0.72,0.2,-1020.52,-0.21
3125,42.73,0.46,0.27,-1037.15,-0.24
3127,36.46,0.85,0.19,-77.28,3.23
3129,36.87,0.7,0.21,-1011.81,-0.0
3130,51.45,0.86,0.16,-1020.48,-0.07
3131,39.12,0.46,0.29,-1032.14,-0.29
3132,49.14,0.46,0.27,-1046.72,-0.54
3133,31.91,0.85,0.28,-50.44,3.89
3134,32.4,0.61,0.24,-412.43,0.62
3136,30.85,0.4,0.35,-1023.58,-0.16
3137,40.76,0.74,0.21,-1017.54,-0.04
3138,46.91,0.75,0.14,-1016.99,-0.1
3139,55.58,0.74,0.25,-1039.42,-0.06
3140,45.75,0.91,0.18,-1016.34,-0.15
3141,46.2,0.64,0.19,-1026.38,-0.24
3142,35.61,0.56,0.19,-1013.63,-0.07
3144,36.15,0.47,0.21,-1021.94,-0.16
3146,36.64,0.7,0.22,-1014.57,-0.15
3147,41.31,0.77,0.26,-1022.11,-0.08
3148,35.23,0.66,0.22,-1013.72,-0.04
3150,44.09,0.55,0.17,-1024.91,-0.29
3151,54.38,0.67,0.25,-1040.28,-0.15
3154,49.18,0.53,0.23,-1039.78,-0.14
3155,55.51,0.73,0.22,-1035.62,-0.09
3158,45.32,0.92,0.19,-1016.68,-0.15
3159,38.58,0.94,0.18,-1005.3,-0.01
3160,43.97,0.62,0.18,-1022.64,-0.12
3161,59.21,0.79,0.17,-1030.42,-0.02
3163,44.0,0.59,0.18,-1025.03,-0.26
3164,39.96,0.8,0.24,-1017.58,-0.19
3165,39.23,0.75,0.22,-1017.27,-0.1
3166,36.8,0.36,0.22,-1029.38,-0.19
3170,37.92,0.65,0.19,-1014.47,-0.16
3171,41.58,0.75,0.11,-1006.25,-0.01
3172,46.51,0.69,0.2,-1026.11,-0.02
3173,39.67,0.88,0.22,-1013.85,-0.06
3176,46.82,0.84,0.08,-27.4,4.84
3178,48.59,0.8,0.19,-1023.32,-0.18
3180,50.39,0.75,0.17,-1024.19,-0.02
3181,36.41,0.64,0.15,-1008.28,-0.03
3182,45.5,0.91,0.2,-1017.4,-0.01
3183,49.85,0.64,0.22,-1034.16,-0.29
3184,38.65,0.72,0.29,-1022.17,-0.15
3185,55.86,0.52,0.18,-1042.56,-0.09
3187,39.32,0.82,0.16,-1007.54,-0.01
3188,40.1,0.82,0.24,-1017.21,-0.1
3189,48.79,0.51,0.28,-1044.66,-0.19
3190,56.1,0.57,0.21,-1043.51,-0.45
3191,35.29,0.6,0.16,-1009.9,-0.02
3192,50.54,0.68,0.27,-1037.91,-0.32
3197,38.29,0.59,0.17,-1016.21,-0.16
3199,29.59,0.48,0.32,-1015.63,-0.16
3202,46.52,0.46,0.23,-1039.93,-0.14
3204,52.62,0.8,0.27,-1036.38,-0.38
3205,38.04,0.69,0.22,-1016.82,-0.18
3206,43.2,0.7,0.25,-1026.52,-0.31
3207,58.49,0.69,0.13,-1026.23,-0.27
3208,56.11,0.71,0.19,-1033.21,-0.13
3210,49.95,0.99,0.23,-1024.02,-0.03
3213,36.94,0.72,0.2,-1013.15,-0.01
3214,38.79,0.76,0.19,-1012.53,-0.01
3215,50.58,0.8,0.31,-1037.16,-0.29
3218,37.75,0.87,0.17,-1005.77,-0.01
3220,51.52,0.66,0.21,-1032.88,-0.33
3222,43.46,0.45,0.26,-1038.37,-0.47
3223,41.56,0.84,0.21,-1016.42,-0.15
3224,38.4,0.62,0.13,-1009.13,-0.09
3227,57.59,0.77,0.26,-1040.79,-0.16
3228,40.67,0.65,0.14,-1012.94,-0.11
3230,53.67,0.69,0.06,-1009.61,-0.07
3231,33.27,0.61,0.17,-1006.68,-0.04
3232,39.7,0.71,0.18,-1015.03,-0.05
3233,42.3,0.8,0.16,-1012.55,-0.09
3234,42.08,0.74,0.32,-1028.6,-0.12
3238,54.71,0.9,0.22,-1029.83,-0.18
3240,33.66,0.57,0.25,-1017.13,-0.09
3242,44.89,0.85,0.18,-1017.5,-0.04
3243,43.38,0.4,0.16,-1031.2,-0.15
3244,39.66,0.25,0.17,-1038.49,-0.03
3246,39.48,0.73,0.2,-1017.56,-0.04
3248,41.28,0.87,0.12,-1004.81,-0.01
3249,56.49,0.85,0.22,-1032.26,-0.2
3250,43.13,0.76,0.29,-1028.06,-0.16
3252,38.79,0.62,0.23,-1022.92,-0.18
3253,41.01,0.61,0.27,-1027.89,-0.08
3256,33.61,0.54,0.15,-1007.33,-0.03
3258,35.73,0.68,0.29,-1020.51,-0.03
3259,35.09,0.58,0.23,-1017.03,-0.11
3260,35.86,0.64,0.26,-1019.36,-0.16
3261,50.05,0.73,0.17,-1024.25,-0.09
3262,37.86,0.48,0.13,-1016.01,-0.07
3263,50.99,0.55,0.16,-1032.44,-0.14
3265,43.32,0.66,0.27,-1030.35,-0.33
3266,51.33,0.86,0.22,-1027.84,-0.27
3267,55.44,0.58,0.15,-1033.11,-0.34
3268,33.17,0.65,0.26,-1013.81,-0.11
3269,31.61,0.57,0.24,-1012.94,-0.09
3270,42.64,0.8,0.23,-1022.42,-0.19
3273,48.47,0.76,0.2,-1025.95,-0.27
3274,46.8,0.86,0.14,-1014.43,-0.05
3275,38.11,0.89,0.29,-1017.5,-0.11
3276,42.98,0.54,0.09,-1012.77,-0.06
3277,35.4,0.41,0.21,-1022.83,-0.25
3279,44.72,0.67,0.18,-1022.59,-0.01
3281,43.04,0.72,0.16,-1016.5,-0.03
3282,38.76,0.72,0.15,-1010.11,-0.07
3283,59.21,0.78,0.29,-1045.22,-0.34
3284,32.35,0.79,0.34,-1011.39,-0.02
3285,65.9,0.56,0.23,-1063.0,-0.5
3286,59.05,0.72,0.24,-1041.92,-0.09
3288,45.44,0.71,0.22,-1026.29,-0.18
3289,48.58,0.59,0.17,-1028.9,-0.24
3290,45.45,0.41,0.18,-1037.05,-0.05
3291,46.32,0.74,0.24,-1028.69,-0.35
3292,43.41,0.86,0.24,-1021.35,-0.11
3294,35.09,0.76,0.24,-1013.14,-0.13
3300,42.89,0.5,0.22,-1031.38,-0.08
3301,41.99,0.92,0.15,-1008.1,-0.03
3302,33.71,0.67,0.33,-1019.31,-0.18
3303,35.17,0.5,0.24,-1021.25,-0.17
3305,39.12,0.75,0.2,-1016.35,-0.17
3309,55.55,0.79,0.13,-1021.4,-0.22
3310,34.02,0.62,0.16,-58.7,3.66
3311,31.52,0.38,0.31,-1024.09,-0.26
3312,40.98,0.71,0.22,-1021.09,-0.07
3314,37.38,0.5,0.21,-1023.15,-0.26
3319,37.92,0.57,0.15,-1014.38,-0.13
3323,47.48,0.68,0.22,-1030.18,-0.17
3325,43.98,0.64,0.17,-1021.91,-0.12
3328,44.38,0.56,0.19,-1028.91,-0.13
3329,52.88,0.7,0.1,-1018.26,-0.05
3331,31.15,0.75,0.25,-229.66,1.53
3332,41.13,1.05,0.2,-1010.89,-0.07
3333,46.72,0.91,0.17,-1017.48,-0.13
3334,53.43,0.93,0.22,-1027.73,-0.04
3335,34.97,0.61,0.27,-1021.08,-0.14
3337,48.79,0.7,0.33,-1040.35,-0.41
3338,60.82,0.59,0.13,-1034.62,-0.21
3339,51.64,0.55,0.21,-1039.74,-0.18
3340,44.39,0.7,0.08,-1007.23,-0.06
3341,58.7,0.56,0.26,-1053.91,-0.48
3342,48.78,0.61,0.23,-1035.39,-0.33
3343,44.37,0.7,0.26,-1030.05,-0.0
3344,51.77,0.88,0.26,-1032.31,-0.29
3345,48.33,0.8,0.12,-1014.88,-0.1
3346,48.24,0.63,0.16,-1025.75,-0.13
3347,55.42,0.58,0.24,-1046.35,-0.39
3348,55.7,0.7,0.18,-1034.06,-0.03
3350,31.59,0.67,0.26,-1012.23,-0.1
3351,47.53,0.83,0.23,-1026.81,-0.07
3352,47.47,0.53,0.25,-1040.22,-0.32
3353,43.56,0.92,0.25,-1021.1,-0.21
3354,46.0,0.36,0.21,-1043.9,-0.38
3359,36.18,0.57,0.15,-1012.39,-0.14
3364,37.92,0.81,0.16,-1008.38,-0.04
3365,40.03,0.5,0.21,-1028.33,-0.11
3366,43.82,0.49,0.13,-1023.34,-0.2
3368,48.29,0.6,0.13,-1022.21,-0.18
3371,57.57,0.71,0.17,-1032.58,-0.02
3372,49.83,0.92,0.26,-1028.9,-0.25
3373,28.89,0.58,0.24,-1007.37,-0.01
3374,38.43,0.74,0.26,-1020.46,-0.0
3375,45.33,0.65,0.27,-1033.3,-0.37
3377,34.8,0.75,0.16,-80.71,3.16
3380,43.17,0.72,0.21,-1023.05,-0.04
3382,47.87,0.76,0.22,-1027.67,-0.31
3383,44.37,0.57,0.22,-1030.98,-0.25
3384,41.25,0.78,0.22,-1019.89,-0.14
3385,35.5,0.59,0.22,-1018.35,-0.18
3388,43.86,0.45,0.19,-1033.2,-0.34
3389,51.43,0.71,0.29,-1039.88,-0.12
3390,41.64,0.58,0.21,-1026.41,-0.1
3391,40.84,0.66,0.28,-1028.34,-0.07
3393,39.0,1.04,0.2,-1008.38,-0.0
3396,44.29,0.38,0.14,-1031.68,-0.02
3397,38.66,0.81,0.39,-1027.5,-0.28
3399,43.96,0.9,0.25,-1022.17,-0.26
3400,41.5,0.66,0.09,-1007.57,-0.01
3401,61.53,0.47,0.2,-1059.66,-0.46
3402,43.99,0.75,0.21,-1022.83,-0.23
3404,40.01,0.57,0.27,-1029.95,-0.34
3406,36.52,0.83,0.22,-1012.95,-0.14
3408,54.24,0.61,0.19,-1037.27,-0.18
3409,42.05,0.57,0.16,-1022.05,-0.17
3410,34.39,0.48,0.22,-1021.3,-0.17
3412,47.06,0.72,0.2,-1026.82,-0.06
3413,49.81,0.57,0.2,-1035.69,-0.43
3415,38.82,0.77,0.21,-1016.05,-0.02
3418,42.77,0.77,0.11,-1009.05,-0.03
3419,38.23,0.76,0.12,-66.48,3.46
3422,37.95,0.47,0.09,-1011.13,-0.11
3423,30.63,0.68,0.26,-1009.82,-0.01
3424,38.64,0.62,0.25,-1024.8,-0.25
3425,44.82,0.71,0.13,-1015.16,-0.15
3426,46.9,0.48,0.22,-1039.37,-0.18
3427,48.62,0.88,0.27,-1030.14,-0.02
3428,34.57,0.84,0.38,-1020.85,-0.09
3429,43.87,0.73,0.22,-1025.67,-0.14
3430,42.51,0.68,0.21,-1023.2,-0.05
3431,48.33,0.81,0.2,-1025.3,-0.18
3433,53.34,0.49,0.21,-1046.5,-0.39
3434,59.98,0.84,0.2,-1033.68,-0.03
3436,44.68,0.73,0.17,-1020.03,-0.2
3438,33.04,0.64,0.35,-1022.09,-0.1
3439,35.44,0.81,0.18,-1006.29,-0.03
3440,32.38,0.59,0.23,-1015.68,-0.13
3441,50.13,0.64,0.24,-1037.17,-0.37
3443,44.81,0.4,0.2,-1038.75,-0.21
3444,32.68,0.7,0.26,-1013.83,-0.05
3445,34.87,0.54,0.25,-1022.3,-0.15
3446,33.46,0.5,0.24,-1020.92,-0.02
3449,57.33,0.7,0.12,-1024.43,-0.25
3450,54.28,0.59,0.26,-1046.44,-0.55
3451,37.58,0.82,0.23,-1016.49,-0.09
3452,59.5,0.68,0.21,-1042.05,-0.5
3453,52.99,0.96,0.27,-1032.76,-0.2
3454,47.27,0.81,0.21,-1024.9,-0.1
3456,52.02,0.64,0.15,-1027.36,-0.01
3458,40.0,0.73,0.24,-1022.83,-0.13
3459,41.72,0.68,0.16,-1018.03,-0.07
3460,51.14,0.7,0.17,-1027.36,-0.01
3461,52.32,0.67,0.17,-1029.98,-0.16
3462,35.68,0.91,0.23,-1011.14,-0.0
3463,39.17,0.86,0.14,-1008.68,-0.01
3464,43.89,0.58,0.32,-1038.75,-0.44
3465,46.04,0.69,0.26,-1032.34,-0.37
3468,45.96,0.95,0.15,-1013.57,-0.14
3470,36.61,0.82,0.29,-1018.81,-0.05
3471,38.35,0.62,0.16,-1016.57,-0.12
3472,50.2,0.68,0.27,-1038.34,-0.27
3473,48.13,0.67,0.28,-1036.81,-0.31
3475,50.85,0.59,0.2,-1035.9,-0.29
3477,37.83,0.62,0.28,-1026.51,-0.22
3478,54.51,0.6,0.28,-1048.87,-0.05
3479,44.37,0.6,0.23,-1030.91,-0.08
3480,35.39,0.53,0.17,-1016.59,-0.03
3482,40.8,0.63,0.17,-1019.01,-0.07
3485,47.08,0.68,0.14,-1020.38,-0.14
3487,52.53,0.8,0.24,-1033.53,-0.06
3488,41.41,0.55,0.24,-1030.27,-0.25
3489,35.87,0.89,0.31,-1017.0,-0.15
3490,44.31,0.42,0.25,-1041.95,-0.08
3491,32.0,0.44,0.15,-1012.63,-0.05
3492,59.91,0.79,0.22,-1039.57,-0.41
3493,40.22,0.82,0.29,-1024.11,-0.13
3494,59.53,0.73,0.22,-1040.64,-0.22
3495,31.88,0.63,0.16,-72.24,3.33
3496,46.28,0.8,0.2,-1023.05,-0.26
3497,58.08,0.58,0.1,-1025.23,-0.13
3498,34.42,0.45,0.24,-1024.48,-0.09
3499,34.63,0.85,0.17,-1006.46,-0.04
3500,36.49,0.76,0.17,-1011.1,-0.05
3501,37.22,0.49,0.11,-1013.38,-0.11
3502,42.32,0.74,0.23,-1024.69,-0.01
3503,46.42,0.58,0.2,-1032.17,-0.2
3504,48.53,0.67,0.28,-1038.12,-0.03
3505,48.92,0.9,0.2,-1024.09,-0.06
3508,41.26,0.67,0.14,-1016.43,-0.15
3511,33.27,0.45,0.19,-1020.25,-0.05
3512,42.26,0.65,0.18,-1021.8,-0.11
3513,41.89,0.7,0.16,-1018.13,-0.1
3514,35.06,0.66,0.15,-1009.96,-0.03
3515,37.95,0.64,0.18,-1017.56,-0.1
3517,47.99,0.56,0.19,-1033.67,-0.23
3518,51.8,0.73,0.31,-1042.33,-0.11
3520,40.76,0.48,0.12,-1018.47,-0.07
3521,35.21,0.5,0.2,-1020.73,-0.07
3525,35.03,0.66,0.16,-1010.92,-0.02
3526,27.81,0.46,0.24,-1010.98,-0.07
3527,39.71,0.84,0.25,-1020.2,-0.06
3528,48.7,0.83,0.23,-1028.36,-0.26
3530,43.95,0.71,0.2,-1024.71,-0.07
3531,43.91,0.62,0.19,-1026.84,-0.25
3534,30.59,0.5,0.15,-1006.8,-0.02
3535,39.12,0.83,0.17,-1013.65,-0.01
3536,44.62,0.66,0.29,-1035.05,-0.23
3537,42.55,0.8,0.19,-1019.32,-0.13
3539,49.37,0.88,0.21,-1025.59,-0.11
3540,47.31,0.68,0.21,-1029.99,-0.35
3541,44.3,0.63,0.27,-1033.09,-0.2
3543,33.73,0.58,0.26,-1020.63,-0.22
3544,39.51,0.84,0.17,-1012.59,-0.12
3545,50.3,0.62,0.18,-1031.62,-0.3
3546,46.07,0.87,0.18,-1020.04,-0.21
3548,35.04,0.59,0.14,-1010.94,-0.09
3549,61.77,0.83,0.23,-1040.33,-0.15
3550,42.13,0.8,0.08,-1004.14,-0.01
3551,45.85,0.73,0.29,-1033.91,-0.1
3552,36.38,0.79,0.16,-1008.57,-0.02
3553,41.16,0.52,0.27,-1034.74,-0.4
3554,42.93,0.76,0.23,-1024.68,-0.07
3555,47.7,0.7,0.22,-1030.51,-0.36
3558,55.76,0.68,0.11,-1023.9,-0.06
3559,62.92,0.68,0.26,-1052.12,-0.3
3560,44.15,0.65,0.17,-1022.88,-0.18
3561,48.92,0.46,0.1,-1024.25,-0.27
3562,56.11,0.59,0.2,-1041.93,-0.35
3563,42.27,0.32,0.22,-1042.5,-0.09
3564,33.21,0.72,0.25,-1014.75,-0.1
3565,52.56,0.8,0.24,-1033.7,-0.29
3566,71.49,0.74,0.19,-1050.49,-0.25
3567,29.85,0.26,0.28,-1029.48,-0.31
3568,37.94,0.54,0.25,-1028.0,-0.23
3569,44.44,0.52,0.23,-1034.76,-0.17
3570,35.44,0.83,0.14,-149.33,2.2
3571,35.52,0.54,0.2,-1019.76,-0.03
3572,38.52,0.67,0.12,-1010.69,-0.06
3573,36.97,0.91,0.18,-1009.42,-0.01
3574,62.63,0.84,0.22,-1039.76,-0.28
3578,32.91,0.68,0.21,-1012.06,-0.02
3579,33.21,0.78,0.17,-262.94,1.32
3581,30.45,0.53,0.16,-1008.07,-0.01
3582,37.44,0.75,0.1,-356.56,0.84
3583,32.63,0.6,0.21,-1015.16,-0.09
3584,48.55,0.58,0.15,-1028.05,-0.31
3585,49.76,0.81,0.16,-1022.35,-0.26
3588,56.57,0.61,0.26,-1049.34,-0.19
3591,42.7,0.87,0.11,-1008.31,-0.02
3592,34.6,0.75,0.16,-1008.46,-0.07
3596,30.74,0.7,0.27,-1013.19,-0.07
3597,37.01,0.78,0.27,-1019.66,-0.13
3598,44.09,0.79,0.14,-1015.12,-0.14
3600,40.87,0.44,0.25,-1036.1,-0.15
3601,44.71,0.81,0.17,-1019.14,-0.07
3602,45.83,0.62,0.14,-1022.59,-0.04
3604,35.04,0.79,0.14,-1005.84,-0.02
3606,36.54,0.85,0.24,-1016.59,-0.17
3607,36.96,0.66,0.19,-1017.86,-0.21
3608,41.6,0.58,0.25,-1031.27,-0.37
3609,37.64,0.55,0.2,-1022.07,-0.1
3610,41.23,1.0,0.15,-1009.42,-0.03
3613,34.65,0.62,0.2,-1015.71,-0.09
3614,35.45,0.61,0.27,-1023.84,-0.05
3615,47.42,0.74,0.18,-1025.35,-0.13
3616,56.48,0.86,0.24,-1035.87,-0.1
3619,40.29,0.8,0.23,-1021.2,-0.1
3621,45.34,0.56,0.17,-1028.08,-0.2
3622,47.49,0.74,0.2,-1027.38,-0.24
3625,39.04,0.79,0.14,-1010.32,-0.03
3626,49.25,0.56,0.13,-1026.05,-0.18
3627,42.55,0.61,0.22,-1028.1,-0.05
3628,48.8,0.87,0.12,-1015.22,-0.11
3629,46.48,0.83,0.15,-1018.19,-0.09
3630,34.15,0.41,0.28,-1030.42,-0.33
3631,48.42,0.58,0.14,-1026.47,-0.15
3632,43.31,0.61,0.16,-1023.78,-0.13
3633,26.04,0.5,0.27,-1010.15,-0.01
3634,33.51,0.65,0.17,-1011.08,-0.1
3635,45.64,0.74,0.2,-1025.53,-0.0
3636,32.69,0.69,0.18,-1009.37,-0.09
3637,51.14,0.72,0.21,-1031.97,-0.05
3638,49.18,0.74,0.25,-1033.72,-0.4
3639,37.34,0.78,0.11,-1005.07,-0.04
3640,42.0,1.05,0.12,-1005.91,-0.04
3641,29.86,0.52,0.28,-1017.49,-0.12
3643,52.74,0.74,0.13,-1022.17,-0.16
3645,36.67,0.76,0.22,-1016.24,-0.08
3646,55.59,0.59,0.21,-1042.64,-0.23
3647,56.62,0.63,0.24,-1046.22,-0.03
3649,44.04,0.76,0.12,-1013.23,-0.07
3650,66.59,1.11,0.19,-1030.48,-0.14
3651,54.06,0.58,0.18,-1037.15,-0.32
3652,34.43,0.48,0.2,-1022.26,-0.15
3654,45.33,0.59,0.14,-1023.4,-0.27
3656,55.11,0.93,0.22,-1030.58,-0.03
3657,38.8,0.87,0.19,-1014.82,-0.06
3658,33.4,0.53,0.16,-1014.65,-0.04
3659,48.66,0.72,0.18,-1026.73,-0.1
3660,43.78,0.52,0.21,-1032.42,-0.39
3661,45.15,0.67,0.24,-1031.44,-0.29
3662,40.43,0.65,0.24,-1026.64,-0.02
3663,31.98,0.87,0.2,-111.42,2.66
3664,32.47,0.84,0.28,-1013.82,-0.14
3665,40.27,0.6,0.15,-1018.77,-0.0
3666,49.48,0.81,0.23,-1030.82,-0.11
3667,52.7,0.72,0.2,-1033.55,-0.36
3668,38.67,0.79,0.17,-1013.87,-0.03
3669,51.43,0.73,0.11,-1018.01,-0.07
3670,46.03,0.77,0.3,-1034.08,-0.23
3671,40.28,0.51,0.2,-1028.79,-0.2
3672,34.43,0.97,0.17,-147.02,2.22
3674,48.09,0.54,0.13,-1026.99,-0.05
3675,37.66,0.72,0.22,-1020.23,-0.05
3676,39.79,0.83,0.17,-1014.84,-0.08
3677,42.16,0.65,0.17,-1022.25,-0.26
3678,37.61,0.64,0.16,-1016.12,-0.14
3679,46.03,0.69,0.25,-1031.71,-0.14
3680,33.67,1.0,0.26,-1010.75,-0.02
3682,61.09,0.49,0.22,-1060.21,-0.46
3683,41.57,0.88,0.26,-1023.1,-0.26
3684,52.18,0.78,0.14,-1023.43,-0.12
3685,54.98,0.77,0.16,-1028.28,-0.17
3686,40.46,0.82,0.26,-1023.29,-0.1
3687,50.74,0.54,0.23,-1043.39,-0.38
3688,34.4,0.77,0.2,-1012.46,-0.1
3689,49.37,0.88,0.22,-1028.2,-0.29
3690,50.05,0.73,0.28,-1038.21,-0.21
3691,37.18,0.6,0.18,-1019.25,-0.08
3692,50.03,0.63,0.19,-1032.45,-0.23
3693,32.67,0.9,0.2,-1006.26,-0.01
3694,34.11,0.46,0.24,-1026.75,-0.32
3695,27.47,0.71,0.24,-60.18,3.62
3696,39.02,0.63,0.11,-1011.41,-0.05
3697,33.7,0.94,0.26,-1012.29,-0.11
3698,29.46,0.64,0.2,-1007.13,-0.01
3699,33.98,0.71,0.23,-1016.39,-0.11
3700,29.48,0.57,0.2,-1010.78,-0.09
3702,33.14,0.66,0.18,-1011.7,-0.06
3703,47.29,0.68,0.24,-1033.57,-0.29
3705,59.26,0.5,0.21,-1055.2,-0.44
3706,51.17,0.81,0.23,-1032.42,-0.1
3707,31.2,0.71,0.22,-1010.66,-0.06
3708,57.03,0.93,0.14,-1022.38,-0.18
3710,26.61,0.51,0.25,-1011.34,-0.08
3711,28.45,0.6,0.26,-1012.02,-0.03
3712,35.27,0.81,0.12,-182.96,1.88
3714,27.62,0.63,0.28,-1010.57,-0.11
3715,38.31,0.65,0.23,-1024.25,-0.23
3716,26.68,0.58,0.26,-1008.76,-0.02
3718,57.24,0.85,0.14,-1023.69,-0.28
3720,32.93,0.49,0.2,-1019.97,-0.15
3721,44.73,0.67,0.14,-1020.68,-0.24
3722,29.04,0.52,0.26,-1016.81,-0.15
3723,34.85,0.56,0.09,-1005.83,-0.03
3725,50.6,0.53,0.26,-1046.37,-0.1
3726,46.56,0.85,0.16,-1019.13,-0.15
3727,37.57,0.98,0.16,-1008.59,-0.0
3730,40.08,0.69,0.15,-1016.55,-0.07
3731,33.29,0.63,0.26,-1019.72,-0.04
3732,41.96,0.72,0.23,-1026.96,-0.17
3733,56.4,0.78,0.27,-1042.21,-0.07
3734,32.22,0.53,0.13,-1009.79,-0.09
3735,48.79,0.66,0.22,-1034.18,-0.27
3737,53.26,0.65,0.15,-1029.03,-0.27
3738,49.07,0.65,0.28,-1040.76,-0.15
3740,44.85,0.75,0.2,-1024.5,-0.29
3741,40.38,0.8,0.12,-1009.69,-0.08
3743,53.67,0.49,0.28,-1054.65,-0.35
3745,42.59,0.56,0.16,-1024.91,-0.2
3746,40.97,0.86,0.26,-1023.59,-0.11
3747,44.84,0.74,0.19,-1024.59,-0.01
3748,36.12,0.74,0.17,-1014.34,-0.12
3749,49.16,0.76,0.17,-1025.63,-0.14
3750,39.15,0.57,0.13,-1017.04,-0.03
3751,29.41,0.25,0.21,-1026.88,-0.27
3752,36.51,0.56,0.22,-1024.23,-0.02
3753,43.67,0.86,0.22,-1022.78,-0.21
3755,36.14,0.77,0.19,-1015.35,-0.12
3756,51.72,0.81,0.32,-1040.43,-0.43
3757,28.51,0.41,0.15,-1010.77,-0.08
3758,51.72,0.51,0.27,-1049.68,-0.0
3759,43.81,0.77,0.1,-1011.28,-0.08
3760,35.26,0.56,0.16,-1016.59,-0.2
3761,44.45,0.8,0.17,-1020.49,-0.18
3762,26.57,0.56,0.21,-1007.31,-0.04
3763,30.55,0.79,0.22,-1008.06,-0.04
3764,37.4,0.69,0.19,-1018.32,-0.08
3765,25.3,0.54,0.29,-1009.73,-0.06
3767,57.55,0.89,0.21,-1033.53,-0.31
3768,40.01,0.58,0.14,-1019.72,-0.15
3769,39.39,0.6,0.13,-1016.01,-0.1
3770,31.31,0.48,0.3,-1025.36,-0.02
3772,54.33,0.75,0.24,-1037.94,-0.21
3774,30.08,0.94,0.27,-1008.46,-0.01
3775,45.45,0.65,0.12,-1019.5,-0.09
3776,41.1,0.96,0.18,-1014.65,-0.0
3777,35.96,0.81,0.2,-1015.03,-0.01
3778,51.53,0.43,0.28,-1056.1,-0.2
3779,48.98,0.91,0.16,-1020.14,-0.02
3781,25.0,0.67,0.32,-1006.11,-0.02
3783,50.17,0.72,0.19,-1029.25,-0.01
3785,40.68,0.67,0.18,-1021.9,-0.18
3787,42.66,0.78,0.21,-1024.05,-0.21
3790,31.89,0.77,0.22,-1011.84,-0.13
3791,32.99,0.66,0.16,-1011.58,-0.1
3792,36.96,0.78,0.11,-1006.45,-0.05
3796,37.75,0.74,0.15,-1014.27,-0.1
3798,27.09,0.79,0.37,-1012.3,-0.11
3800,45.08,0.96,0.16,-1015.91,-0.19
3801,39.52,0.9,0.16,-1012.07,-0.1
3802,40.23,0.87,0.21,-1019.45,-0.04
3803,36.23,0.68,0.2,-1018.49,-0.21
3805,49.55,0.48,0.17,-1037.38,-0.46
3806,31.4,0.83,0.28,-1013.86,-0.05
3807,37.61,0.78,0.21,-1017.97,-0.04
3808,44.33,0.66,0.12,-1017.84,-0.17
3809,37.44,0.95,0.12,-1004.77,-0.0
3810,45.67,0.58,0.13,-1022.99,-0.13
3811,31.96,0.72,0.23,-1014.8,-0.07
3812,39.44,0.5,0.19,-1027.59,-0.28
3813,46.32,0.8,0.07,-1007.62,-0.08
3814,53.57,0.87,0.24,-1034.19,-0.05
3815,45.84,0.65,0.31,-1039.88,-0.18
3816,38.09,0.6,0.21,-1024.47,-0.15
3817,32.57,0.71,0.27,-1017.75,-0.06
3818,33.59,0.59,0.22,-1020.32,-0.11
3819,38.45,0.54,0.2,-1026.24,-0.16
3820,51.86,0.84,0.27,-1036.23,-0.18
3822,42.96,0.61,0.22,-1031.19,-0.01
3823,31.63,0.71,0.17,-1009.31,-0.03
3824,36.31,0.71,0.19,-1017.16,-0.1
3825,40.14,0.71,0.14,-1015.62,-0.15
3826,27.4,0.7,0.19,-71.6,3.35
3828,33.48,0.61,0.23,-1019.67,-0.23
3829,54.8,0.61,0.23,-1043.48,-0.4
3830,47.13,0.7,0.2,-1028.52,-0.15
3831,32.61,0.61,0.26,-1020.24,-0.19
3833,47.94,0.62,0.27,-1039.84,-0.08
3834,56.56,0.66,0.42,-1060.08,-0.04
3835,44.72,0.71,0.28,-1034.3,-0.35
3836,37.35,0.56,0.09,-1010.53,-0.02
3837,49.41,0.81,0.25,-1032.3,-0.17
3838,57.24,0.4,0.22,-1061.75,-0.61
3839,34.07,0.79,0.22,-1015.54,-0.16
3840,34.34,0.79,0.21,-1014.64,-0.03
3841,34.64,0.79,0.15,-1008.74,-0.07
3843,42.56,0.54,0.18,-1028.72,-0.26
3844,46.52,0.58,0.21,-1034.36,-0.25
3845,38.77,0.65,0.11,-1013.31,-0.05
3846,48.55,0.74,0.23,-1032.74,-0.02
3847,49.73,0.88,0.26,-1032.0,-0.03
3849,27.59,0.47,0.16,-1009.56,-0.09
3850,42.7,0.82,0.15,-1016.3,-0.17
3851,36.15,0.82,0.2,-1015.69,-0.0
3852,44.6,0.33,0.17,-1042.87,-0.03
3853,45.85,0.59,0.25,-1037.58,-0.34
3854,37.56,0.74,0.2,-1018.86,-0.08
3855,45.92,0.8,0.19,-1024.99,-0.27
3856,40.99,0.77,0.23,-1024.41,-0.21
3858,41.73,0.63,0.19,-1025.94,-0.0
3859,49.33,0.93,0.21,-1025.48,-0.16
3860,35.04,0.46,0.25,-1028.85,-0.32
3861,34.07,0.69,0.24,-1019.55,-0.19
3864,43.73,0.46,0.14,-1029.07,-0.1
3865,29.39,0.57,0.18,-1011.22,-0.12
3866,42.59,0.57,0.22,-1031.39,-0.04
3867,41.83,0.8,0.11,-1010.82,-0.12
3868,37.62,0.61,0.15,-1018.31,-0.13
3870,28.43,0.65,0.29,-1015.77,-0.11
3871,41.98,0.54,0.26,-1035.41,-0.4
3872,27.13,0.6,0.19,-1007.46,-0.01
3873,33.22,0.89,0.17,-1007.92,-0.07
3875,40.28,0.68,0.21,-1024.84,-0.27
3876,63.62,0.52,0.25,-1066.24,-0.75
3877,42.08,0.47,0.29,-1040.68,-0.22
3878,43.57,0.88,0.13,-1014.26,-0.09
3879,29.73,0.77,0.17,-1004.49,-0.01
3880,29.52,0.54,0.27,-1019.77,-0.15
3881,47.14,0.6,0.11,-1020.46,-0.03
3882,44.59,0.77,0.13,-1017.45,-0.09
3883,28.92,0.72,0.24,-1012.13,-0.01
3884,55.11,0.61,0.18,-1038.51,-0.26
3885,34.66,0.65,0.21,-1019.63,-0.06
3886,52.19,1.02,0.34,-1037.83,-0.2
3887,48.63,0.69,0.16,-1026.13,-0.1
3888,43.59,0.82,0.18,-1021.31,-0.08
3889,46.86,0.61,0.06,-1010.54,-0.03
3890,56.58,0.61,0.33,-1056.48,-0.21
3891,50.52,0.91,0.15,-1021.04,-0.21
3892,45.76,0.8,0.14,-1018.36,-0.22
3894,31.9,0.61,0.17,-1013.21,-0.14
3895,61.28,0.49,0.2,-1059.06,-0.0
3896,39.64,0.6,0.24,-1029.22,-0.23
3897,49.27,0.45,0.27,-1050.79,-0.46
3898,31.15,0.7,0.22,-1014.45,-0.06
3899,48.59,0.98,0.08,-1008.77,-0.03
3900,38.63,0.66,0.28,-1028.35,-0.13
3901,41.07,0.74,0.4,-1036.59,-0.31
3902,46.33,0.69,0.24,-1032.77,-0.38
3903,39.46,0.91,0.18,-1015.84,-0.13
3904,26.6,0.81,0.23,-43.58,4.12
3905,35.41,0.7,0.15,-1013.69,-0.14
3907,48.57,0.79,0.1,-1014.44,-0.17
3908,32.09,0.23,0.24,-1036.24,-0.02
3909,64.86,0.69,0.27,-1056.22,-0.43
3910,49.26,0.68,0.2,-1032.26,-0.21
3911,50.07,1.0,0.2,-1023.63,-0.24
3912,57.72,0.47,0.11,-1037.88,-0.16
3913,48.73,0.42,0.23,-1048.92,-0.59
3915,54.79,1.07,0.23,-1028.74,-0.25
3916,39.06,0.81,0.19,-1018.16,-0.05
3917,49.78,0.82,0.2,-1028.28,-0.21
3918,51.96,0.68,0.2,-1035.31,-0.14
3919,45.03,0.68,0.14,-1022.19,-0.16
3920,48.14,0.54,0.16,-1031.92,-0.14
3921,60.29,0.9,0.21,-1035.36,-0.21
3922,45.71,0.72,0.21,-1029.33,-0.16
3923,65.42,0.64,0.2,-1051.47,-0.39
3924,30.55,0.69,0.18,-1010.62,-0.01
3926,27.17,0.89,0.27,-1005.33,-0.01
3927,37.02,0.57,0.11,-1014.46,-0.04
3928,36.45,0.73,0.19,-1017.59,-0.03
3930,35.8,0.94,0.2,-1013.43,-0.15
3931,41.25,0.67,0.18,-1023.2,-0.12
3932,47.06,0.52,0.15,-1030.26,-0.13
3933,48.87,0.7,0.3,-1040.94,-0.38
3934,37.31,0.89,0.16,-1012.24,-0.01
3935,33.08,0.78,0.13,-1005.71,-0.05
3936,34.42,0.55,0.15,-1016.01,-0.05
3937,35.19,0.93,0.14,-1006.78,-0.01
3938,46.55,0.69,0.16,-1024.68,-0.16
3939,39.6,0.43,0.22,-1034.99,-0.36
3940,39.91,0.77,0.24,-1024.48,-0.25
3942,36.85,0.62,0.3,-1029.97,-0.13
3944,33.07,0.65,0.22,-1017.85,-0.08
3945,49.45,0.7,0.12,-1021.42,-0.19
3946,36.86,0.9,0.22,-1016.62,-0.09
3947,30.31,0.6,0.18,-1012.56,-0.1
3948,36.98,0.53,0.22,-1027.32,-0.26
3949,35.46,0.66,0.2,-1019.18,-0.2
3950,23.83,0.68,0.31,-1007.57,-0.03
3951,32.81,0.47,0.25,-1026.75,-0.23
3953,49.79,0.89,0.15,-1021.36,-0.16
3954,52.24,0.35,0.19,-1055.17,-0.31
3955,43.67,0.75,0.22,-1027.47,-0.09
3956,47.62,0.78,0.29,-1036.3,-0.16
3957,47.78,0.29,0.19,-1054.64,-0.18
3958,29.48,0.8,0.24,-1011.55,-0.01
3959,53.33,0.49,0.27,-1053.51,-0.6
3960,56.28,0.74,0.09,-1019.88,-0.22
3961,40.59,0.68,0.25,-1029.27,-0.2
3962,30.48,0.69,0.3,-1018.47,-0.2
3963,33.38,0.63,0.15,-1012.98,-0.01
3964,37.58,0.8,0.25,-1021.74,-0.22
3965,31.66,0.45,0.28,-1027.43,-0.12
3966,46.92,0.82,0.22,-1028.37,-0.18
3967,43.55,0.73,0.13,-1018.18,-0.04
3968,55.0,0.82,0.24,-1036.48,-0.4
3969,43.67,0.61,0.09,-1015.41,-0.08
3971,47.77,0.98,0.15,-1016.99,-0.03
3972,50.13,0.6,0.14,-1028.06,-0.08
3973,24.04,0.48,0.19,-1007.41,-0.03
3974,35.28,0.6,0.18,-1020.46,-0.16
3975,33.52,0.55,0.3,-1028.02,-0.19
3976,42.99,0.53,0.13,-1023.63,-0.19
3978,45.26,0.93,0.18,-1019.88,-0.08
3979,45.27,0.78,0.18,-1024.2,-0.12
3980,33.66,0.68,0.17,-1014.5,-0.06
3981,38.03,0.84,0.14,-1012.42,-0.04
3982,37.33,0.48,0.21,-1029.03,-0.05
3983,26.23,0.37,0.17,-1014.34,-0.13
3984,39.38,0.59,0.22,-1027.63,-0.04
3986,50.59,0.82,0.07,-1010.14,-0.04
3987,38.87,0.66,0.3,-1030.64,-0.3
3988,27.84,0.74,0.18,-1005.28,-0.02
3990,48.3,0.75,0.28,-1037.2,-0.16
3991,42.88,1.03,0.14,-1013.14,-0.01
3992,52.42,0.57,0.24,-1044.74,-0.14
3993,29.95,0.64,0.28,-1019.98,-0.15
3994,62.07,0.78,0.23,-1043.48,-0.35
3996,51.26,0.4,0.17,-1047.53,-0.26
3997,32.72,0.57,0.2,-1019.28,-0.21
3998,40.81,0.82,0.2,-1020.81,-0.24
3999,55.28,0.43,0.18,-1051.63,-0.1
4000,34.9,0.91,0.2,-1012.57,-0.05
4001,47.63,0.96,0.22,-1025.67,-0.22
4002,32.7,0.71,0.25,-1018.73,-0.07
4005,31.69,0.86,0.21,-1011.7,-0.09
4006,38.0,1.0,0.27,-1020.24,-0.11
4007,38.36,0.89,0.23,-1019.47,-0.21
4008,32.34,0.71,0.2,-1014.9,-0.1
4009,28.28,0.73,0.24,-1012.4,-0.07
4011,41.6,0.63,0.21,-1028.58,-0.28
4012,39.11,0.42,0.16,-1028.66,-0.27
4013,32.54,0.65,0.17,-1015.21,-0.1
4014,52.42,0.93,0.17,-1025.01,-0.26
4015,58.85,0.75,0.23,-1042.31,-0.27
4016,48.49,0.83,0.27,-1034.25,-0.26
4017,44.85,0.68,0.22,-1030.96,-0.32
4019,32.02,0.84,0.17,-1010.06,-0.02
4020,30.4,0.65,0.18,-1012.99,-0.05
4022,37.75,0.82,0.24,-1021.69,-0.14
4023,36.24,0.73,0.24,-1022.17,-0.03
4024,34.07,0.68,0.2,-1017.96,-0.17
4025,38.73,0.74,0.24,-1024.52,-0.18
4026,39.69,0.74,0.19,-1020.86,-0.2
4027,30.81,0.62,0.11,-1005.55,-0.04
4028,43.29,0.67,0.18,-1025.83,-0.24
4029,32.58,0.61,0.25,-1021.64,-0.2
4030,25.47,0.76,0.24,-1007.28,-0.0
4031,35.05,0.39,0.29,-1035.71,-0.01
4032,47.26,0.58,0.17,-1031.44,-0.02
4034,35.32,0.7,0.11,-1010.03,-0.11
4035,34.38,0.67,0.19,-1018.41,-0.12
4036,58.01,0.81,0.25,-1041.05,-0.2
4037,43.61,0.53,0.17,-1030.54,-0.23
4038,29.38,0.56,0.28,-1020.96,-0.22
4039,46.36,0.8,0.26,-1031.69,-0.1
4040,39.94,0.47,0.21,-1032.9,-0.13
4041,45.56,0.62,0.26,-1037.56,-0.32
4042,37.48,0.46,0.21,-1030.75,-0.14
4043,41.15,0.42,0.22,-1037.26,-0.21
4044,24.17,0.44,0.22,-1011.72,-0.07
4045,40.32,0.73,0.29,-1030.62,-0.29
4046,30.26,0.69,0.21,-1014.36,-0.12
4047,48.78,0.69,0.31,-1042.27,-0.14
4048,28.5,0.82,0.18,-1005.7,-0.04
4051,46.3,0.62,0.17,-1028.88,-0.26
4052,51.05,0.34,0.1,-1042.79,-0.34
4053,35.55,0.82,0.18,-1015.12,-0.16
4055,40.93,0.68,0.08,-1010.07,-0.07
4056,40.61,0.62,0.22,-1028.77,-0.18
4057,47.51,0.63,0.17,-1029.51,-0.24
4058,34.71,0.65,0.07,-605.34,0.02
4059,44.44,0.61,0.23,-1033.59,-0.16
4060,44.77,0.65,0.16,-1025.65,-0.08
4061,51.32,0.61,0.15,-1031.2,-0.13
4063,43.89,0.83,0.2,-1023.85,-0.27
4064,42.77,0.74,0.24,-1029.36,-0.16
4065,40.79,0.74,0.13,-1015.85,-0.09
4066,38.69,0.64,0.32,-1033.43,-0.03
4067,65.32,0.85,0.27,-1049.71,-0.3
4068,55.65,0.71,0.23,-1040.74,-0.4
4069,37.18,0.51,0.17,-1024.23,-0.1
4071,39.58,0.89,0.18,-1017.31,-0.2
4072,34.9,0.41,0.19,-1027.11,-0.33
4073,35.87,0.66,0.28,-1027.01,-0.33
4074,44.73,0.73,0.14,-1020.71,-0.2
4075,37.73,0.69,0.22,-1024.12,-0.2
4076,35.85,0.5,0.08,-1011.34,-0.11
4077,44.83,0.81,0.28,-1032.07,-0.07
4078,41.83,0.54,0.18,-1028.75,-0.05
4079,45.74,0.6,0.2,-1032.05,-0.02
4080,49.66,0.38,0.2,-1051.19,-0.19
4081,48.73,0.62,0.09,-1018.44,-0.18
4082,37.16,0.85,0.22,-1019.1,-0.12
4083,33.63,0.68,0.16,-1014.76,-0.08
4084,37.47,1.0,0.09,-1004.07,-0.02
4085,56.12,0.55,0.28,-1054.69,-0.63
4086,36.72,0.47,0.18,-1026.34,-0.22
4088,28.65,0.71,0.18,-1009.98,-0.05
4089,62.75,0.71,0.19,-1042.87,-0.15
4090,42.21,0.73,0.14,-1018.0,-0.07
4091,35.19,0.66,0.16,-1016.8,-0.04
4092,45.63,0.71,0.23,-1031.47,-0.34
4093,47.86,0.78,0.14,-1021.86,-0.17
4094,38.53,0.83,0.08,-1004.92,-0.04
4095,44.94,0.53,0.18,-1032.79,-0.33
4097,57.01,0.44,0.16,-1050.1,-0.61
4098,44.28,0.85,0.09,-1010.88,-0.02
4099,27.56,0.58,0.15,-1008.79,-0.02
4100,55.15,0.86,0.21,-1033.15,-0.08
4101,35.83,0.76,0.2,-1018.64,-0.19
4102,48.15,0.78,0.27,-1035.45,-0.32
4106,47.27,0.58,0.2,-1035.58,-0.29
4108,37.8,0.58,0.2,-1025.64,-0.19
4109,39.46,0.66,0.15,-1019.42,-0.06
4110,40.32,0.72,0.25,-1028.6,-0.16
4111,32.82,0.41,0.19,-1025.71,-0.31
4112,30.84,0.78,0.26,-1017.12,-0.05
4113,40.5,0.69,0.38,-1037.58,-0.11
4114,40.13,0.79,0.23,-1024.46,-0.14
4115,30.57,0.76,0.19,-1012.55,-0.0
4116,36.59,0.84,0.26,-1022.04,-0.27
4118,52.85,0.74,0.25,-1039.24,-0.28
4119,54.29,0.71,0.17,-1032.42,-0.11
4121,44.81,0.6,0.06,-1010.52,-0.01
4123,41.86,0.54,0.19,-1029.89,-0.21
4124,35.75,0.84,0.17,-1014.78,-0.14
4125,33.54,0.5,0.22,-1025.87,-0.26
4127,44.69,0.73,0.22,-1029.84,-0.28
4128,33.86,0.62,0.09,-1009.08,-0.08
4129,35.52,0.67,0.14,-1014.67,-0.01
4130,40.61,0.67,0.22,-1028.05,-0.3
4131,34.85,0.77,0.24,-1020.55,-0.24
4132,38.79,0.95,0.17,-1014.64,-0.11
4133,33.16,0.7,0.19,-1016.04,-0.09
4134,30.86,0.67,0.34,-1024.11,-0.09
4135,42.73,0.46,0.16,-1030.69,-0.22
4136,48.81,0.79,0.22,-1031.25,-0.19
4137,44.75,0.77,0.26,-1031.75,-0.03
4138,32.05,0.92,0.14,-1007.07,-0.03
4141,39.82,0.63,0.23,-1029.25,-0.23
4142,40.25,0.75,0.25,-1026.93,-0.16
4143,35.97,0.56,0.11,-1014.68,-0.0
4144,40.55,0.66,0.13,-1017.76,-0.07
4145,33.45,0.81,0.28,-1020.72,-0.21
4146,55.4,0.84,0.19,-1031.35,-0.3
4147,53.46,0.87,0.14,-1023.91,-0.2
4148,23.17,0.61,0.32,-1012.15,-0.08
4149,36.85,0.54,0.19,-1025.75,-0.05
4150,40.87,0.74,0.17,-1020.91,-0.05
4151,34.93,0.83,0.15,-1012.29,-0.02
4152,48.83,0.84,0.23,-1031.42,-0.34
4153,26.37,0.58,0.18,-1010.26,-0.11
4154,35.14,0.72,0.15,-1015.24,-0.16
4155,44.44,0.54,0.13,-1024.9,-0.04
4156,28.04,0.8,0.19,-1008.99,-0.04
4157,53.75,0.8,0.21,-1034.23,-0.11
4158,33.27,0.54,0.24,-1025.11,-0.07
4159,45.82,0.66,0.14,-1023.64,-0.07
4160,43.5,0.63,0.23,-1032.75,-0.23
4162,49.06,0.88,0.12,-1018.47,-0.2
4164,33.51,0.77,0.2,-1016.66,-0.19
4165,37.57,0.58,0.28,-1031.81,-0.17
4166,28.22,0.86,0.28,-1013.64,-0.12
4168,26.13,0.73,0.15,-189.57,1.83
4169,44.05,0.44,0.1,-1025.37,-0.13
4170,57.05,1.01,0.21,-1030.85,-0.34
4171,29.28,0.67,0.25,-1017.89,-0.04
4172,24.37,0.57,0.27,-1013.38,-0.08
4173,36.5,0.64,0.14,-1016.68,-0.1
4174,47.78,0.63,0.27,-1040.52,-0.42
4175,43.41,0.86,0.33,-1033.53,-0.02
4176,34.3,1.13,0.13,-1005.35,-0.01
4177,35.92,0.47,0.26,-1032.6,-0.35
4178,35.31,0.59,0.26,-1027.64,-0.13
4179,43.46,0.72,0.18,-1024.99,-0.29
4180,53.75,0.62,0.19,-1038.49,-0.16
4181,54.47,0.65,0.19,-1038.43,-0.45
4182,65.37,0.55,0.23,-1064.5,-0.45
4183,45.2,0.73,0.12,-1018.89,-0.0
4185,24.35,0.85,0.27,-1008.17,-0.07
4186,31.31,0.49,0.24,-1025.34,-0.2
4187,45.73,0.7,0.29,-1037.61,-0.15
4188,39.33,0.99,0.26,-1022.27,-0.18
4189,55.56,0.64,0.3,-1051.95,-0.2
4190,66.8,0.72,0.25,-1055.58,-0.3
4191,47.84,0.57,0.24,-1040.82,-0.07
4192,29.16,0.67,0.13,-1008.82,-0.01
4193,43.24,0.5,0.22,-1037.19,-0.08
4194,44.14,0.81,0.27,-1031.34,-0.35
4196,36.31,0.73,0.29,-1026.68,-0.05
4197,41.97,0.68,0.08,-1012.25,-0.09
4198,42.59,0.42,0.24,-1042.08,-0.31
4199,31.26,0.44,0.2,-1023.68,-0.1
4200,40.8,0.6,0.14,-1022.59,-0.17
4201,31.29,0.68,0.1,-1007.3,-0.02
4203,30.69,0.65,0.19,-1015.35,-0.12
4204,28.66,0.73,0.24,-1015.1,-0.08
4205,50.81,0.33,0.19,-1056.73,-0.16
4206,33.67,1.12,0.25,-1014.34,-0.09
4207,36.0,1.0,0.19,-1013.75,-0.07
4208,33.83,0.66,0.22,-1021.21,-0.01
4209,36.38,0.63,0.17,-1020.36,-0.01
4210,25.71,0.5,0.19,-1013.5,-0.05
4211,40.92,0.69,0.22,-1027.52,-0.03
4212,48.02,0.58,0.32,-1046.96,-0.39
4213,35.71,0.84,0.15,-1012.82,-0.11
4214,41.62,0.81,0.21,-1024.43,-0.04
4215,47.82,0.7,0.27,-1038.52,-0.42
4216,40.24,0.62,0.28,-1034.22,-0.11
4217,39.82,0.36,0.2,-1038.06,-0.12
4218,29.74,0.68,0.2,-1015.49,-0.1
4221,31.31,0.42,0.3,-1031.09,-0.08
4222,47.91,0.85,0.13,-1019.2,-0.16
4223,31.83,0.67,0.28,-1022.68,-0.01
4224,44.24,0.98,0.21,-1022.76,-0.18
4225,29.91,0.61,0.12,-1009.12,-0.1
4226,38.94,0.73,0.15,-1018.42,-0.04
4227,32.33,0.74,0.17,-1014.53,-0.08
4228,45.3,0.65,0.14,-1023.6,-0.14
4230,44.29,0.62,0.23,-1034.54,-0.28
4231,22.47,0.49,0.19,-1008.96,-0.01
4232,34.26,0.65,0.17,-1018.35,-0.11
4233,41.57,0.59,0.13,-1021.07,-0.17
4234,28.82,0.77,0.16,-1009.67,-0.07
4235,44.92,0.75,0.15,-1022.23,-0.19
4236,51.95,0.59,0.17,-1035.92,-0.43
4237,48.09,0.74,0.26,-1036.16,-0.32
4238,41.03,0.77,0.12,-1015.64,-0.14
4239,43.03,0.7,0.15,-1021.86,-0.06
4240,49.48,0.79,0.26,-1036.04,-0.25
4241,51.39,0.64,0.2,-1037.19,-0.04
4243,40.66,0.69,0.2,-1025.33,-0.27
4244,51.35,0.57,0.35,-1054.44,-0.19
4246,22.83,0.67,0.18,-1003.67,-0.01
4247,33.15,0.84,0.26,-1019.68,-0.15
4248,35.2,0.71,0.2,-1020.18,-0.08
4249,33.09,0.72,0.15,-1013.33,-0.14
4250,35.23,0.79,0.24,-1021.81,-0.0
4251,30.32,0.73,0.21,-1015.86,-0.19
4252,27.63,0.58,0.22,-1017.42,-0.08
4253,32.75,0.61,0.2,-1020.5,-0.02
4254,27.59,0.71,0.24,-1014.65,-0.05
4255,28.17,0.57,0.24,-1019.2,-0.17
4256,33.92,0.65,0.13,-1014.14,-0.03
4257,38.04,0.83,0.19,-1019.06,-0.02
4259,30.94,0.49,0.17,-1020.04,-0.03
4260,49.99,0.75,0.13,-1022.6,-0.09
4261,34.98,0.57,0.24,-1027.04,-0.07
4262,45.75,0.83,0.11,-1014.92,-0.1
4263,52.78,0.71,0.25,-1040.74,-0.5
4265,42.05,0.66,0.21,-1029.22,-0.01
4266,33.48,0.82,0.18,-1015.24,-0.16
4268,27.76,0.77,0.24,-1014.3,-0.13
4269,25.4,0.9,0.2,-1005.94,-0.03
4270,25.53,0.57,0.11,-1004.45,-0.03
4271,49.61,0.61,0.31,-1047.61,-0.02
4272,28.78,0.99,0.21,-1009.81,-0.01
4273,39.02,0.77,0.26,-1027.17,-0.0
4274,42.16,0.48,0.29,-1042.71,-0.44
4275,22.51,0.46,0.13,-1006.12,-0.05
4276,39.84,0.67,0.29,-1033.02,-0.39
4277,44.88,0.71,0.15,-1022.58,-0.17
4278,56.75,0.57,0.29,-1056.43,-0.36
4279,44.69,0.76,0.25,-1031.65,-0.23
4280,42.87,0.91,0.12,-1014.25,-0.09
4281,44.06,0.75,0.12,-1018.45,-0.18
4282,26.87,0.57,0.28,-1019.81,-0.21
4283,25.03,0.6,0.21,-1012.5,-0.04
4284,29.91,0.69,0.21,-1016.97,-0.13
4285,24.91,0.89,0.22,-1007.17,-0.07
4286,34.36,0.45,0.23,-1029.78,-0.35
4287,27.0,0.95,0.25,-1010.68,-0.04
4288,30.7,0.81,0.13,-1008.12,-0.05
4289,46.01,0.95,0.21,-1024.68,-0.02
4291,43.52,0.6,0.17,-1028.47,-0.19
4292,36.96,0.68,0.19,-1022.35,-0.01
4293,68.15,0.63,0.2,-1058.3,-0.13
4294,46.35,0.5,0.15,-1031.63,-0.18
4295,37.76,0.57,0.23,-1029.94,-0.03
4296,31.89,0.64,0.1,-1009.69,-0.03
4299,35.64,0.62,0.08,-1010.53,-0.05
4300,45.36,0.8,0.24,-1030.9,-0.34
4301,43.3,0.88,0.29,-1031.18,-0.34
4302,42.21,0.71,0.22,-1028.68,-0.13
4303,28.7,0.86,0.22,-1012.92,-0.04
4304,40.56,0.68,0.17,-1023.12,-0.03
4305,29.51,1.08,0.22,-1009.97,-0.03
4306,27.25,0.87,0.25,-1013.35,-0.13
4307,26.12,0.85,0.16,-1004.61,-0.01
4308,25.9,0.56,0.18,-1013.4,-0.05
4309,46.44,0.75,0.18,-1027.39,-0.12
4310,28.31,0.82,0.24,-1014.63,-0.03
4311,52.52,0.93,0.19,-1027.96,-0.08
4312,19.49,0.75,0.33,-1004.53,-0.0
4313,59.82,0.77,0.18,-1036.63,-0.27
4314,43.89,0.74,0.24,-1030.86,-0.06
4315,35.67,0.76,0.21,-1020.85,-0.2
4318,39.66,0.64,0.23,-1029.44,-0.28
4319,45.15,0.89,0.15,-1019.1,-0.22
4320,41.2,0.73,0.09,-1012.47,-0.14
4321,27.73,0.56,0.28,-1022.17,-0.05
4322,38.39,1.03,0.22,-1018.78,-0.1
4323,29.11,0.7,0.11,-1007.34,-0.01
4324,46.62,0.84,0.2,-1027.3,-0.29
4325,40.64,0.41,0.1,-1024.14,-0.24
4326,19.4,0.49,0.23,-1007.28,-0.01
4327,48.67,0.51,0.21,-1041.33,-0.09
4328,30.25,0.83,0.12,-1007.44,-0.02
4331,29.71,1.06,0.17,-1007.59,-0.02
4332,27.96,0.61,0.23,-1018.04,-0.09
4333,53.12,1.0,0.11,-1016.7,-0.02
4334,46.22,0.48,0.21,-1041.27,-0.08
4336,38.35,0.91,0.13,-1013.15,-0.1
4337,65.66,0.83,0.16,-1035.94,-0.13
4338,25.38,0.71,0.25,-1013.25,-0.12
4339,34.27,0.68,0.22,-1022.26,-0.11
4340,56.09,0.59,0.14,-1035.13,-0.25
4341,40.03,0.57,0.23,-1032.21,-0.35
4342,40.05,0.9,0.14,-1014.78,-0.13
4343,48.59,0.55,0.15,-1032.38,-0.2
4344,41.55,0.42,0.2,-1038.05,-0.01
4345,26.41,0.54,0.24,-1018.08,-0.03
4346,34.39,0.6,0.28,-1028.67,-0.1
4347,26.15,0.4,0.24,-1022.39,-0.13
4348,52.63,0.46,0.15,-1041.99,-0.01
4349,36.2,0.48,0.23,-1031.71,-0.36
4350,40.28,0.73,0.27,-1030.53,-0.03
4351,23.55,0.69,0.23,-1010.76,-0.05
4352,24.83,0.5,0.09,-1004.49,-0.03
4353,43.46,1.03,0.27,-1026.88,-0.27
4354,34.07,0.61,0.26,-1026.34,-0.19
4355,36.05,0.66,0.14,-1017.29,-0.16
4357,29.45,0.5,0.2,-1020.95,-0.12
4358,41.26,0.74,0.22,-1027.05,-0.2
4359,53.97,0.88,0.18,-1029.26,-0.06
4360,22.98,1.05,0.26,-1004.27,-0.03
4361,36.96,0.77,0.19,-1020.75,-0.15
4362,40.89,0.75,0.26,-1030.46,-0.06
4363,42.17,0.44,0.16,-1032.12,-0.16
4364,35.73,0.49,0.16,-1024.89,-0.3
4365,45.16,0.65,0.24,-1035.74,-0.44
4367,33.73,0.52,0.24,-1028.43,-0.09
4368,28.95,0.36,0.23,-1027.47,-0.02
4369,60.4,0.71,0.24,-1047.49,-0.49
4370,51.81,0.67,0.2,-1036.06,-0.37
4371,34.09,0.56,0.19,-1023.4,-0.18
4372,38.49,0.55,0.1,-1017.24,-0.07
4373,51.82,0.82,0.19,-1030.8,-0.03
4374,32.59,0.54,0.15,-1019.1,-0.14
4375,36.34,0.5,0.22,-1030.6,-0.16
4376,30.49,0.63,0.16,-1015.06,-0.02
4377,38.81,0.42,0.23,-1037.47,-0.32
4378,33.5,0.65,0.21,-1022.36,-0.17
4379,51.67,0.47,0.17,-1043.36,-0.48
4380,33.47,0.75,0.27,-1023.28,-0.06
4381,37.57,0.76,0.18,-1019.9,-0.06
4382,43.54,0.37,0.28,-1049.88,-0.41
4383,42.67,0.76,0.13,-1018.07,-0.21
4384,56.95,0.89,0.25,-1038.99,-0.24
4385,46.5,0.47,0.22,-1042.42,-0.27
4386,49.75,0.73,0.22,-1035.04,-0.08
4387,43.69,0.41,0.2,-1040.91,-0.38
4388,53.66,0.48,0.17,-1045.16,-0.27
4389,41.27,0.72,0.19,-1025.65,-0.3
4390,32.89,0.82,0.26,-1021.55,-0.04
4391,23.59,0.77,0.13,-35.2,4.45
4392,36.03,0.61,0.26,-1029.13,-0.25
4393,49.09,0.6,0.22,-1039.16,-0.43
4394,36.82,0.64,0.05,-1005.09,-0.04
4395,39.8,0.51,0.31,-1040.4,-0.08
4396,47.57,0.61,0.18,-1032.69,-0.14
4398,45.46,0.56,0.16,-1031.17,-0.08
4399,30.57,0.98,0.18,-1010.54,-0.12
4401,48.46,0.86,0.31,-1038.48,-0.43
4402,37.16,0.89,0.08,-1007.28,-0.0
4403,22.11,0.75,0.17,-1004.51,-0.04
4404,29.0,0.81,0.16,-1010.57,-0.02
4405,62.8,0.63,0.23,-1053.17,-0.16
4406,46.49,0.72,0.2,-1030.77,-0.15
4407,41.97,0.9,0.06,-1005.78,-0.05
4408,52.81,0.64,0.17,-1034.38,-0.09
4409,33.53,0.9,0.28,-1021.44,-0.02
4410,29.28,0.71,0.27,-1020.39,-0.05
4411,31.07,0.64,0.19,-1018.49,-0.09
4412,26.37,0.66,0.16,-1011.41,-0.03
4413,31.66,0.9,0.26,-1018.61,-0.02
4414,42.96,0.87,0.17,-1021.09,-0.19
4415,27.52,0.36,0.19,-1022.98,-0.09
4416,55.52,0.69,0.13,-1029.4,-0.19
4417,41.53,0.68,0.21,-1028.46,-0.03
4418,48.06,0.57,0.39,-1052.79,-0.1
4419,52.99,0.85,0.18,-1029.12,-0.23
4420,35.82,0.66,0.26,-1027.74,-0.05
4421,40.85,0.58,0.23,-1032.98,-0.34
4422,46.89,0.83,0.21,-1029.24,-0.26
4423,41.96,0.62,0.23,-1033.3,-0.33
4424,22.44,0.9,0.22,-1006.79,-0.0
4425,44.31,0.94,0.16,-1019.48,-0.13
4426,33.59,0.71,0.18,-1018.01,-0.12
4427,30.17,0.5,0.18,-1021.17,-0.06
4428,49.83,0.84,0.27,-1036.86,-0.23
4429,21.31,0.5,0.12,-1003.59,-0.01
4430,48.14,0.82,0.1,-1015.94,-0.12
4431,39.99,0.86,0.21,-1023.46,-0.21
4432,37.06,0.67,0.15,-1019.24,-0.01
4433,39.1,0.66,0.26,-1031.28,-0.35
4434,36.23,0.54,0.29,-1033.95,-0.12
4435,38.08,0.69,0.13,-1016.9,-0.12
4436,40.12,0.83,0.27,-1028.77,-0.15
4437,26.61,0.74,0.2,-1012.79,-0.01
4438,30.19,0.7,0.17,-1014.42,-0.11
4439,32.56,0.71,0.28,-1024.58,-0.26
4440,56.47,0.43,0.22,-1059.39,-0.59
4441,47.42,0.93,0.17,-1023.34,-0.14
4443,62.85,0.82,0.14,-1030.38,-0.17
4444,37.18,0.93,0.17,-1016.59,-0.15
4445,29.74,0.71,0.17,-1014.54,-0.05
4446,53.31,0.6,0.12,-1029.2,-0.07
4447,46.66,0.77,0.06,-1009.57,-0.0
4448,57.25,0.54,0.26,-1056.64,-0.42
4449,25.13,0.75,0.19,-1010.55,-0.04
4450,28.85,0.85,0.13,-1008.74,-0.09
4451,24.65,0.64,0.25,-1015.95,-0.19
4452,49.3,0.53,0.28,-1048.86,-0.44
4453,38.46,0.83,0.14,-1016.37,-0.07
4454,43.42,0.82,0.2,-1026.12,-0.22
4455,35.71,0.79,0.15,-1016.5,-0.05
4456,28.09,0.79,0.17,-1011.67,-0.07
4457,57.49,0.71,0.15,-1033.09,-0.29
4458,37.73,0.9,0.22,-1021.93,-0.22
4460,43.4,0.73,0.13,-1019.9,-0.04
4461,20.52,0.5,0.33,-1016.24,-0.03
4462,32.82,0.86,0.2,-1016.42,-0.08
4463,36.67,0.85,0.11,-1011.48,-0.1
4464,51.42,0.71,0.28,-1043.88,-0.36
4465,49.42,0.44,0.15,-1038.64,-0.39
4466,49.07,0.57,0.24,-1043.57,-0.53
4467,43.58,0.74,0.08,-1013.2,-0.07
4468,26.51,0.66,0.07,-573.33,0.1
4469,36.29,0.75,0.09,-1011.08,-0.12
4470,52.36,0.73,0.14,-1026.55,-0.2
4471,27.24,0.56,0.22,-1018.88,-0.02
4472,40.79,0.74,0.23,-1028.43,-0.16
4473,54.93,0.8,0.11,-1021.61,-0.01
4474,43.6,0.83,0.12,-1017.04,-0.1
4475,64.68,0.75,0.14,-1034.7,-0.41
4476,41.07,0.7,0.16,-1023.25,-0.23
4477,52.03,0.71,0.06,-1013.67,-0.1
4478,38.23,0.58,0.13,-1021.02,-0.13
4479,61.98,0.64,0.25,-1054.64,-0.56
4480,25.02,0.24,0.1,-1017.86,-0.18
4481,22.97,0.58,0.16,-1009.81,-0.02
4482,26.45,0.56,0.09,-1007.37,-0.02
4483,54.1,0.48,0.24,-1054.18,-0.46
4484,45.61,0.44,0.18,-1038.98,-0.27
4485,29.01,0.79,0.15,-1011.29,-0.12
4486,44.72,0.52,0.18,-1034.65,-0.31
4487,39.23,0.65,0.26,-1032.22,-0.14
4488,52.72,0.67,0.18,-1035.92,-0.33
4490,40.97,0.6,0.3,-1038.46,-0.09
4491,36.54,0.93,0.23,-1020.69,-0.04
4492,31.47,0.61,0.19,-1020.93,-0.04
4493,23.34,0.61,0.26,-1016.27,-0.03
4494,47.04,0.78,0.26,-1035.83,-0.2
4495,28.94,0.54,0.19,-1019.44,-0.1
4496,32.43,0.85,0.19,-1016.18,-0.12
4497,44.39,0.68,0.3,-1039.04,-0.22
4498,34.42,0.63,0.19,-1022.37,-0.23
4499,33.66,0.7,0.25,-1024.77,-0.05
4500,40.23,0.77,0.13,-1017.39,-0.13
4502,39.52,0.72,0.13,-1018.42,-0.2
4503,23.22,0.89,0.18,-1006.88,-0.01
4504,26.06,0.55,0.2,-1017.24,-0.01
4506,27.23,0.67,0.24,-1018.33,-0.05
4507,36.51,0.85,0.13,-1014.4,-0.06
4508,38.14,0.56,0.24,-1032.22,-0.03
4509,32.04,0.64,0.11,-1013.02,-0.09
4510,47.64,0.67,0.14,-1026.94,-0.24
4511,56.01,0.99,0.12,-1019.83,-0.16
4512,24.26,0.83,0.31,-1015.58,-0.12
4513,38.43,0.87,0.17,-1018.67,-0.21
4514,57.79,0.54,0.13,-1038.45,-0.2
4515,30.5,0.69,0.23,-1020.64,-0.08
4516,39.33,0.64,0.27,-1033.34,-0.17
4517,37.9,0.8,0.11,-1013.48,-0.04
4518,23.43,0.63,0.16,-1010.34,-0.01
4520,18.97,0.66,0.33,-1011.47,-0.05
4521,23.19,0.86,0.16,-1006.19,-0.03
4522,22.18,0.57,0.17,-1011.17,-0.07
4523,29.82,0.29,0.23,-1033.51,-0.16
4524,58.99,0.35,0.08,-1054.45,-0.44
4526,50.4,0.82,0.33,-1043.21,-0.53
4527,23.07,1.02,0.18,-1005.21,-0.02
4528,51.53,0.59,0.22,-1043.08,-0.28
4529,24.18,0.53,0.2,-1015.65,-0.13
4530,22.34,0.72,0.22,-1011.09,-0.09
4531,44.3,0.93,0.2,-1023.95,-0.19
4532,60.97,0.56,0.27,-1061.67,-0.4
4533,41.72,0.7,0.18,-1026.21,-0.22
4534,38.34,0.95,0.16,-1017.03,-0.1
4536,58.24,0.64,0.22,-1047.64,-0.06
4537,25.05,0.84,0.25,-1013.63,-0.05
4538,49.06,0.73,0.2,-1033.26,-0.29
4539,29.12,0.79,0.13,-1010.22,-0.06
4540,46.18,0.87,0.27,-1033.69,-0.38
4541,39.85,0.76,0.26,-1029.87,-0.33
4542,47.82,0.7,0.23,-1036.0,-0.01
4543,39.93,0.85,0.21,-1023.79,-0.12
4544,27.04,0.59,0.13,-1012.6,-0.14
4545,27.84,0.54,0.31,-1025.87,-0.19
4546,43.27,0.48,0.11,-1025.78,-0.09
4547,24.4,0.83,0.24,-1012.71,-0.04
4548,37.2,0.81,0.2,-1021.96,-0.27
4549,46.23,0.71,0.21,-1032.17,-0.28
4550,60.03,0.59,0.14,-1039.28,-0.41
4551,39.27,0.76,0.24,-1028.18,-0.08
4552,38.82,0.59,0.26,-1034.14,-0.12
4553,52.0,0.25,0.01,-1039.3,-0.18
4554,41.75,0.95,0.19,-1021.68,-0.26
4555,46.7,0.87,0.14,-1020.79,-0.09
4556,58.9,0.45,0.17,-1056.47,-0.37
4557,47.58,0.75,0.06,-1011.32,-0.05
4558,23.99,0.57,0.13,-1009.81,-0.09
4559,43.36,0.71,0.28,-1036.01,-0.14
4560,21.43,0.55,0.15,-1008.99,-0.06
4561,52.3,0.69,0.18,-1033.98,-0.17
4562,29.72,0.92,0.16,-1011.53,-0.03
4563,20.67,0.87,0.15,-1003.19,-0.02
4564,34.5,0.8,0.24,-1023.15,-0.22
4565,56.78,0.6,0.31,-1057.35,-0.54
4566,43.6,0.62,0.24,-1036.19,-0.16
4568,31.13,0.59,0.25,-1025.05,-0.07
4569,39.53,0.47,0.22,-1035.7,-0.14
4570,40.37,0.47,0.16,-1030.93,-0.31
4571,45.99,0.7,0.24,-1035.86,-0.27
4572,54.84,0.54,0.27,-1054.54,-0.33
4573,37.07,0.78,0.24,-1025.68,-0.32
4574,43.09,0.84,0.28,-1032.23,-0.12
4575,50.16,0.62,0.19,-1036.6,-0.27
4576,39.15,0.79,0.2,-1023.54,-0.15
4577,48.61,0.68,0.16,-1030.19,-0.06
4578,43.19,0.78,0.16,-1023.64,-0.07
4579,30.93,0.77,0.23,-1019.83,-0.15
4581,30.95,0.59,0.08,-1010.07,-0.06
4582,47.4,0.79,0.12,-1019.7,-0.07
4583,44.8,0.78,0.31,-1037.46,-0.24
4584,15.79,0.31,0.14,-1006.52,-0.03
4585,37.75,0.45,0.11,-1022.59,-0.02
4587,47.34,1.0,0.24,-1028.97,-0.3
4588,36.97,0.7,0.24,-1027.6,-0.3
4589,58.02,0.85,0.18,-1033.04,-0.04
4590,31.73,1.04,0.31,-1020.33,-0.16
4591,34.92,0.57,0.16,-1022.14,-0.25
4592,43.96,0.87,0.08,-1011.61,-0.04
4593,39.59,0.49,0.19,-1032.93,-0.28
4594,45.54,0.4,0.17,-1041.16,-0.13
4595,30.02,0.79,0.18,-1015.26,-0.17
4596,32.98,0.72,0.34,-1029.33,-0.16
4597,34.34,0.81,0.23,-1022.02,-0.26
4598,30.09,0.77,0.21,-1018.58,-0.01
4599,31.89,0.72,0.2,-1019.68,-0.22
4600,26.92,0.79,0.14,-1009.92,-0.05
4601,35.1,0.73,0.17,-1019.54,-0.23
4602,32.21,0.75,0.22,-1020.78,-0.09
4603,41.6,0.79,0.15,-1021.3,-0.08
4604,36.14,0.69,0.16,-1020.29,-0.04
4605,47.53,0.79,0.14,-1023.02,-0.16
4606,67.02,0.88,0.12,-1027.16,-0.09
4607,66.83,0.58,0.18,-1057.81,-0.51
4608,59.5,0.45,0.11,-1045.65,-0.31
4609,23.35,0.66,0.26,-1016.57,-0.07
4610,47.95,0.76,0.19,-1030.88,-0.18
4611,38.36,0.76,0.23,-1026.62,-0.3
4612,51.38,0.91,0.24,-1034.22,-0.26
4613,44.84,0.57,0.22,-1037.97,-0.23
4614,39.37,0.85,0.19,-1022.28,-0.08
4615,55.64,0.74,0.08,-1018.29,-0.03
4616,46.79,0.58,0.14,-1029.22,-0.2
4617,27.3,0.65,0.27,-1021.26,-0.1
4618,47.71,0.79,0.31,-1040.13,-0.27
4619,29.65,0.74,0.33,-1024.93,-0.13
4620,54.29,0.84,0.09,-1017.39,-0.19
4621,35.63,0.75,0.26,-1026.61,-0.01
4622,20.52,0.77,0.21,-1009.09,-0.11
4623,47.72,0.6,0.14,-1029.75,-0.31
4624,42.29,0.67,0.23,-1032.39,-0.19
4625,31.39,0.73,0.29,-1025.29,-0.15
4626,47.01,0.36,0.25,-1054.24,-0.17
4627,51.93,0.54,0.23,-1047.1,-0.35
4628,53.16,0.73,0.26,-1043.69,-0.37
4629,23.31,0.72,0.25,-1014.99,-0.12
4630,50.54,0.7,0.24,-1040.2,-0.13
4631,49.53,0.96,0.24,-1031.38,-0.37
4632,35.76,0.82,0.41,-1033.6,-0.11
4633,34.76,0.57,0.27,-1031.79,-0.31
4634,38.25,0.51,0.15,-1026.24,-0.02
4635,52.01,0.82,0.16,-1027.99,-0.21
4636,22.44,0.94,0.27,-1012.38,-0.07
4637,45.64,0.74,0.08,-1014.88,-0.08
4638,30.65,0.64,0.24,-1023.84,-0.17
4639,33.07,0.63,0.17,-1020.55,-0.22
4640,34.23,0.71,0.21,-1023.2,-0.03
4641,42.31,0.76,0.17,-1024.92,-0.03
4642,25.49,0.81,0.25,-1015.94,-0.06
4643,51.37,0.56,0.16,-1036.81,-0.43
4644,49.45,0.82,0.26,-1036.93,-0.07
4645,45.33,0.71,0.25,-1036.04,-0.23
4647,35.37,0.54,0.29,-1034.59,-0.13
4648,48.07,0.81,0.25,-1035.77,-0.44
4649,27.61,0.49,0.09,-1011.61,-0.14
4650,30.34,0.55,0.15,-1018.6,-0.07
4651,38.84,0.78,0.17,-1021.62,-0.24
4652,38.56,0.95,0.17,-1018.41,-0.04
4653,29.54,0.83,0.12,-1010.26,-0.06
4654,32.24,0.67,0.14,-1016.91,-0.11
4655,44.74,0.38,0.22,-1046.6,-0.14
4656,20.99,0.97,0.21,-1007.76,-0.08
4657,43.38,0.62,0.34,-1043.5,-0.36
4658,56.51,0.78,0.15,-1030.11,-0.11
4659,51.67,0.77,0.13,-1025.5,-0.1
4660,51.85,0.71,0.29,-1045.53,-0.0
4661,40.79,0.77,0.12,-1017.1,-0.16
4662,53.75,0.65,0.2,-1039.89,-0.42
4663,35.52,0.68,0.21,-1025.19,-0.15
4664,28.09,0.7,0.22,-1018.99,-0.18
4665,52.95,0.75,0.18,-1033.82,-0.04
4666,31.33,0.86,0.1,-1009.32,-0.1
4667,42.36,0.73,0.2,-1028.12,-0.01
4668,48.81,0.65,0.27,-1043.11,-0.01
4669,33.37,0.51,0.18,-1025.42,-0.1
4670,27.32,0.7,0.21,-1017.67,-0.07
4671,22.47,0.65,0.16,-1010.72,-0.11
4672,37.3,0.69,0.07,-1010.02,-0.12
4673,29.42,0.61,0.22,-1022.1,-0.15
4674,24.03,0.6,0.12,-1010.34,-0.07
4675,30.47,0.8,0.26,-1021.59,-0.16
4676,36.79,0.9,0.23,-1022.61,-0.04
4677,35.07,0.75,0.24,-1024.96,-0.12
4678,34.06,0.54,0.22,-1028.24,-0.17
4679,29.98,0.94,0.2,-1015.64,-0.1
4680,35.73,0.69,0.16,-1020.54,-0.17
4681,30.71,0.79,0.19,-1017.24,-0.18
4682,34.33,0.74,0.14,-1017.11,-0.12
4683,51.06,0.67,0.17,-1033.28,-0.07
4684,50.5,0.67,0.25,-1042.43,-0.05
4685,44.84,0.7,0.37,-1044.88,-0.13
4686,38.52,0.85,0.13,-1015.85,-0.18
4687,25.8,0.74,0.25,-1017.72,-0.2
4688,26.59,0.75,0.13,-1010.36,-0.1
4689,28.62,0.92,0.25,-1017.36,-0.12
4690,39.8,0.6,0.19,-1029.09,-0.17
4691,43.92,0.63,0.29,-1040.67,-0.38
4692,27.36,0.73,0.27,-1020.67,-0.18
4693,41.86,0.69,0.14,-1022.43,-0.01
4694,40.97,0.56,0.18,-1031.1,-0.04
4695,25.9,0.62,0.16,-1015.04,-0.06
4696,62.22,0.52,0.2,-1058.4,-0.07
4697,42.49,0.62,0.18,-1029.42,-0.18
4698,37.68,0.78,0.27,-1028.91,-0.01
4699,47.04,0.72,0.22,-1034.14,-0.24
4700,58.84,0.81,0.29,-1048.55,-0.4
4701,49.53,0.79,0.21,-1033.24,-0.32
4702,46.6,1.08,0.22,-1025.54,-0.13
4703,31.43,0.84,0.24,-1020.66,-0.07
4704,33.94,0.7,0.25,-1026.46,-0.25
4705,51.77,0.31,0.15,-1057.53,-0.37
4706,31.33,0.51,0.23,-1027.49,-0.26
4707,50.33,0.5,0.22,-1046.5,-0.23
4708,38.43,0.83,0.17,-1020.52,-0.23
4709,37.99,0.72,0.22,-1027.52,-0.02
4710,55.08,0.63,0.17,-1038.38,-0.25
4711,29.1,0.47,0.19,-1023.58,-0.26
4712,32.92,0.66,0.13,-1016.5,-0.06
4713,25.93,0.77,0.12,-1009.45,-0.06
4714,47.71,0.8,0.18,-1028.54,-0.14
4715,43.66,0.8,0.31,-1036.77,-0.03
4716,45.49,0.7,0.19,-1030.53,-0.05
4717,50.14,0.5,0.15,-1037.42,-0.21
4718,44.34,0.6,0.24,-1038.64,-0.43
4719,24.01,0.5,0.09,-1009.43,-0.07
4720,33.85,0.59,0.14,-1019.72,-0.14
4721,39.16,0.86,0.21,-1024.16,-0.2
4722,33.5,0.94,0.16,-1014.86,-0.09
4723,29.46,0.37,0.23,-1030.76,-0.21
4724,25.54,0.7,0.17,-1014.12,-0.0
4725,41.6,1.03,0.23,-1024.21,-0.21
4726,49.57,0.73,0.17,-1030.03,-0.08
4727,54.31,0.72,0.22,-1040.51,-0.43
4728,42.49,0.74,0.26,-1033.26,-0.07
4729,41.22,0.71,0.21,-1029.38,-0.04
4730,28.56,0.78,0.23,-1019.08,-0.11
4731,36.95,0.71,0.11,-1015.69,-0.15
4732,30.33,0.77,0.25,-1021.79,-0.17
4733,37.38,0.71,0.28,-1031.65,-0.13
4734,31.9,0.73,0.11,-1013.22,-0.13
4735,37.34,0.52,0.29,-1037.74,-0.39
4736,45.39,0.7,0.28,-1039.55,-0.49
4737,40.23,0.52,0.06,-1014.81,-0.1
4738,42.44,0.54,0.22,-1037.24,-0.4
4739,33.94,0.6,0.22,-1027.18,-0.05
4740,27.7,0.86,0.18,-1014.08,-0.05
4741,28.16,0.84,0.19,-1015.16,-0.04
4742,34.41,0.65,0.27,-1029.94,-0.25
4743,32.15,0.81,0.15,-1015.53,-0.02
4744,46.6,0.54,0.24,-1043.35,-0.5
4745,31.47,0.54,0.25,-1028.25,-0.13
4746,19.26,0.48,0.18,-1013.47,-0.05
4747,45.02,0.83,0.25,-1032.52,-0.32
4748,35.37,0.6,0.2,-1026.42,-0.08
4749,31.25,0.92,0.22,-1018.16,-0.1
4750,37.73,0.69,0.17,-1023.32,-0.03
4751,36.34,0.47,0.27,-1037.14,-0.03
4752,30.39,0.61,0.16,-1019.22,-0.14
4753,64.67,0.67,0.29,-1061.58,-0.59
4754,45.4,0.66,0.13,-1024.81,-0.25
4755,33.57,0.76,0.26,-1025.85,-0.15
4756,26.1,0.78,0.22,-1016.37,-0.01
4757,35.36,0.69,0.18,-1022.97,-0.08
4758,40.1,0.41,0.18,-1036.15,-0.13
4759,47.66,0.64,0.31,-1045.82,-0.46
4760,25.29,0.77,0.15,-1011.88,-0.14
4761,12.59,0.58,0.26,-1005.91,-0.03
4762,63.73,0.71,0.19,-1044.56,-0.14
4763,27.9,0.84,0.13,-1010.83,-0.0
4764,26.12,0.57,0.23,-1021.45,-0.02
4765,29.24,0.47,0.24,-1027.66,-0.0
4766,39.14,1.12,0.03,-1002.57,-0.01
4767,14.64,0.87,0.29,-1006.65,-0.03
4768,39.33,0.61,0.24,-1033.48,-0.1
4769,43.95,0.81,0.18,-1026.28,-0.07
4770,42.95,0.55,0.21,-1035.59,-0.01
4771,30.88,0.7,0.19,-1020.0,-0.11
4772,40.63,0.58,0.25,-1036.95,-0.25
4773,39.28,0.44,0.13,-1028.19,-0.26
4774,35.57,0.79,0.25,-1026.04,-0.04
4775,45.68,0.94,0.31,-1035.28,-0.3
4776,34.16,0.54,0.17,-1024.98,-0.19
4777,29.78,0.7,0.17,-1017.63,-0.02
4778,48.88,0.91,0.2,-1029.23,-0.16
4779,47.22,0.48,0.22,-1045.28,-0.46
4780,41.52,0.73,0.09,-1014.76,-0.18
4781,27.47,0.85,0.16,-1013.12,-0.01
4782,17.6,0.65,0.11,-1005.32,-0.02
4783,38.35,0.74,0.25,-1029.95,-0.13
4784,57.11,0.72,0.21,-1040.97,-0.34
4785,43.95,0.95,0.11,-1015.46,-0.03
4786,49.14,0.63,0.24,-1041.96,-0.44
4787,40.96,0.65,0.08,-1014.87,-0.06
4788,54.9,0.71,0.23,-1042.34,-0.22
4789,46.11,0.52,0.13,-1029.27,-0.05
4790,54.92,0.78,0.18,-1034.05,-0.29
4791,42.45,0.62,0.31,-1041.46,-0.39
4792,26.39,0.53,0.21,-1021.4,-0.12
4793,33.96,0.67,0.12,-1016.35,-0.05
4794,54.93,0.78,0.16,-1030.98,-0.13
4795,47.16,0.81,0.21,-1031.38,-0.08
4796,38.4,0.56,0.24,-1034.04,-0.12
4797,34.26,0.61,0.19,-1025.52,-0.28
4798,55.81,0.75,0.15,-1030.66,-0.25
4799,47.54,0.85,0.22,-1031.12,-0.09
4800,39.34,0.41,0.27,-1043.53,-0.35
4802,18.69,0.86,0.16,-1007.31,-0.04
4803,35.25,0.86,0.23,-1023.5,-0.02
4804,53.51,0.79,0.09,-1018.59,-0.08
4805,21.85,0.94,0.33,-1015.91,-0.11
4806,51.12,1.11,0.11,-1016.49,-0.13
4807,31.47,0.53,0.15,-1021.23,-0.23
4808,38.89,0.52,0.15,-1027.58,-0.14
4809,46.02,0.69,0.1,-1019.59,-0.16
4810,48.96,0.77,0.18,-1030.51,-0.33
4811,43.27,0.52,0.17,-1033.1,-0.35
4812,32.28,0.76,0.09,-1011.44,-0.03
4813,42.0,0.72,0.14,-1022.94,-0.26
4814,35.34,0.74,0.3,-1030.32,-0.2
4815,20.19,0.72,0.23,-1013.19,-0.06
4816,37.83,0.84,0.27,-1028.75,-0.11
4817,29.25,0.98,0.08,-1006.86,-0.02
4818,52.4,0.95,0.24,-1034.91,-0.31
4819,38.66,0.69,0.18,-1025.6,-0.23
4820,39.72,0.33,0.17,-1039.92,-0.06
4821,47.24,0.81,0.23,-1033.63,-0.14
4822,51.52,0.51,0.21,-1046.93,-0.08
4823,39.87,0.94,0.16,-1018.89,-0.16
4824,27.29,0.74,0.17,-1015.68,-0.12
4825,33.19,0.74,0.16,-1018.81,-0.19
4826,53.8,0.95,0.19,-1030.55,-0.09
4827,39.91,0.95,0.18,-1021.07,-0.02
4828,41.52,0.9,0.13,-1017.83,-0.17
4829,43.13,0.76,0.25,-1033.2,-0.39
4830,47.89,0.9,0.17,-1025.83,-0.16
4831,51.6,0.62,0.23,-1043.65,-0.13
4832,36.2,0.59,0.14,-1022.32,-0.2
4833,30.74,0.57,0.33,-1031.93,-0.39
4834,51.34,0.54,0.06,-1018.19,-0.04
4835,44.14,0.67,0.23,-1034.68,-0.15
4836,51.41,0.94,0.23,-1032.95,-0.16
4837,51.66,0.72,0.15,-1029.3,-0.1
4838,45.71,0.71,0.29,-1040.59,-0.29
4839,31.84,0.65,0.21,-1024.04,-0.05
4840,28.15,0.65,0.27,-1024.2,-0.07
4841,57.83,0.76,0.29,-1049.55,-0.47
4842,38.24,0.74,0.21,-1027.2,-0.23
4843,40.31,0.75,0.22,-1028.59,-0.15
4844,35.62,0.88,0.13,-1015.06,-0.1
4845,42.93,0.8,0.26,-1033.31,-0.28
4846,42.66,0.78,0.21,-1029.26,-0.28
4847,27.81,0.51,0.35,-1030.93,-0.23
4848,45.87,0.74,0.26,-1037.12,-0.03
4849,55.35,1.03,0.22,-1032.36,-0.16
4850,41.15,0.74,0.25,-1032.22,-0.19
4851,45.26,0.73,0.21,-1032.33,-0.35
4852,32.79,0.49,0.18,-1026.61,-0.17
4853,48.9,0.54,0.16,-1036.41,-0.17
4854,54.69,0.75,0.17,-1034.26,-0.37
4855,31.15,0.52,0.22,-1027.44,-0.31
4856,27.93,0.9,0.22,-1017.21,-0.07
4857,29.21,0.84,0.12,-1011.6,-0.14
4858,47.26,0.73,0.16,-1028.74,-0.07
4859,31.58,0.81,0.34,-1027.77,-0.26
4860,34.06,0.52,0.18,-1027.24,-0.14
4861,31.28,0.81,0.26,-1023.19,-0.25
4862,43.78,0.6,0.13,-1025.57,-0.24
4863,33.12,0.96,0.2,-1018.49,-0.0
4864,31.62,0.47,0.17,-1025.43,-0.09
4865,26.48,0.88,0.17,-1013.87,-0.0
4866,25.59,0.55,0.22,-1021.58,-0.1
4867,22.79,0.74,0.23,-1016.07,-0.01
4868,24.78,0.82,0.17,-1013.12,-0.16
4869,44.73,0.5,0.27,-1045.73,-0.3
4870,53.23,0.7,0.15,-1031.98,-0.11
4871,35.6,0.84,0.21,-1023.4,-0.29
4872,36.2,0.86,0.19,-1021.61,-0.2
4873,31.4,0.58,0.22,-1026.64,-0.0
4874,34.79,0.61,0.23,-1029.5,-0.18
4875,25.37,0.55,0.07,-1008.69,-0.05
4876,36.88,0.59,0.15,-1023.79,-0.12
4877,47.95,0.97,0.3,-1036.43,-0.35
4878,37.32,0.66,0.31,-1035.24,-0.07
4879,31.05,0.77,0.16,-1017.12,-0.18
4880,55.41,0.64,0.08,-1022.7,-0.19
4881,37.13,0.73,0.28,-1031.69,-0.06
4882,39.07,0.88,0.32,-1032.17,-0.35
4883,35.72,0.86,0.15,-1017.29,-0.17
4884,20.08,0.52,0.31,-1020.2,-0.08
4885,42.25,0.82,0.18,-1025.39,-0.11
4886,24.11,0.37,0.14,-1019.63,-0.08
4887,43.39,0.65,0.13,-1023.77,-0.28
4888,13.85,0.62,0.23,-1009.67,-0.0
4889,45.23,0.64,0.21,-1035.74,-0.32
4890,30.02,0.87,0.13,-1013.28,-0.05
4891,41.63,0.93,0.19,-1023.8,-0.21
4892,44.29,0.65,0.23,-1035.95,-0.34
4893,48.53,0.54,0.18,-1038.66,-0.18
4894,21.09,0.65,0.18,-1013.67,-0.14
4895,36.5,0.48,0.12,-1023.07,-0.25
4896,22.4,0.81,0.23,-1015.23,-0.08
4897,46.23,0.72,0.22,-1034.9,-0.07
4898,51.26,0.61,0.2,-1040.68,-0.03
4899,41.1,0.68,0.19,-1028.65,-0.01
4900,38.53,0.83,0.25,-1028.5,-0.14
4901,52.38,1.0,0.19,-1028.73,-0.07
4902,33.52,0.72,0.31,-1030.45,-0.21
4903,44.33,0.58,0.14,-1027.88,-0.11
4904,39.13,1.05,0.14,-1016.09,-0.12
4905,36.79,0.53,0.07,-1014.99,-0.18
4906,43.61,0.28,0.24,-1056.34,-0.54
4907,40.4,0.59,0.21,-1033.43,-0.07
4908,28.2,0.32,0.1,-1020.9,-0.06
4909,36.84,0.85,0.24,-1025.85,-0.16
4910,31.82,0.6,0.21,-1025.51,-0.29
4911,49.41,0.63,0.2,-1037.66,-0.41
4912,36.79,1.24,0.2,-1017.39,-0.11
4913,36.75,0.84,0.13,-1016.9,-0.05
4914,45.34,0.42,0.14,-1036.84,-0.31
4915,55.88,0.72,0.21,-1040.76,-0.39
4916,53.13,0.76,0.09,-1020.2,-0.15
4917,53.23,0.9,0.19,-1031.34,-0.31
4918,53.18,0.97,0.23,-1034.17,-0.21
4919,32.68,0.68,0.21,-1024.33,-0.28
4920,33.68,0.42,0.11,-1022.51,-0.01
4921,45.49,0.79,0.22,-1032.42,-0.14
4922,42.87,0.95,0.23,-1027.22,-0.25
4923,29.24,0.78,0.19,-1018.78,-0.0
4924,41.09,0.68,0.1,-1018.97,-0.0
4925,41.89,0.72,0.13,-1021.83,-0.12
4926,24.08,0.83,0.25,-1017.62,-0.17
4927,23.13,0.91,0.24,-1015.18,-0.03
4928,37.88,0.56,0.19,-1030.03,-0.12
4929,35.19,0.55,0.26,-1033.64,-0.08
4930,52.82,0.7,0.17,-1034.83,-0.31
4931,56.04,0.71,0.22,-1043.16,-0.1
4932,23.89,0.79,0.08,-1007.62,-0.06
4933,60.87,0.96,0.26,-1042.41,-0.05
4934,39.32,0.68,0.06,-1011.33,-0.08
4935,41.67,0.49,0.33,-1047.63,-0.47
4936,30.68,0.54,0.27,-1030.26,-0.27
4937,61.04,0.53,0.09,-1034.89,-0.22
4938,44.11,0.79,0.15,-1023.72,-0.06
4939,26.9,0.58,0.12,-1014.98,-0.05
4940,47.65,0.65,0.2,-1036.09,-0.19
4941,41.31,0.7,0.28,-1036.23,-0.03
4942,32.29,0.3,0.15,-1032.28,-0.06
4944,25.46,0.71,0.14,-1013.99,-0.03
4945,49.24,0.84,0.15,-1025.85,-0.12
4946,49.48,0.54,0.17,-1038.19,-0.18
4947,45.15,0.51,0.2,-1039.55,-0.14
4948,47.17,0.53,0.2,-1040.93,-0.22
4949,52.12,0.68,0.16,-1032.85,-0.22
4950,29.89,0.69,0.27,-1026.16,-0.06
4951,50.41,1.03,0.21,-1029.11,-0.21
4952,36.23,0.57,0.17,-1027.19,-0.09
4953,41.28,0.52,0.17,-1032.86,-0.41
4954,18.41,0.61,0.21,-1014.32,-0.0
4955,28.23,0.88,0.2,-1017.02,-0.2
4956,40.5,0.83,0.17,-1023.27,-0.08
4957,21.42,0.68,0.19,-1014.8,-0.06
4958,30.96,0.73,0.16,-1018.65,-0.05
4959,22.76,0.62,0.16,-1015.1,-0.06
4960,25.35,0.6,0.2,-1019.75,-0.21
4961,29.39,0.69,0.31,-1027.43,-0.1
4962,33.99,0.84,0.17,-1019.64,-0.04
4963,44.64,0.57,0.19,-1035.85,-0.13
4964,49.7,0.92,0.12,-1020.41,-0.08
4965,36.63,0.58,0.22,-1031.33,-0.16
4966,52.86,0.76,0.16,-1030.71,-0.02
4967,50.52,0.77,0.16,-1028.89,-0.19
4968,25.87,0.53,0.17,-1020.34,-0.16
4969,44.86,0.74,0.18,-1029.2,-0.22
4970,67.88,0.75,0.18,-1046.37,-0.34
4971,39.7,0.68,0.27,-1035.1,-0.24
4972,46.36,0.69,0.21,-1035.09,-0.01
4973,29.66,0.34,0.27,-1036.32,-0.15
4974,39.22,0.96,0.24,-1026.11,-0.26
4975,25.52,0.78,0.22,-1018.45,-0.13
4976,40.44,0.71,0.24,-1032.78,-0.38
4977,33.66,0.67,0.18,-1023.51,-0.04
4978,31.95,0.76,0.08,-1010.82,-0.08
4979,37.29,0.52,0.18,-1030.61,-0.21
4980,54.96,0.75,0.12,-1025.96,-0.13
4981,40.52,0.57,0.21,-1033.8,-0.04
4982,25.46,0.91,0.21,-1015.87,-0.1
4983,42.75,0.74,0.18,-1027.96,-0.12
4984,36.91,0.6,0.23,-1032.05,-0.03
4985,39.43,0.56,0.18,-1030.31,-0.1
4986,38.49,0.69,0.27,-1033.96,-0.22
4987,27.48,0.91,0.19,-1016.25,-0.15
4988,34.81,0.56,0.18,-1027.65,-0.18
4989,29.7,0.66,0.17,-1020.3,-0.05
4990,15.91,0.81,0.29,-1013.21,-0.01
4991,20.04,0.63,0.17,-1014.17,-0.12
4992,42.52,0.65,0.17,-1028.59,-0.19
4993,54.61,0.81,0.24,-1040.92,-0.42
4994,42.34,0.62,0.19,-1031.92,-0.3
4995,74.04,0.81,0.1,-1031.33,-0.28
4996,51.55,0.85,0.15,-1027.03,-0.17
4997,59.11,0.52,0.2,-1054.67,-0.09
4998,33.48,0.69,0.15,-1020.12,-0.23
4999,40.28,0.68,0.17,-1027.12,-0.24
