Episode,Kick_Speed,friction,Rewards,Stop_Distance
10,56.79,0.7,-1031.04,-4.29
20,68.34,0.7,-1072.02,-10.06
32,56.03,0.7,-529.42,0.23
40,55.61,0.7,-1025.99,-2.42
43,65.71,0.7,-1064.11,-10.58
109,55.48,0.7,-1027.55,-2.68
112,60.4,0.7,-1048.67,-10.12
114,54.75,0.7,-1025.42,-2.46
125,55.51,0.7,-102.47,2.79
190,55.16,0.7,-1023.34,-0.49
211,53.17,0.7,-1021.32,-0.34
257,54.04,0.7,-218.54,1.61
263,60.01,0.7,-1057.77,-10.48
273,57.29,0.7,-1035.66,-7.19
278,63.6,0.7,-1066.72,-10.28
305,73.33,0.7,-1090.87,-10.04
307,68.39,0.7,-1079.63,-10.24
312,56.63,0.7,-1043.66,-10.04
325,59.01,0.7,-1049.28,-10.05
327,57.62,0.7,-1048.3,-10.35
333,57.17,0.7,-1043.99,-10.15
335,54.52,0.7,-1036.37,-8.46
345,64.73,0.7,-1067.06,-10.1
347,54.63,0.7,-1032.06,-6.04
354,58.86,0.7,-1051.48,-10.16
367,65.83,0.7,-1074.7,-10.51
368,55.4,0.7,-1038.98,-10.0
406,50.47,0.7,-25.52,4.95
417,55.31,0.7,-1034.52,-7.02
429,57.68,0.7,-1047.78,-10.31
432,60.28,0.7,-1054.91,-10.26
438,52.0,0.7,-1022.15,-0.28
442,54.85,0.7,-1037.53,-10.08
444,62.46,0.7,-1061.23,-10.05
477,53.76,0.7,-1045.38,-10.24
481,56.14,0.7,-1050.4,-10.26
484,60.47,0.7,-1054.94,-10.06
486,54.15,0.7,-1038.08,-10.07
494,58.27,0.7,-1049.84,-10.19
496,51.25,0.7,-408.71,0.63
506,62.15,0.7,-1066.84,-10.46
509,53.82,0.7,-1035.87,-9.46
512,64.39,0.7,-1070.5,-10.36
520,68.29,0.7,-1083.67,-10.43
530,57.78,0.7,-1045.53,-10.05
535,70.17,0.7,-1082.93,-10.41
538,50.15,0.7,-29.41,4.73
545,58.68,0.7,-1046.77,-10.16
555,60.8,0.7,-1057.1,-10.07
556,52.73,0.7,-1026.29,-2.76
562,50.29,0.7,-180.11,1.91
578,53.25,0.7,-1032.04,-6.89
583,49.66,0.7,-87.69,3.03
584,61.26,0.7,-1060.23,-10.18
585,56.56,0.7,-1044.73,-10.29
590,53.26,0.7,-1033.49,-8.43
591,54.44,0.7,-1043.11,-10.21
593,61.92,0.7,-1063.21,-10.09
601,56.07,0.7,-1043.94,-10.17
602,56.29,0.7,-1041.11,-10.09
612,52.45,0.7,-1029.49,-6.48
619,59.11,0.7,-1058.4,-10.13
620,57.96,0.7,-1056.72,-10.09
626,52.27,0.7,-1025.95,-2.89
633,56.28,0.7,-1046.94,-10.24
634,56.3,0.7,-1047.71,-10.02
635,51.73,0.7,-1029.77,-5.71
641,52.7,0.7,-1039.12,-10.08
645,60.45,0.7,-1067.35,-10.61
650,51.28,0.7,-148.64,2.21
652,50.4,0.7,-1027.12,-2.94
661,57.57,0.7,-1056.9,-10.47
668,49.84,0.7,-1029.9,-5.62
670,53.97,0.7,-1045.29,-10.06
674,52.41,0.7,-1040.82,-10.16
683,51.48,0.7,-1029.05,-5.74
688,48.72,0.7,-1020.04,-0.37
690,56.96,0.7,-1052.24,-10.15
694,60.74,0.7,-1058.24,-10.34
695,66.49,0.7,-1082.42,-10.34
702,59.7,0.7,-1061.19,-10.37
703,53.25,0.7,-1044.9,-10.02
711,56.49,0.7,-1050.1,-10.27
713,54.51,0.7,-1040.13,-10.16
714,54.96,0.7,-1043.53,-10.25
721,52.89,0.7,-1039.81,-10.23
724,52.88,0.7,-1042.17,-10.27
725,64.53,0.7,-1079.05,-10.05
736,55.16,0.7,-1043.0,-10.31
745,52.19,0.7,-1037.73,-10.04
746,50.22,0.7,-1022.38,-1.09
747,51.83,0.7,-1032.68,-9.01
754,54.82,0.7,-1047.25,-10.0
757,54.1,0.7,-1044.38,-10.15
758,54.29,0.7,-1042.44,-10.18
764,49.4,0.7,-1022.63,-1.07
767,48.96,0.7,-519.58,0.26
770,53.87,0.7,-1038.51,-10.05
776,58.36,0.7,-1056.19,-10.18
778,48.84,0.7,-1022.53,-1.59
779,51.52,0.7,-1035.56,-10.06
781,53.84,0.7,-1046.05,-10.01
782,53.27,0.7,-1040.14,-10.14
790,50.86,0.7,-1030.38,-7.4
797,54.72,0.7,-1048.01,-10.39
807,47.92,0.7,-1023.86,-2.04
819,54.67,0.7,-1042.2,-10.15
827,54.75,0.7,-1047.39,-10.19
830,52.12,0.7,-1033.82,-10.03
834,53.63,0.7,-1047.62,-10.24
835,52.0,0.7,-1041.23,-10.18
836,49.89,0.7,-1037.34,-10.13
837,63.7,0.7,-1073.92,-10.32
839,58.24,0.7,-1056.84,-10.15
846,48.42,0.7,-1023.04,-2.05
848,53.8,0.7,-1044.53,-10.21
850,62.14,0.7,-1069.38,-10.01
852,48.43,0.7,-1023.79,-3.7
854,54.75,0.7,-1050.23,-10.42
856,51.75,0.7,-1040.74,-10.29
862,51.88,0.7,-1034.39,-10.02
866,48.16,0.7,-418.74,0.59
868,55.74,0.7,-1054.12,-10.52
871,60.35,0.7,-1066.83,-10.22
872,59.65,0.7,-1066.03,-10.51
879,50.13,0.7,-1030.39,-8.37
880,48.64,0.7,-1029.58,-6.64
906,56.24,0.7,-1055.62,-10.37
908,63.25,0.7,-1071.96,-10.04
910,52.61,0.7,-1041.84,-10.0
914,54.34,0.7,-1046.16,-10.3
917,49.24,0.7,-1023.55,-2.72
920,51.73,0.7,-1042.92,-10.05
923,50.77,0.7,-1034.96,-10.05
925,51.02,0.7,-1042.86,-10.28
954,49.95,0.7,-1033.45,-9.43
959,48.25,0.7,-83.24,3.11
962,50.23,0.7,-1030.25,-6.75
965,48.86,0.7,-1034.88,-10.05
978,48.66,0.7,-581.94,0.08
989,48.86,0.7,-1028.63,-4.89
993,51.14,0.7,-1036.95,-10.09
994,52.43,0.7,-1047.28,-10.01
1000,59.59,0.7,-1064.92,-10.58
1011,51.56,0.7,-1040.51,-10.21
1012,44.97,0.7,-93.86,2.92
1013,63.31,0.7,-1078.73,-10.83
1016,46.43,0.7,-1021.42,-1.67
1026,75.51,0.7,-1108.27,-10.05
1029,51.34,0.7,-1037.59,-10.0
1030,70.27,0.7,-1096.16,-10.42
1031,46.42,0.7,-1027.45,-6.53
1033,51.78,0.7,-1044.38,-10.02
1035,51.45,0.7,-1039.12,-10.21
1038,51.49,0.7,-1049.36,-10.25
1039,53.96,0.7,-1052.26,-10.48
1041,46.63,0.7,-1031.07,-8.06
1042,61.95,0.7,-1078.24,-10.56
1044,47.56,0.7,-1022.02,-2.33
1045,55.76,0.7,-1057.16,-10.4
1054,56.69,0.7,-1065.01,-10.26
1057,50.32,0.7,-1034.4,-10.03
1069,60.02,0.7,-1073.75,-10.69
1073,50.56,0.7,-1043.32,-10.13
1074,61.11,0.7,-1075.15,-10.47
1088,47.9,0.7,-1025.65,-3.25
1091,46.42,0.7,-102.71,2.78
1093,50.57,0.7,-1046.58,-10.28
1096,52.02,0.7,-1045.08,-10.32
1100,46.12,0.7,-1018.98,-0.39
1101,61.0,0.7,-1073.3,-10.54
1104,52.19,0.7,-1047.7,-10.29
1115,52.95,0.7,-1056.13,-10.02
1116,49.86,0.7,-1033.36,-10.02
1120,46.42,0.7,-1023.03,-2.05
1123,53.25,0.7,-1054.64,-10.1
1127,64.16,0.7,-1078.71,-10.88
1129,52.31,0.7,-1047.16,-10.12
1138,47.8,0.7,-1031.54,-10.01
1139,47.06,0.7,-1027.41,-6.69
1144,49.53,0.7,-1040.31,-10.01
1152,47.51,0.7,-1028.31,-6.94
1154,50.03,0.7,-1036.07,-10.0
1159,51.71,0.7,-1047.64,-10.28
1160,59.01,0.7,-1069.7,-10.11
1161,55.54,0.7,-1058.21,-10.12
1162,44.7,0.7,-26.5,4.89
1166,49.73,0.7,-1042.1,-10.07
1170,47.15,0.7,-1030.53,-9.47
1173,49.11,0.7,-1041.49,-10.17
1174,50.32,0.7,-1042.14,-10.08
1176,45.18,0.7,-332.3,0.95
1180,57.07,0.7,-1064.43,-10.34
1182,58.76,0.7,-1072.13,-10.16
1190,50.63,0.7,-1036.78,-10.2
1191,54.16,0.7,-1060.93,-10.29
1195,49.11,0.7,-1036.72,-10.13
1196,49.03,0.7,-1037.05,-10.16
1201,53.86,0.7,-1056.56,-10.2
1207,55.55,0.7,-1058.5,-10.16
1214,47.2,0.7,-1040.28,-10.04
1215,43.17,0.7,-128.1,2.44
1217,46.71,0.7,-1018.62,-0.4
1221,49.6,0.7,-1042.74,-10.17
1222,44.02,0.7,-102.11,2.79
1225,45.26,0.7,-1031.24,-9.65
1229,44.99,0.7,-103.27,2.78
1231,43.07,0.7,-88.56,3.01
1232,50.97,0.7,-1047.45,-10.12
1235,50.42,0.7,-1047.18,-10.36
1240,54.36,0.7,-1060.02,-10.21
1248,61.65,0.7,-1078.9,-10.45
1249,46.59,0.7,-1028.27,-8.13
1250,44.26,0.7,-118.14,2.57
1251,51.98,0.7,-1054.1,-10.46
1258,48.77,0.7,-1041.26,-10.18
1265,46.67,0.7,-1025.43,-4.29
1268,48.0,0.7,-1036.81,-10.13
1271,47.99,0.7,-1037.54,-10.1
1276,44.32,0.7,-33.41,4.53
1277,48.81,0.7,-1039.69,-10.02
1278,43.53,0.7,-1019.0,-0.57
1279,45.05,0.7,-1019.97,-1.3
1280,54.54,0.7,-1058.97,-10.02
1283,60.24,0.7,-1076.15,-10.09
1285,46.22,0.7,-1034.14,-10.1
1291,42.59,0.7,-138.51,2.32
1294,43.91,0.7,-1021.36,-1.86
1295,47.45,0.7,-1039.7,-10.21
1296,43.16,0.7,-1017.21,-0.46
1297,52.44,0.7,-1053.69,-10.37
1298,51.7,0.7,-1052.75,-10.38
1300,48.17,0.7,-1043.01,-10.23
1304,47.64,0.7,-1034.72,-10.19
1307,62.65,0.7,-1076.89,-10.61
1308,54.45,0.7,-1059.84,-10.59
1312,53.35,0.7,-1057.62,-10.34
1314,60.11,0.7,-1075.95,-10.77
1319,55.97,0.7,-1065.72,-10.35
1320,48.99,0.7,-1045.93,-10.03
1323,45.91,0.7,-1032.29,-10.04
1327,51.95,0.7,-1056.11,-10.25
1329,47.93,0.7,-1038.32,-10.21
1336,48.1,0.7,-1043.73,-10.01
1344,43.89,0.7,-1022.69,-4.36
1345,51.84,0.7,-1054.76,-10.33
1359,47.66,0.7,-1042.3,-10.08
1364,44.41,0.7,-1026.64,-7.34
1365,44.04,0.7,-1029.71,-10.04
1366,43.89,0.7,-1022.17,-3.18
1367,58.05,0.7,-1076.27,-10.12
1371,41.4,0.7,-1017.36,-0.01
1372,61.13,0.7,-1081.73,-10.67
1373,52.84,0.7,-1057.1,-10.51
1376,51.78,0.7,-1052.66,-10.08
1377,48.56,0.7,-1040.94,-10.35
1386,54.03,0.7,-1057.47,-10.06
1387,43.85,0.7,-1023.6,-4.57
1391,49.05,0.7,-1049.77,-10.3
1393,54.64,0.7,-1062.11,-10.67
1398,41.97,0.7,-472.71,0.41
1401,47.09,0.7,-1043.74,-10.2
1402,46.34,0.7,-1034.84,-10.1
1405,45.19,0.7,-1035.35,-10.09
1408,48.73,0.7,-1039.84,-10.11
1411,44.97,0.7,-1029.87,-10.08
1412,59.56,0.7,-1078.15,-10.73
1413,52.21,0.7,-1058.07,-10.15
1416,47.58,0.7,-1043.57,-10.34
1418,48.4,0.7,-1047.51,-10.16
1423,43.16,0.7,-52.09,3.84
1431,42.9,0.7,-1023.16,-4.32
1433,51.84,0.7,-1053.46,-10.55
1435,44.84,0.7,-1028.37,-8.19
1436,40.65,0.7,-155.93,2.13
1437,46.66,0.7,-1043.47,-10.17
1441,45.78,0.7,-1037.3,-10.04
1443,50.06,0.7,-1051.92,-10.5
1444,42.01,0.7,-1023.42,-4.35
1445,57.13,0.7,-1071.04,-10.55
1446,45.63,0.7,-1030.63,-10.08
1447,52.29,0.7,-1058.11,-10.4
1448,55.79,0.7,-1067.84,-10.61
1449,69.98,0.7,-1100.56,-10.61
1451,50.97,0.7,-1055.38,-10.05
1456,65.48,0.7,-1089.67,-10.51
1458,59.14,0.7,-1074.41,-10.11
1459,47.41,0.7,-1046.59,-10.18
1460,42.09,0.7,-181.92,1.89
1468,40.84,0.7,-209.5,1.67
1470,50.16,0.7,-1054.85,-10.16
1478,44.74,0.7,-1039.14,-10.21
1479,41.58,0.7,-115.11,2.61
1480,49.76,0.7,-1051.95,-10.24
1484,48.79,0.7,-1048.27,-10.04
1492,41.8,0.7,-150.53,2.19
1493,49.68,0.7,-1052.77,-10.12
1495,41.86,0.7,-1020.63,-3.23
1503,51.64,0.7,-1057.95,-10.44
1513,47.15,0.7,-1046.71,-10.03
1514,61.58,0.7,-1081.02,-10.85
1515,40.64,0.7,-1017.54,-0.82
1516,42.84,0.7,-1034.44,-10.18
1518,46.09,0.7,-1040.11,-10.15
1519,43.56,0.7,-1031.18,-10.02
1520,71.42,0.7,-1105.77,-11.22
1521,53.63,0.7,-1065.55,-10.74
1522,46.85,0.7,-1045.1,-10.08
1523,55.25,0.7,-1068.89,-10.58
1526,52.66,0.7,-1065.2,-10.72
1527,49.01,0.7,-1048.4,-10.08
1528,47.09,0.7,-1043.49,-10.3
1532,49.01,0.7,-1047.91,-10.47
1533,56.75,0.7,-1072.26,-10.12
1535,41.45,0.7,-1026.48,-9.36
1537,42.45,0.7,-1026.99,-9.31
1538,41.15,0.7,-291.93,1.16
1540,40.12,0.7,-63.47,3.53
1542,42.81,0.7,-1027.5,-7.53
1544,46.72,0.7,-1044.15,-10.41
1546,60.89,0.7,-1085.06,-10.45
1548,55.24,0.7,-1069.09,-10.22
1550,50.15,0.7,-1055.81,-10.55
1551,53.96,0.7,-1065.11,-10.03
1552,41.24,0.7,-203.9,1.72
1554,43.45,0.7,-1034.53,-10.17
1557,46.98,0.7,-1043.42,-10.29
1562,39.66,0.7,-359.65,0.83
1567,50.13,0.7,-1052.58,-10.04
1570,56.46,0.7,-1071.87,-10.69
1573,38.78,0.7,-259.99,1.34
1577,47.0,0.7,-1040.95,-10.16
1579,57.66,0.7,-1076.22,-10.66
1580,45.85,0.7,-1038.51,-10.03
1582,38.94,0.7,-255.18,1.37
1585,42.23,0.7,-1030.23,-10.07
1586,48.73,0.7,-1054.11,-10.29
1588,54.7,0.7,-1069.01,-10.37
1590,50.0,0.7,-1056.02,-10.47
1591,58.71,0.7,-1076.6,-10.77
1593,47.08,0.7,-1046.62,-10.13
1598,41.21,0.7,-1022.68,-5.91
1603,41.68,0.7,-1033.33,-10.05
1604,61.13,0.7,-1082.89,-10.17
1605,44.74,0.7,-1041.1,-10.28
1607,54.38,0.7,-1068.28,-10.47
1608,40.9,0.7,-1024.93,-7.31
1612,51.04,0.7,-1058.58,-10.52
1616,50.64,0.7,-1056.13,-10.09
1618,40.31,0.7,-1019.04,-1.78
1620,65.14,0.7,-1094.32,-10.86
1621,43.92,0.7,-1036.61,-10.11
1622,67.22,0.7,-1097.04,-10.32
1626,48.08,0.7,-1048.41,-10.31
1627,54.18,0.7,-1070.07,-10.48
1629,40.15,0.7,-1020.19,-2.6
1630,48.9,0.7,-1051.67,-10.18
1633,50.49,0.7,-1058.41,-10.04
1634,41.21,0.7,-1023.17,-6.65
1638,48.45,0.7,-1052.88,-10.37
1643,41.07,0.7,-1028.64,-10.12
1649,41.41,0.7,-1028.21,-10.06
1651,43.19,0.7,-1036.57,-10.23
1653,41.07,0.7,-1029.69,-10.13
1654,60.68,0.7,-1087.09,-10.2
1657,42.49,0.7,-1035.84,-10.22
1658,51.32,0.7,-1063.63,-10.72
1660,45.08,0.7,-1048.78,-10.3
1662,50.7,0.7,-1060.88,-10.29
1664,39.06,0.7,-170.7,1.99
1665,42.14,0.7,-1033.82,-10.03
1666,42.96,0.7,-1032.6,-10.21
1669,44.65,0.7,-1041.84,-10.1
1670,49.54,0.7,-1058.15,-10.54
1671,44.17,0.7,-1040.88,-10.3
1672,52.6,0.7,-1065.15,-10.5
1673,54.8,0.7,-1069.04,-10.36
1674,48.24,0.7,-1052.46,-10.4
1675,48.66,0.7,-1054.57,-10.51
1676,56.7,0.7,-1074.34,-10.62
1677,49.19,0.7,-1054.79,-10.28
1682,46.99,0.7,-1053.81,-10.26
1683,38.91,0.7,-1020.56,-3.32
1684,38.31,0.7,-203.03,1.72
1686,39.7,0.7,-1026.18,-10.02
1687,59.01,0.7,-1080.02,-10.91
1688,53.47,0.7,-1069.5,-10.14
1689,50.07,0.7,-1056.09,-10.27
1690,40.99,0.7,-1027.64,-10.07
1692,44.92,0.7,-1041.78,-10.1
1696,52.84,0.7,-1066.4,-10.4
1698,44.93,0.7,-1043.0,-10.39
1699,37.73,0.7,-1015.18,-0.65
1700,46.78,0.7,-1051.67,-10.46
1702,44.0,0.7,-1043.78,-10.03
1704,44.5,0.7,-1042.54,-10.17
1705,36.94,0.7,-28.46,4.78
1707,48.99,0.7,-1057.29,-10.47
1709,40.05,0.7,-1030.3,-10.16
1710,43.33,0.7,-1040.75,-10.31
1711,39.51,0.7,-1022.78,-6.46
1714,45.14,0.7,-1040.85,-10.29
1716,49.56,0.7,-1059.06,-10.36
1718,42.6,0.7,-1037.62,-10.23
1719,42.79,0.7,-1042.17,-10.43
1721,60.61,0.7,-1085.39,-10.77
1722,37.9,0.7,-1027.68,-10.08
1726,38.49,0.7,-134.09,2.37
1730,45.27,0.7,-1043.9,-10.15
1731,39.01,0.7,-1020.49,-3.82
1732,42.28,0.7,-1036.62,-10.26
1734,41.73,0.7,-1033.3,-10.01
1736,49.74,0.7,-1060.38,-10.1
1741,43.97,0.7,-1043.44,-10.37
1742,43.31,0.7,-1043.73,-10.04
1744,41.76,0.7,-1034.51,-10.21
1745,63.99,0.7,-1092.39,-10.78
1747,37.72,0.7,-50.84,3.88
1748,45.89,0.7,-1047.04,-10.06
1749,43.14,0.7,-1038.91,-10.3
1752,46.14,0.7,-1052.42,-10.11
1754,39.82,0.7,-1026.61,-10.08
1757,51.47,0.7,-1068.67,-10.06
1760,41.23,0.7,-1033.25,-10.19
1763,50.19,0.7,-1064.11,-10.33
1765,42.5,0.7,-1038.07,-10.02
1766,60.52,0.7,-1084.94,-10.44
1767,65.18,0.7,-1099.5,-10.0
1768,42.62,0.7,-1042.01,-10.18
1769,37.49,0.7,-26.46,4.9
1771,57.82,0.7,-1078.24,-10.85
1772,51.44,0.7,-1066.12,-10.12
1773,45.2,0.7,-1043.94,-10.21
1774,36.99,0.7,-58.26,3.67
1775,50.84,0.7,-1062.23,-10.04
1777,40.91,0.7,-1035.54,-10.03
1779,42.2,0.7,-1040.66,-10.22
1780,57.47,0.7,-1079.79,-10.6
1781,38.35,0.7,-230.43,1.52
1782,40.31,0.7,-1033.91,-10.04
1783,42.21,0.7,-1039.59,-10.2
1784,37.75,0.7,-336.79,0.93
1785,41.27,0.7,-1032.84,-10.11
1786,45.33,0.7,-1050.86,-10.26
1787,62.31,0.7,-1090.63,-10.13
1788,40.4,0.7,-1033.74,-10.02
1789,61.93,0.7,-1089.17,-10.62
1792,40.65,0.7,-1034.99,-10.05
1794,41.34,0.7,-1030.6,-10.01
1796,44.97,0.7,-1048.01,-10.44
1797,45.4,0.7,-1047.06,-10.19
1799,37.67,0.7,-1017.53,-2.16
1800,53.89,0.7,-1069.88,-10.08
1803,36.91,0.7,-1016.85,-1.79
1804,39.15,0.7,-1024.64,-8.67
1805,45.95,0.7,-1051.08,-10.47
1806,44.81,0.7,-1044.39,-10.3
1810,38.35,0.7,-1025.84,-9.92
1811,50.47,0.7,-1063.15,-10.15
1815,48.02,0.7,-1055.69,-10.58
1816,51.35,0.7,-1064.01,-10.54
1817,55.08,0.7,-1074.74,-10.39
1818,42.91,0.7,-1045.77,-10.21
1819,42.59,0.7,-1039.62,-10.36
1826,48.94,0.7,-1059.39,-10.22
1827,41.53,0.7,-1040.02,-10.35
1829,41.62,0.7,-1041.07,-10.05
1830,37.82,0.7,-1023.28,-7.37
1831,43.37,0.7,-1044.72,-10.19
1834,38.89,0.7,-1030.56,-10.1
1835,45.38,0.7,-1050.78,-10.5
1838,48.85,0.7,-1058.59,-10.37
1839,40.27,0.7,-1032.54,-10.09
1840,45.01,0.7,-1047.05,-10.38
1842,45.22,0.7,-1049.52,-10.5
1843,47.35,0.7,-1058.88,-10.2
1845,51.63,0.7,-1066.41,-10.64
1846,43.06,0.7,-1044.39,-10.32
1848,53.29,0.7,-1069.95,-10.79
1849,45.52,0.7,-1052.27,-10.33
1851,49.46,0.7,-1061.21,-10.4
1852,45.18,0.7,-1052.2,-10.55
1853,54.82,0.7,-1072.66,-10.59
1855,73.45,0.7,-1115.14,-10.34
1858,43.9,0.7,-1049.33,-10.08
1860,40.48,0.7,-1036.1,-10.03
1861,45.34,0.7,-1045.89,-10.25
1864,45.22,0.7,-1052.38,-10.21
1865,47.38,0.7,-1059.55,-10.21
1867,42.51,0.7,-1047.01,-10.02
1869,42.12,0.7,-1039.54,-10.21
1870,36.48,0.7,-1022.13,-6.11
1877,76.25,0.7,-1121.51,-10.84
1878,43.15,0.7,-1047.37,-10.35
1879,38.0,0.7,-1030.04,-10.08
1880,34.66,0.7,-1014.1,-0.13
1882,40.26,0.7,-1035.86,-10.28
1884,49.64,0.7,-1063.36,-10.41
1888,52.74,0.7,-1071.32,-10.47
1891,47.33,0.7,-1057.43,-10.31
1892,59.74,0.7,-1087.31,-10.49
1893,43.74,0.7,-1045.97,-10.24
1894,55.56,0.7,-1075.17,-10.5
1895,38.69,0.7,-1034.27,-10.13
1896,39.82,0.7,-1036.12,-10.12
1897,35.21,0.7,-53.29,3.81
1898,44.83,0.7,-1047.54,-10.35
1899,37.73,0.7,-1018.78,-3.81
1900,37.93,0.7,-1022.0,-7.72
1904,40.32,0.7,-1038.29,-10.31
1905,38.9,0.7,-1030.23,-10.13
1906,33.68,0.7,-129.31,2.42
1907,51.74,0.7,-1069.54,-10.16
1909,54.66,0.7,-1073.81,-10.81
1912,40.41,0.7,-1035.71,-10.25
1914,41.75,0.7,-1040.54,-10.3
1915,39.41,0.7,-1033.74,-10.13
1916,35.34,0.7,-546.66,0.18
1919,45.39,0.7,-1053.43,-10.54
1921,51.22,0.7,-1066.62,-10.69
1923,37.59,0.7,-1031.5,-10.06
1924,38.91,0.7,-1034.79,-10.04
1928,57.18,0.7,-1083.67,-10.46
1932,61.63,0.7,-1089.89,-10.8
1933,44.72,0.7,-1050.77,-10.55
1934,37.89,0.7,-1032.02,-10.1
1935,37.99,0.7,-1029.27,-10.03
1940,72.63,0.7,-1113.95,-11.0
1941,41.73,0.7,-1044.29,-10.26
1942,40.92,0.7,-1040.76,-10.09
1944,38.8,0.7,-1032.77,-10.23
1945,34.48,0.7,-1015.34,-0.85
1946,34.84,0.7,-475.23,0.4
1947,42.69,0.7,-1045.47,-10.27
1950,56.62,0.7,-1080.63,-10.32
1951,48.78,0.7,-1060.21,-10.08
1954,40.37,0.7,-1035.23,-10.24
1957,51.69,0.7,-1070.29,-10.72
1958,48.53,0.7,-1060.84,-10.04
1960,42.21,0.7,-1044.96,-10.34
1961,38.62,0.7,-1036.41,-10.29
1962,39.11,0.7,-1038.54,-10.23
1963,52.14,0.7,-1072.48,-10.3
1965,37.99,0.7,-1033.16,-10.1
1967,38.29,0.7,-1029.75,-10.12
1968,51.21,0.7,-1069.27,-10.5
1970,56.89,0.7,-1080.37,-10.8
1972,36.74,0.7,-1021.93,-7.29
1976,39.57,0.7,-1036.61,-10.23
1977,38.18,0.7,-1031.39,-10.14
1979,39.13,0.7,-1037.03,-10.21
1980,48.29,0.7,-1063.5,-10.42
1981,41.73,0.7,-1045.99,-10.48
1984,37.88,0.7,-1031.1,-10.03
1986,47.53,0.7,-1059.97,-10.35
1988,37.49,0.7,-1031.35,-10.05
1991,35.43,0.7,-1026.43,-10.13
1992,72.37,0.7,-1115.39,-10.18
1993,46.08,0.7,-1057.42,-10.47
1994,33.37,0.7,-262.39,1.32
1999,36.19,0.7,-1026.12,-10.08
2000,40.87,0.7,-1042.42,-10.17
2001,39.15,0.7,-1040.37,-10.08
2004,74.79,0.7,-1118.62,-11.09
2005,36.48,0.7,-1031.71,-10.04
2006,37.67,0.7,-1030.59,-10.04
2007,53.2,0.7,-1072.63,-10.08
2008,43.74,0.7,-1049.55,-10.0
2009,49.26,0.7,-1062.53,-10.33
2010,46.89,0.7,-1061.17,-10.66
2012,36.35,0.7,-1028.28,-10.16
2014,64.28,0.7,-1100.04,-10.01
2020,48.44,0.7,-1062.02,-10.22
2022,53.43,0.7,-1074.78,-10.72
2023,53.61,0.7,-1073.83,-10.73
2024,38.06,0.7,-1038.0,-10.33
2025,41.61,0.7,-1045.08,-10.23
2027,44.64,0.7,-1052.76,-10.52
2029,38.07,0.7,-1032.54,-10.19
2031,42.95,0.7,-1051.78,-10.5
2032,41.8,0.7,-1048.17,-10.23
2033,43.26,0.7,-1048.26,-10.24
2034,57.81,0.7,-1085.23,-10.05
2035,37.6,0.7,-1035.37,-10.0
2036,42.58,0.7,-1046.49,-10.13
2039,44.36,0.7,-1053.4,-10.31
2040,37.86,0.7,-1036.01,-10.26
2044,37.94,0.7,-1033.81,-10.29
2045,39.38,0.7,-1039.19,-10.16
2046,36.23,0.7,-1029.15,-10.1
2047,40.27,0.7,-1045.53,-10.32
2048,43.54,0.7,-1052.69,-10.39
2051,49.2,0.7,-1066.53,-10.43
2052,40.14,0.7,-1041.42,-10.18
2053,41.81,0.7,-1047.83,-10.2
2054,34.77,0.7,-1019.94,-5.85
2055,41.38,0.7,-1046.83,-10.19
2056,48.61,0.7,-1064.59,-10.41
2057,52.94,0.7,-1075.97,-10.53
2058,37.28,0.7,-1033.94,-10.22
2059,40.45,0.7,-1043.9,-10.1
2060,43.72,0.7,-1056.32,-10.21
2061,48.51,0.7,-1062.34,-10.04
2062,48.42,0.7,-1064.14,-10.31
2063,54.22,0.7,-1078.96,-10.1
2064,38.01,0.7,-1036.62,-10.34
2068,35.75,0.7,-1026.08,-10.1
2071,38.04,0.7,-1036.44,-10.15
2072,49.53,0.7,-1068.6,-10.52
2075,60.96,0.7,-1093.04,-10.68
2076,54.77,0.7,-1078.96,-10.79
2079,45.24,0.7,-1059.68,-10.58
2080,35.83,0.7,-1022.82,-9.52
2081,55.23,0.7,-1079.08,-10.47
2082,43.42,0.7,-1052.09,-10.16
2083,45.6,0.7,-1058.44,-10.23
2084,47.52,0.7,-1060.92,-10.24
2085,33.61,0.7,-1021.88,-8.39
2086,35.22,0.7,-1030.35,-10.0
2087,51.92,0.7,-1071.83,-10.59
2088,44.95,0.7,-1056.43,-10.08
2090,34.12,0.7,-1024.81,-10.1
2092,44.55,0.7,-1055.54,-10.63
2094,43.4,0.7,-1052.75,-10.1
2095,46.69,0.7,-1061.39,-10.63
2097,45.33,0.7,-1058.8,-10.36
2099,50.16,0.7,-1068.92,-10.5
2101,43.7,0.7,-1055.34,-10.3
2102,47.15,0.7,-1061.83,-10.66
2103,32.33,0.7,-1014.09,-1.04
2106,47.34,0.7,-1063.57,-10.49
2107,35.62,0.7,-1032.46,-10.12
2109,37.44,0.7,-1035.32,-10.09
2110,44.81,0.7,-1058.5,-10.56
2111,32.58,0.7,-1021.18,-8.92
2112,35.98,0.7,-1033.39,-10.06
2113,44.73,0.7,-1057.42,-10.26
2115,47.65,0.7,-1064.46,-10.25
2118,41.6,0.7,-1049.28,-10.38
2119,47.03,0.7,-1064.21,-10.49
2120,41.66,0.7,-1050.12,-10.55
2121,34.84,0.7,-1032.04,-10.1
2122,46.72,0.7,-1059.0,-10.13
2124,41.86,0.7,-1050.03,-10.35
2125,48.45,0.7,-1067.27,-10.6
2126,34.67,0.7,-1030.98,-10.18
2127,46.24,0.7,-1059.5,-10.0
2129,41.56,0.7,-1049.75,-10.55
2130,49.48,0.7,-1068.44,-10.73
2131,37.09,0.7,-1035.2,-10.17
2132,48.04,0.7,-1064.67,-10.61
2133,47.27,0.7,-1063.77,-10.35
2135,42.11,0.7,-1052.27,-10.27
2136,44.74,0.7,-1059.81,-10.19
2137,38.54,0.7,-1043.51,-10.34
2138,40.64,0.7,-1049.72,-10.29
2139,44.2,0.7,-1057.56,-10.47
2140,33.66,0.7,-1023.56,-10.03
2142,43.26,0.7,-1053.17,-10.04
2143,41.44,0.7,-1049.39,-10.42
2144,42.62,0.7,-1052.77,-10.47
2145,40.83,0.7,-1048.79,-10.46
2146,31.94,0.7,-1023.92,-10.02
2147,40.72,0.7,-1048.32,-10.05
2148,45.73,0.7,-1062.21,-10.67
2150,42.57,0.7,-1052.8,-10.05
2151,33.66,0.7,-1023.08,-10.04
2152,44.71,0.7,-1059.18,-10.54
2153,48.4,0.7,-1066.42,-10.59
2155,48.49,0.7,-1067.91,-10.48
2156,36.47,0.7,-1035.57,-10.17
2157,35.33,0.7,-1033.7,-10.1
2158,45.51,0.7,-1058.58,-10.49
2161,39.73,0.7,-1041.84,-10.11
2163,31.58,0.7,-1016.2,-4.68
2164,37.56,0.7,-1039.08,-10.23
2165,48.18,0.7,-1068.2,-10.78
2166,49.54,0.7,-1069.36,-10.1
2167,44.77,0.7,-1058.85,-10.46
2168,52.84,0.7,-1077.81,-10.52
2171,38.03,0.7,-1041.13,-10.05
2173,40.34,0.7,-1045.31,-10.41
2174,51.81,0.7,-1075.58,-10.76
2175,41.83,0.7,-1052.14,-10.44
2178,46.29,0.7,-1060.7,-10.71
2179,33.6,0.7,-1028.69,-10.13
2180,70.13,0.7,-1111.9,-10.94
2182,44.46,0.7,-1058.4,-10.51
2183,43.33,0.7,-1053.01,-10.59
2184,49.95,0.7,-1071.41,-10.69
2186,46.58,0.7,-1064.07,-10.44
2188,32.83,0.7,-1025.99,-10.14
2191,41.06,0.7,-1049.97,-10.25
2192,42.98,0.7,-1054.62,-10.32
2193,44.13,0.7,-1058.54,-10.52
2194,54.93,0.7,-1083.2,-10.96
2195,52.45,0.7,-1075.31,-10.62
2196,36.71,0.7,-1039.13,-10.39
2197,35.3,0.7,-1032.44,-10.22
2198,39.4,0.7,-1046.28,-10.51
2199,40.37,0.7,-1048.02,-10.05
2200,30.32,0.7,-282.53,1.21
2201,44.2,0.7,-1055.66,-10.52
2202,45.94,0.7,-1063.4,-10.48
2203,40.52,0.7,-1048.12,-10.11
2205,50.11,0.7,-1072.87,-10.21
2206,34.27,0.7,-1033.22,-10.14
2207,45.08,0.7,-1060.41,-10.36
2208,37.97,0.7,-1040.6,-10.4
2209,48.51,0.7,-1068.69,-10.49
2210,39.01,0.7,-1046.57,-10.38
2212,49.36,0.7,-1071.12,-10.12
2213,60.31,0.7,-1092.89,-10.44
2215,51.33,0.7,-1076.24,-10.36
2216,46.95,0.7,-1064.26,-10.17
2217,48.73,0.7,-1069.69,-10.59
2218,31.98,0.7,-1025.06,-10.08
2219,51.89,0.7,-1075.05,-10.72
2220,30.71,0.7,-1016.62,-4.01
2221,43.51,0.7,-1057.6,-10.57
2222,33.65,0.7,-1029.14,-10.22
2223,38.55,0.7,-1045.77,-10.28
2224,36.13,0.7,-1038.72,-10.29
2226,37.94,0.7,-1040.08,-10.1
2227,52.35,0.7,-1077.77,-10.0
2228,36.07,0.7,-1039.42,-10.02
2229,37.56,0.7,-1042.89,-10.06
2230,31.65,0.7,-1021.42,-10.01
2231,40.56,0.7,-1050.85,-10.54
2232,38.03,0.7,-1042.23,-10.11
2233,53.57,0.7,-1079.91,-10.26
2234,29.75,0.7,-1012.23,-1.31
2235,29.23,0.7,-1011.82,-0.22
2236,30.74,0.7,-1018.89,-7.46
2238,56.52,0.7,-1087.82,-10.25
2240,45.9,0.7,-1063.75,-10.08
2241,66.62,0.7,-1106.45,-10.36
2242,36.13,0.7,-1038.91,-10.18
2243,30.85,0.7,-1019.27,-9.51
2244,37.09,0.7,-1041.71,-10.22
2245,46.63,0.7,-1065.67,-10.28
2246,35.84,0.7,-1040.26,-10.08
2247,41.17,0.7,-1051.44,-10.42
2249,44.41,0.7,-1060.59,-10.51
2251,39.92,0.7,-1049.7,-10.05
2254,46.88,0.7,-1067.29,-10.33
2256,41.92,0.7,-1053.45,-10.08
2258,53.6,0.7,-1080.64,-10.28
2259,46.95,0.7,-1066.11,-10.61
2260,33.47,0.7,-1029.1,-10.21
2261,44.32,0.7,-1060.99,-10.58
2262,36.8,0.7,-1041.18,-10.26
2266,44.45,0.7,-1059.93,-10.5
2267,37.32,0.7,-1042.83,-10.29
2268,31.4,0.7,-1023.21,-10.05
2269,38.16,0.7,-1045.53,-10.14
2271,44.93,0.7,-1063.33,-10.72
2272,30.72,0.7,-1024.63,-10.09
2273,34.6,0.7,-1036.87,-10.04
2274,38.65,0.7,-1045.95,-10.31
2275,34.99,0.7,-1037.29,-10.25
2276,40.79,0.7,-1053.5,-10.29
2278,67.26,0.7,-1108.18,-10.88
2279,47.54,0.7,-1068.52,-10.2
2280,39.14,0.7,-1046.95,-10.04
2281,62.46,0.7,-1100.14,-10.32
2282,32.85,0.7,-1032.04,-10.01
2283,30.63,0.7,-1025.05,-10.16
2284,31.63,0.7,-1028.01,-10.21
2285,47.99,0.7,-1068.44,-10.47
2286,34.02,0.7,-1031.75,-10.01
2287,30.6,0.7,-1019.49,-9.72
2288,28.77,0.7,-1014.26,-3.02
2289,34.66,0.7,-1036.23,-10.24
2290,31.29,0.7,-1027.47,-10.23
2291,48.71,0.7,-1070.95,-10.46
2292,42.51,0.7,-1057.26,-10.05
2293,41.76,0.7,-1056.18,-10.65
2294,37.65,0.7,-1047.43,-10.23
2295,50.61,0.7,-1075.0,-10.3
2296,40.52,0.7,-1051.49,-10.18
2298,42.94,0.7,-1058.75,-10.04
2300,40.02,0.7,-1050.58,-10.46
2301,38.73,0.7,-1046.51,-10.3
2302,38.72,0.7,-1047.81,-10.28
2304,33.07,0.7,-1032.28,-10.09
2305,41.85,0.7,-1056.82,-10.54
2306,29.39,0.7,-1019.56,-9.91
2307,45.13,0.7,-1063.91,-10.1
2308,36.25,0.7,-1043.53,-10.06
2309,36.17,0.7,-1044.28,-10.06
2310,34.75,0.7,-1038.37,-10.16
2311,39.79,0.7,-1050.19,-10.05
2312,35.85,0.7,-1038.61,-10.07
2314,43.41,0.7,-1061.38,-10.2
2315,37.33,0.7,-1044.13,-10.12
2316,46.71,0.7,-1065.81,-10.71
2317,38.84,0.7,-1048.69,-10.26
2318,38.36,0.7,-1047.18,-10.44
2319,40.75,0.7,-1054.37,-10.53
2320,35.24,0.7,-1038.52,-10.26
2321,43.74,0.7,-1059.35,-10.11
2322,46.64,0.7,-1068.12,-10.0
2324,46.4,0.7,-1067.23,-10.49
2325,40.81,0.7,-1055.2,-10.3
2326,39.29,0.7,-1048.48,-10.4
2327,49.39,0.7,-1073.15,-10.86
2330,28.24,0.7,-1018.11,-7.91
2331,29.01,0.7,-1017.49,-6.68
2332,50.45,0.7,-1076.41,-10.42
2333,49.41,0.7,-1074.16,-10.37
2334,68.09,0.7,-1110.76,-10.8
2335,67.66,0.7,-1109.67,-11.17
2336,45.13,0.7,-1064.01,-10.43
2337,47.77,0.7,-1070.21,-10.46
2338,49.93,0.7,-1075.42,-10.22
2340,30.65,0.7,-1024.89,-10.2
2341,29.76,0.7,-1023.99,-10.06
2342,28.17,0.7,-86.79,3.05
2343,59.6,0.7,-1095.23,-10.48
2344,63.31,0.7,-1102.53,-10.08
2345,44.01,0.7,-1063.5,-10.7
2346,52.79,0.7,-1082.23,-10.26
2347,48.53,0.7,-1072.93,-10.07
2348,27.59,0.7,-361.81,0.82
2349,41.94,0.7,-1056.84,-10.08
2350,35.69,0.7,-1040.14,-10.26
2353,54.86,0.7,-1085.88,-10.32
2354,36.74,0.7,-1043.98,-10.07
2355,44.88,0.7,-1064.99,-10.43
2356,42.78,0.7,-1061.71,-10.03
2357,35.18,0.7,-1041.38,-10.4
2358,41.93,0.7,-1055.89,-10.02
2359,40.65,0.7,-1055.26,-10.57
2360,28.6,0.7,-1019.36,-9.83
2361,60.34,0.7,-1097.54,-10.43
2363,49.49,0.7,-1074.18,-10.04
2364,44.79,0.7,-1065.36,-10.76
2365,39.27,0.7,-1050.66,-10.34
2366,35.98,0.7,-1043.03,-10.07
2367,50.58,0.7,-1076.98,-10.07
2369,27.8,0.7,-1014.15,-3.01
2371,35.72,0.7,-1042.62,-10.11
2372,53.17,0.7,-1082.55,-10.39
2373,32.44,0.7,-1035.56,-10.03
2375,47.09,0.7,-1069.55,-10.05
2376,56.98,0.7,-1089.23,-10.77
2378,43.42,0.7,-1061.97,-10.22
2379,31.45,0.7,-1030.75,-10.17
2380,49.28,0.7,-1073.86,-10.25
2381,51.0,0.7,-1078.35,-10.85
2382,35.08,0.7,-1042.28,-10.38
2383,38.28,0.7,-1050.45,-10.1
2384,50.85,0.7,-1078.93,-10.91
2385,52.07,0.7,-1079.48,-10.78
2386,27.42,0.7,-1018.2,-10.03
2387,29.14,0.7,-1023.97,-10.13
2388,39.06,0.7,-1051.25,-10.27
2389,50.14,0.7,-1075.63,-10.88
2390,43.09,0.7,-1061.84,-10.29
2392,29.13,0.7,-1019.52,-10.03
2393,52.62,0.7,-1080.82,-10.79
2395,54.1,0.7,-1085.87,-10.95
2396,33.2,0.7,-1036.09,-10.12
2398,29.76,0.7,-1027.06,-10.21
2399,42.22,0.7,-1060.1,-10.06
2400,35.95,0.7,-1042.56,-10.36
2401,42.26,0.7,-1059.3,-10.49
2402,39.92,0.7,-1056.06,-10.06
2403,27.07,0.7,-1015.11,-4.55
2404,49.89,0.7,-1076.07,-10.01
2405,44.98,0.7,-1065.78,-10.16
2407,46.59,0.7,-1068.89,-10.37
2408,37.7,0.7,-1049.9,-10.22
2409,58.62,0.7,-1093.26,-10.75
2410,41.79,0.7,-1059.21,-10.56
2411,26.58,0.7,-1014.86,-4.99
2412,58.16,0.7,-1094.14,-10.16
2414,31.39,0.7,-1034.61,-10.15
2415,31.79,0.7,-1033.72,-10.0
2416,48.89,0.7,-1074.82,-10.6
2417,50.31,0.7,-1077.44,-10.46
2418,43.12,0.7,-1061.6,-10.11
2420,34.76,0.7,-1043.68,-10.3
2421,41.9,0.7,-1060.27,-10.55
2422,59.67,0.7,-1096.91,-10.36
2423,41.63,0.7,-1058.56,-10.59
2424,34.55,0.7,-1041.6,-10.0
2425,42.16,0.7,-1059.69,-10.66
2426,44.48,0.7,-1064.81,-10.01
2427,36.1,0.7,-1045.69,-10.2
2428,29.09,0.7,-1025.63,-10.04
2429,40.44,0.7,-1057.37,-10.4
2430,40.41,0.7,-1056.29,-10.42
2431,28.87,0.7,-1027.29,-10.05
2432,44.26,0.7,-1064.41,-10.61
2433,40.26,0.7,-1057.38,-10.41
2434,50.15,0.7,-1076.45,-10.68
2435,28.95,0.7,-1026.98,-10.0
2436,35.41,0.7,-1045.85,-10.52
2437,37.65,0.7,-1050.94,-10.43
2438,45.36,0.7,-1067.86,-10.19
2439,41.38,0.7,-1059.34,-10.34
2440,44.67,0.7,-1066.01,-10.45
2441,27.2,0.7,-1021.56,-10.06
2442,37.44,0.7,-1049.73,-10.36
2443,45.45,0.7,-1067.43,-10.23
2444,39.02,0.7,-1051.63,-10.4
2445,43.06,0.7,-1062.93,-10.46
2446,35.9,0.7,-1047.58,-10.03
2447,48.16,0.7,-1074.28,-10.72
2448,36.79,0.7,-1046.62,-10.51
2449,37.32,0.7,-1049.45,-10.28
2450,59.87,0.7,-1097.21,-10.73
2451,54.11,0.7,-1086.61,-10.38
2452,25.78,0.7,-162.83,2.07
2453,36.13,0.7,-1048.67,-10.15
2454,36.33,0.7,-1047.36,-10.53
2455,35.69,0.7,-1046.72,-10.47
2456,46.86,0.7,-1070.33,-10.2
2457,38.09,0.7,-1051.48,-10.16
2459,56.28,0.7,-1091.32,-10.15
2460,40.07,0.7,-1057.15,-10.33
2461,28.08,0.7,-1023.86,-10.07
2462,45.03,0.7,-1068.13,-10.76
2463,27.26,0.7,-1020.73,-10.03
2464,50.31,0.7,-1078.85,-10.33
2466,30.97,0.7,-1034.4,-10.36
2467,37.84,0.7,-1051.73,-10.25
2468,27.86,0.7,-1023.18,-10.1
2471,55.87,0.7,-1089.82,-10.67
2472,31.36,0.7,-1035.13,-10.14
2473,34.02,0.7,-1043.02,-10.38
2474,37.17,0.7,-1049.62,-10.1
2475,43.84,0.7,-1065.24,-10.33
2476,35.46,0.7,-1047.43,-10.39
2477,38.64,0.7,-1054.16,-10.32
2478,34.6,0.7,-1046.32,-10.19
2479,35.72,0.7,-1047.19,-10.15
2480,47.89,0.7,-1073.49,-10.58
2481,32.68,0.7,-1040.06,-10.29
2482,36.7,0.7,-1048.93,-10.41
2483,43.58,0.7,-1065.23,-10.02
2485,47.27,0.7,-1072.55,-10.87
2486,52.07,0.7,-1082.63,-10.51
2487,50.44,0.7,-1078.72,-10.55
2488,54.88,0.7,-1088.2,-10.04
2489,45.39,0.7,-1068.7,-10.32
2490,39.3,0.7,-1056.21,-10.36
2491,27.99,0.7,-1027.46,-10.26
2492,48.02,0.7,-1073.97,-10.86
2493,24.51,0.7,-1014.64,-6.32
2494,26.27,0.7,-1020.3,-10.09
2495,42.13,0.7,-1062.58,-10.68
2496,39.03,0.7,-1055.79,-10.39
2497,47.09,0.7,-1071.37,-10.06
2498,72.87,0.7,-1121.64,-10.77
2499,41.96,0.7,-1061.57,-10.2
2500,25.98,0.7,-1018.35,-10.06
2501,25.4,0.7,-1018.2,-10.06
2502,29.7,0.7,-1031.11,-10.03
2503,38.04,0.7,-1053.63,-10.07
2504,49.84,0.7,-1078.6,-10.7
2505,39.69,0.7,-1056.19,-10.08
2506,26.67,0.7,-1023.17,-10.19
2507,39.13,0.7,-1055.78,-10.66
2508,34.4,0.7,-1045.72,-10.49
2509,47.85,0.7,-1074.22,-10.6
2510,32.83,0.7,-1040.7,-10.44
2511,35.25,0.7,-1046.36,-10.14
2512,41.75,0.7,-1061.38,-10.54
2513,34.82,0.7,-1047.31,-10.48
2514,27.83,0.7,-1027.57,-10.24
2515,37.89,0.7,-1054.43,-10.2
2516,48.27,0.7,-1074.48,-10.27
2517,40.34,0.7,-1058.18,-10.39
2518,29.83,0.7,-1033.63,-10.23
2519,41.45,0.7,-1061.77,-10.47
2520,44.59,0.7,-1067.78,-10.13
2521,46.5,0.7,-1071.37,-10.26
2522,37.96,0.7,-1053.52,-10.55
2523,41.34,0.7,-1060.61,-10.56
2524,55.46,0.7,-1089.24,-10.59
2525,27.77,0.7,-1029.09,-10.09
2526,40.09,0.7,-1058.03,-10.67
2527,39.29,0.7,-1056.84,-10.23
2528,36.08,0.7,-1049.51,-10.06
2529,47.6,0.7,-1074.84,-10.26
2530,43.92,0.7,-1066.86,-10.05
2531,33.52,0.7,-1044.33,-10.27
2532,27.15,0.7,-1026.59,-10.24
2533,33.08,0.7,-1042.34,-10.26
2534,29.17,0.7,-1032.23,-10.08
2535,39.3,0.7,-1056.72,-10.18
2536,34.14,0.7,-1043.96,-10.33
2537,56.78,0.7,-1092.75,-10.37
2538,36.9,0.7,-1051.96,-10.54
2539,34.87,0.7,-1048.66,-10.52
2540,45.79,0.7,-1071.62,-10.33
2541,31.86,0.7,-1041.82,-10.38
2542,30.5,0.7,-1036.23,-10.14
2543,58.6,0.7,-1096.98,-10.97
2545,47.36,0.7,-1074.62,-10.02
2546,40.82,0.7,-1061.44,-10.23
2547,44.99,0.7,-1069.16,-10.65
2548,33.44,0.7,-1044.88,-10.27
2549,35.89,0.7,-1049.72,-10.12
2551,46.85,0.7,-1073.99,-10.54
2552,34.69,0.7,-1048.1,-10.31
2553,46.85,0.7,-1073.39,-10.18
2554,44.69,0.7,-1069.1,-10.63
2555,52.67,0.7,-1084.56,-10.5
2556,49.94,0.7,-1079.94,-10.95
2558,35.94,0.7,-1050.54,-10.08
2559,47.03,0.7,-1074.6,-10.86
2560,36.47,0.7,-1052.4,-10.56
2561,54.39,0.7,-1088.87,-10.15
2562,39.0,0.7,-1058.47,-10.39
2563,26.01,0.7,-1025.08,-10.01
2564,30.47,0.7,-1038.46,-10.27
2565,22.72,0.7,-1013.23,-6.36
2566,41.86,0.7,-1063.93,-10.33
2567,30.7,0.7,-1037.95,-10.05
2568,34.02,0.7,-1046.06,-10.42
2569,42.71,0.7,-1065.73,-10.5
2570,30.27,0.7,-1036.72,-10.25
2571,46.97,0.7,-1074.34,-10.14
2572,22.8,0.7,-1009.77,-0.95
2573,53.98,0.7,-1087.81,-11.03
2574,57.24,0.7,-1094.85,-11.01
2575,38.76,0.7,-1056.38,-10.26
2576,27.57,0.7,-1031.14,-10.18
2577,31.97,0.7,-1040.74,-10.24
2578,36.61,0.7,-1053.42,-10.58
2579,28.3,0.7,-1031.96,-10.01
2580,33.2,0.7,-1045.17,-10.28
2581,48.61,0.7,-1078.17,-10.19
2582,35.23,0.7,-1049.02,-10.09
2583,31.6,0.7,-1040.06,-10.2
2584,29.6,0.7,-1035.62,-10.09
2585,34.06,0.7,-1047.08,-10.1
2586,40.31,0.7,-1061.56,-10.57
2587,24.2,0.7,-1023.67,-10.06
2588,43.17,0.7,-1067.04,-10.5
2589,37.22,0.7,-1054.73,-10.31
2590,69.0,0.7,-1116.85,-11.01
2591,41.95,0.7,-1064.58,-10.75
2592,44.85,0.7,-1070.7,-10.31
2593,23.74,0.7,-1020.87,-10.06
2594,31.8,0.7,-1041.59,-10.09
2595,46.39,0.7,-1073.6,-10.85
2596,42.26,0.7,-1065.69,-10.52
2597,40.53,0.7,-1060.96,-10.55
2598,30.71,0.7,-1039.24,-10.01
2599,43.13,0.7,-1066.08,-10.56
2601,36.53,0.7,-1053.74,-10.61
2602,48.16,0.7,-1077.13,-10.82
2603,32.1,0.7,-1042.26,-10.17
2604,60.64,0.7,-1102.16,-10.18
2605,55.75,0.7,-1092.77,-10.83
2606,45.49,0.7,-1071.12,-10.69
2607,46.42,0.7,-1073.98,-10.35
2608,42.88,0.7,-1066.22,-10.7
2609,34.88,0.7,-1050.34,-10.15
2610,34.12,0.7,-1048.06,-10.22
2611,34.13,0.7,-1047.84,-10.23
2612,50.28,0.7,-1081.87,-10.45
2613,44.56,0.7,-1070.26,-10.61
2614,33.3,0.7,-1046.66,-10.48
2615,31.77,0.7,-1043.19,-10.13
2616,58.98,0.7,-1097.61,-10.5
2617,22.14,0.7,-1015.3,-10.01
2618,44.52,0.7,-1069.71,-10.19
2619,28.49,0.7,-1036.24,-10.35
2621,21.9,0.7,-1013.98,-10.01
2622,27.29,0.7,-1032.52,-10.08
2623,39.33,0.7,-1059.74,-10.38
2624,32.17,0.7,-1044.63,-10.26
2625,42.41,0.7,-1065.75,-10.43
2626,39.14,0.7,-1060.11,-10.47
2627,42.82,0.7,-1066.97,-10.67
2628,33.22,0.7,-1046.69,-10.21
2629,29.0,0.7,-1036.57,-10.4
2630,43.04,0.7,-1067.77,-10.26
2631,66.85,0.7,-1113.92,-10.77
2632,36.15,0.7,-1053.13,-10.37
2633,53.98,0.7,-1088.59,-10.67
2635,23.23,0.7,-1022.09,-10.2
2636,40.6,0.7,-1062.82,-10.14
2637,35.13,0.7,-1051.45,-10.37
2638,27.36,0.7,-1033.59,-10.05
2639,29.16,0.7,-1037.07,-10.33
2640,28.39,0.7,-1035.85,-10.4
2642,32.67,0.7,-1046.68,-10.26
2643,33.6,0.7,-1048.44,-10.36
2644,37.87,0.7,-1057.82,-10.13
2645,25.98,0.7,-1029.13,-10.26
2646,47.35,0.7,-1076.71,-10.32
2647,32.89,0.7,-1046.47,-10.31
2648,45.15,0.7,-1072.5,-10.16
2649,29.94,0.7,-1040.04,-10.25
2650,20.95,0.7,-1012.66,-7.16
2651,37.59,0.7,-1056.99,-10.26
2652,31.36,0.7,-1043.2,-10.11
2653,43.84,0.7,-1070.15,-10.08
2654,37.2,0.7,-1056.06,-10.61
2655,64.8,0.7,-1110.35,-11.21
2656,38.13,0.7,-1058.75,-10.63
2657,31.98,0.7,-1045.03,-10.49
2658,44.8,0.7,-1071.88,-10.24
2660,49.65,0.7,-1080.89,-10.84
2661,37.2,0.7,-1056.97,-10.08
2662,50.22,0.7,-1082.54,-10.98
2663,44.02,0.7,-1070.36,-10.54
2664,34.56,0.7,-1051.58,-10.22
2665,37.86,0.7,-1057.81,-10.52
2666,47.82,0.7,-1077.66,-10.22
2667,41.83,0.7,-1065.67,-10.04
2668,31.0,0.7,-1042.48,-10.05
2670,29.93,0.7,-1040.92,-10.28
2671,53.44,0.7,-1089.1,-10.08
2672,35.6,0.7,-1054.24,-10.26
2673,36.57,0.7,-1054.95,-10.31
2674,29.12,0.7,-1039.66,-10.26
2675,29.29,0.7,-1039.48,-10.13
2676,28.65,0.7,-1037.95,-10.41
2677,35.82,0.7,-1054.98,-10.02
2678,24.44,0.7,-1028.98,-10.15
2679,40.61,0.7,-1064.17,-10.69
2680,34.83,0.7,-1051.84,-10.62
2681,47.33,0.7,-1076.96,-10.07
2682,26.2,0.7,-1032.87,-10.18
2683,43.04,0.7,-1069.05,-10.24
2684,55.62,0.7,-1093.18,-10.15
2685,37.69,0.7,-1058.09,-10.0
2686,18.85,0.7,-395.47,0.68
2687,45.3,0.7,-1073.24,-10.86
2688,31.08,0.7,-1044.6,-10.38
2689,41.92,0.7,-1067.14,-10.27
2690,46.21,0.7,-1074.8,-10.8
2691,37.83,0.7,-1058.33,-10.43
2692,31.49,0.7,-1045.46,-10.2
2693,41.25,0.7,-1065.52,-10.04
2694,50.22,0.7,-1083.24,-10.03
2695,35.91,0.7,-1054.91,-10.28
2696,42.04,0.7,-1067.4,-10.39
2697,47.87,0.7,-1079.16,-10.04
2698,49.88,0.7,-1082.23,-10.38
2699,37.97,0.7,-1059.11,-10.26
2700,36.95,0.7,-1056.93,-10.63
2701,45.45,0.7,-1073.89,-10.16
2702,38.88,0.7,-1061.38,-10.39
2703,38.69,0.7,-1061.71,-10.65
2704,35.66,0.7,-1054.58,-10.41
2705,30.09,0.7,-1043.4,-10.03
2706,39.86,0.7,-1063.19,-10.44
2707,33.38,0.7,-1049.66,-10.09
2708,37.03,0.7,-1056.91,-10.23
2709,35.6,0.7,-1054.76,-10.5
2710,34.12,0.7,-1051.34,-10.49
2711,43.64,0.7,-1070.59,-10.82
2712,27.33,0.7,-1036.32,-10.28
2713,31.22,0.7,-1045.09,-10.0
2714,29.91,0.7,-1043.56,-10.03
2715,52.33,0.7,-1087.14,-10.98
2716,29.48,0.7,-1042.36,-10.37
2717,33.43,0.7,-1050.59,-10.56
2718,29.58,0.7,-1041.86,-10.19
2719,49.07,0.7,-1081.98,-10.16
2720,32.0,0.7,-1047.9,-10.31
2721,47.71,0.7,-1078.82,-10.06
2722,47.09,0.7,-1078.4,-10.74
2723,36.84,0.7,-1057.45,-10.15
2724,43.42,0.7,-1070.77,-10.7
2725,34.81,0.7,-1053.5,-10.15
2726,43.42,0.7,-1070.83,-10.01
2727,40.44,0.7,-1064.97,-10.56
2728,32.6,0.7,-1049.15,-10.11
2729,35.7,0.7,-1055.6,-10.17
2730,42.11,0.7,-1068.64,-10.02
2731,47.85,0.7,-1079.59,-10.24
2732,45.44,0.7,-1074.97,-10.32
2733,45.52,0.7,-1074.98,-10.19
2734,40.81,0.7,-1065.42,-10.36
2735,31.47,0.7,-1047.13,-10.02
2736,40.12,0.7,-1064.77,-10.5
2737,42.51,0.7,-1068.94,-10.51
2738,41.18,0.7,-1067.06,-10.02
2739,33.36,0.7,-1051.01,-10.29
2740,22.3,0.7,-1025.71,-10.27
2741,55.42,0.7,-1094.25,-10.33
2742,20.81,0.7,-1020.77,-10.12
2743,36.66,0.7,-1057.83,-10.16
2744,19.36,0.7,-1016.04,-10.09
2745,28.85,0.7,-1041.34,-10.02
2746,53.1,0.7,-1090.06,-10.85
2747,54.99,0.7,-1093.15,-10.85
2749,26.69,0.7,-1036.97,-10.2
2750,33.63,0.7,-1051.88,-10.6
2751,30.12,0.7,-1045.0,-10.02
2753,46.73,0.7,-1077.74,-10.8
2754,38.98,0.7,-1062.55,-10.47
2755,38.48,0.7,-1062.11,-10.71
2756,25.35,0.7,-1034.43,-10.4
2757,33.78,0.7,-1052.47,-10.32
2758,39.38,0.7,-1064.36,-10.27
2759,29.54,0.7,-1044.28,-10.38
2760,25.63,0.7,-1035.73,-10.2
2761,40.36,0.7,-1065.48,-10.76
2762,32.72,0.7,-1050.7,-10.32
2763,36.65,0.7,-1058.67,-10.22
2764,39.68,0.7,-1064.51,-10.06
2765,40.52,0.7,-1065.69,-10.45
2766,34.37,0.7,-1054.22,-10.53
2767,40.35,0.7,-1065.25,-10.23
2768,46.44,0.7,-1077.35,-10.13
2769,21.87,0.7,-1026.64,-10.2
2770,49.34,0.7,-1083.02,-10.54
2771,18.7,0.7,-1017.95,-10.16
2772,34.72,0.7,-1054.67,-10.2
2773,53.74,0.7,-1091.17,-10.14
2774,34.41,0.7,-1054.06,-10.41
2775,37.95,0.7,-1061.53,-10.51
2776,24.16,0.7,-1033.09,-10.35
2777,34.46,0.7,-1054.82,-10.44
2778,45.11,0.7,-1075.18,-10.55
2779,36.66,0.7,-1058.99,-10.16
2780,41.22,0.7,-1067.73,-10.37
2781,45.03,0.7,-1075.22,-10.34
2782,56.33,0.7,-1096.36,-10.48
2783,49.23,0.7,-1082.63,-10.26
2784,46.83,0.7,-1078.56,-10.45
2785,34.63,0.7,-1055.13,-10.2
2786,45.6,0.7,-1076.21,-10.02
2787,38.18,0.7,-1061.97,-10.65
2788,39.04,0.7,-1063.69,-10.01
2789,43.5,0.7,-1071.79,-10.48
2790,43.48,0.7,-1072.61,-10.07
2791,51.26,0.7,-1087.28,-10.8
2792,55.61,0.7,-1095.06,-10.95
2793,31.53,0.7,-1049.54,-10.27
2794,37.31,0.7,-1060.39,-10.45
2795,56.55,0.7,-1096.7,-11.17
2796,54.65,0.7,-1093.36,-10.68
2797,31.22,0.7,-1048.31,-10.55
2798,53.39,0.7,-1091.17,-10.12
2799,40.2,0.7,-1066.18,-10.49
2800,47.76,0.7,-1080.32,-10.54
2801,33.75,0.7,-1054.06,-10.21
2802,23.84,0.7,-1033.08,-10.23
2803,32.83,0.7,-1052.16,-10.15
2804,61.17,0.7,-1105.37,-10.62
2805,31.98,0.7,-1050.39,-10.21
2806,24.37,0.7,-1035.14,-10.08
2807,22.12,0.7,-1030.18,-10.15
2808,50.28,0.7,-1085.42,-11.04
2809,38.1,0.7,-1062.45,-10.36
2810,31.43,0.7,-1049.65,-10.53
2811,43.33,0.7,-1072.82,-10.69
2812,38.91,0.7,-1064.3,-10.58
2813,42.07,0.7,-1070.21,-10.18
2814,38.1,0.7,-1062.67,-10.47
2815,35.87,0.7,-1058.36,-10.12
2816,38.09,0.7,-1062.83,-10.34
2817,36.8,0.7,-1060.24,-10.67
2818,50.41,0.7,-1086.04,-10.36
2819,41.56,0.7,-1069.76,-10.5
2820,34.16,0.7,-1055.29,-10.67
2821,43.22,0.7,-1073.04,-10.65
2822,27.66,0.7,-1042.46,-10.08
2823,39.33,0.7,-1065.14,-10.05
2824,17.86,0.7,-1020.25,-10.18
2825,48.03,0.7,-1081.49,-10.61
2826,35.17,0.7,-1057.57,-10.35
2827,41.02,0.7,-1068.44,-10.5
2828,22.21,0.7,-1030.59,-10.13
2829,58.42,0.7,-1100.89,-10.63
2830,32.41,0.7,-1052.21,-10.57
2831,37.43,0.7,-1061.89,-10.56
2832,43.99,0.7,-1074.2,-10.2
2833,43.37,0.7,-1073.3,-10.76
2834,28.14,0.7,-1043.91,-10.46
2835,24.48,0.7,-1035.89,-10.21
2836,46.18,0.7,-1078.3,-10.91
2837,36.41,0.7,-1060.31,-10.0
2838,43.86,0.7,-1074.39,-10.21
2839,33.97,0.7,-1055.35,-10.54
2840,39.68,0.7,-1066.53,-10.12
2841,56.71,0.7,-1098.15,-10.5
2842,27.18,0.7,-1042.13,-10.36
2843,50.2,0.7,-1085.95,-10.12
2844,36.96,0.7,-1061.56,-10.67
2845,21.32,0.7,-1029.61,-10.35
2846,26.45,0.7,-1041.08,-10.46
2847,39.69,0.7,-1066.78,-10.43
2848,25.91,0.7,-1039.87,-10.07
2849,31.24,0.7,-1050.46,-10.59
2850,31.33,0.7,-1050.99,-10.37
2851,39.22,0.7,-1065.92,-10.64
2852,13.88,0.7,-1010.27,-10.01
2853,22.75,0.7,-1033.24,-10.38
2854,50.11,0.7,-1086.29,-10.46
2855,36.84,0.7,-1061.64,-10.67
2856,56.0,0.7,-1097.09,-11.04
2857,39.85,0.7,-1067.26,-10.73
2858,24.72,0.7,-1038.22,-10.17
2859,45.48,0.7,-1077.99,-10.85
2860,47.98,0.7,-1082.43,-10.37
2861,35.64,0.7,-1059.83,-10.24
2862,48.03,0.7,-1082.5,-10.44
2863,38.36,0.7,-1064.54,-10.2
2864,55.55,0.7,-1096.27,-10.31
2865,46.33,0.7,-1079.49,-10.82
2866,43.81,0.7,-1074.68,-10.26
2867,30.06,0.7,-1048.92,-10.51
2868,29.21,0.7,-1047.43,-10.0
2869,36.73,0.7,-1061.9,-10.61
2870,25.93,0.7,-1040.76,-10.3
2871,42.97,0.7,-1073.38,-10.57
2872,45.95,0.7,-1079.18,-10.62
2873,52.71,0.7,-1091.14,-10.96
2874,37.34,0.7,-1063.34,-10.72
2875,27.12,0.7,-1043.2,-10.45
2876,34.51,0.7,-1058.13,-10.36
2877,34.31,0.7,-1057.29,-10.66
2878,29.59,0.7,-1048.58,-10.07
2879,31.27,0.7,-1051.58,-10.38
2880,39.31,0.7,-1067.0,-10.48
2881,49.89,0.7,-1086.32,-10.4
2882,16.73,0.7,-1022.02,-10.17
2883,48.45,0.7,-1083.79,-10.04
2884,25.14,0.7,-1039.73,-10.32
2885,46.36,0.7,-1079.92,-10.7
2886,20.62,0.7,-1031.1,-10.06
2887,35.5,0.7,-1060.08,-10.21
2888,47.64,0.7,-1082.17,-10.46
2889,26.61,0.7,-1042.88,-10.22
2890,23.72,0.7,-1037.16,-10.38
2891,36.9,0.7,-1062.7,-10.26
2892,48.33,0.7,-1083.78,-10.21
2893,45.33,0.7,-1078.05,-10.8
2894,47.08,0.7,-1081.44,-10.68
2895,57.57,0.7,-1100.61,-10.29
2896,27.06,0.7,-1043.91,-10.33
2897,27.05,0.7,-1043.9,-10.37
2898,28.53,0.7,-1046.89,-10.56
2899,39.66,0.7,-1067.9,-10.13
2900,36.42,0.7,-1061.81,-10.68
2901,29.56,0.7,-1049.0,-10.28
2902,13.59,0.7,-1015.76,-10.16
2903,39.24,0.7,-1067.42,-10.01
2904,24.24,0.7,-1038.71,-10.18
2905,24.08,0.7,-1038.72,-10.44
2906,44.04,0.7,-1076.16,-10.15
2907,24.99,0.7,-1040.83,-10.19
2908,39.57,0.7,-1068.04,-10.7
2909,45.54,0.7,-1078.96,-10.53
2910,33.52,0.7,-1056.79,-10.49
2911,36.76,0.7,-1062.92,-10.53
2912,26.75,0.7,-1043.96,-10.1
2913,63.3,0.7,-1111.19,-11.06
2914,35.09,0.7,-1059.82,-10.51
2915,40.67,0.7,-1070.24,-10.85
2916,30.5,0.7,-1051.42,-10.19
2917,29.86,0.7,-1050.4,-10.19
2918,29.98,0.7,-1050.58,-10.41
2919,17.55,0.7,-1026.17,-10.29
2920,36.68,0.7,-1063.08,-10.23
2921,58.43,0.7,-1102.44,-11.17
2922,41.28,0.7,-1071.68,-10.41
2923,28.9,0.7,-1048.86,-10.49
2924,24.83,0.7,-1041.06,-10.04
2925,25.83,0.7,-1042.96,-10.1
2926,34.82,0.7,-1059.75,-10.35
2927,20.92,0.7,-1033.45,-10.23
2928,21.7,0.7,-1034.93,-10.3
2929,32.86,0.7,-1056.42,-10.37
2930,50.26,0.7,-1088.11,-10.97
2931,38.54,0.7,-1066.79,-10.64
2932,61.2,0.7,-1107.61,-11.2
2933,36.56,0.7,-1063.12,-10.35
2934,39.78,0.7,-1069.04,-10.71
2935,42.84,0.7,-1074.7,-10.08
2936,39.71,0.7,-1069.08,-10.58
2937,28.31,0.7,-1047.99,-10.49
2938,9.75,0.7,-1009.87,-10.03
2939,38.31,0.7,-1066.54,-10.54
2940,56.06,0.7,-1098.6,-10.37
2941,51.1,0.7,-1089.8,-10.9
2942,34.59,0.7,-1059.81,-10.36
2943,50.57,0.7,-1088.75,-10.4
2944,41.89,0.7,-1073.09,-10.62
2945,56.54,0.7,-1099.53,-10.01
2946,45.13,0.7,-1079.15,-10.9
2947,29.2,0.7,-1050.03,-10.32
2948,20.99,0.7,-1034.82,-10.1
2949,29.93,0.7,-1051.54,-10.34
2950,34.8,0.7,-1060.43,-10.21
2951,50.98,0.7,-1089.67,-10.91
2952,33.4,0.7,-1058.0,-10.32
2953,44.77,0.7,-1078.69,-10.08
2954,40.65,0.7,-1071.16,-10.48
2955,37.85,0.7,-1066.08,-10.11
2956,36.62,0.7,-1063.94,-10.14
2957,42.84,0.7,-1075.11,-10.01
2958,35.1,0.7,-1061.31,-10.6
2959,30.68,0.7,-1053.18,-10.66
2960,51.26,0.7,-1090.31,-10.44
2961,58.2,0.7,-1102.79,-10.36
2962,26.57,0.7,-1045.68,-10.1
2963,41.58,0.7,-1073.08,-10.2
2964,43.86,0.7,-1077.14,-10.37
2965,38.06,0.7,-1066.75,-10.69
2966,45.99,0.7,-1080.97,-10.69
2967,56.94,0.7,-1100.62,-10.37
2968,42.52,0.7,-1074.82,-10.86
2969,59.36,0.7,-1105.06,-10.33
2970,47.38,0.7,-1083.57,-10.57
2971,29.61,0.7,-1051.66,-10.08
2972,24.83,0.7,-1043.08,-10.14
2973,43.58,0.7,-1076.94,-10.01
2974,35.22,0.7,-1061.84,-10.69
2975,17.97,0.7,-1030.51,-10.09
2976,56.58,0.7,-1100.13,-11.0
2977,51.44,0.7,-1091.03,-10.54
2978,33.36,0.7,-1058.65,-10.05
2979,39.22,0.7,-1069.24,-10.44
2980,27.56,0.7,-1048.28,-10.28
2981,21.99,0.7,-1038.2,-10.09
2982,23.84,0.7,-1041.67,-10.15
2983,29.65,0.7,-1052.16,-10.5
2984,31.66,0.7,-1055.79,-10.21
2985,28.82,0.7,-1050.73,-10.62
2986,44.4,0.7,-1078.59,-10.23
2987,33.22,0.7,-1058.69,-10.39
2988,43.97,0.7,-1077.9,-10.15
2989,45.71,0.7,-1081.02,-10.7
2990,29.09,0.7,-1051.39,-10.38
2991,29.38,0.7,-1051.94,-10.33
2992,35.56,0.7,-1063.0,-10.04
2993,34.34,0.7,-1060.63,-10.27
